dataset,target_id,native_path,decoy_path
lmds,1b0n-B,data/raw/decoy_cache/decoys_r_us/lmds/dd/multiple/lmds/1b0n-B/1b0n-B.pdb,data/raw/decoy_cache/decoys_r_us/lmds/dd/multiple/lmds/1b0n-B/t0065.10006.pdb
lmds,1b0n-B,data/raw/decoy_cache/decoys_r_us/lmds/dd/multiple/lmds/1b0n-B/1b0n-B.pdb,data/raw/decoy_cache/decoys_r_us/lmds/dd/multiple/lmds/1b0n-B/t0065.10014.pdb
lmds,1b0n-B,data/raw/decoy_cache/decoys_r_us/lmds/dd/multiple/lmds/1b0n-B/1b0n-B.pdb,data/raw/decoy_cache/decoys_r_us/lmds/dd/multiple/lmds/1b0n-B/t0065.10023.pdb
lmds,1b0n-B,data/raw/decoy_cache/decoys_r_us/lmds/dd/multiple/lmds/1b0n-B/1b0n-B.pdb,data/raw/decoy_cache/decoys_r_us/lmds/dd/multiple/lmds/1b0n-B/t0065.10059.pdb
lmds,1b0n-B,data/raw/decoy_cache/decoys_r_us/lmds/dd/multiple/lmds/1b0n-B/1b0n-B.pdb,data/raw/decoy_cache/decoys_r_us/lmds/dd/multiple/lmds/1b0n-B/t0065.10067.pdb
lmds,1b0n-B,data/raw/decoy_cache/decoys_r_us/lmds/dd/multiple/lmds/1b0n-B/1b0n-B.pdb,data/raw/decoy_cache/decoys_r_us/lmds/dd/multiple/lmds/1b0n-B/t0065.10077.pdb
lmds,1b0n-B,data/raw/decoy_cache/decoys_r_us/lmds/dd/multiple/lmds/1b0n-B/1b0n-B.pdb,data/raw/decoy_cache/decoys_r_us/lmds/dd/multiple/lmds/1b0n-B/t0065.10083.pdb
lmds,1b0n-B,data/raw/decoy_cache/decoys_r_us/lmds/dd/multiple/lmds/1b0n-B/1b0n-B.pdb,data/raw/decoy_cache/decoys_r_us/lmds/dd/multiple/lmds/1b0n-B/t0065.10084.pdb
lmds,1b0n-B,data/raw/decoy_cache/decoys_r_us/lmds/dd/multiple/lmds/1b0n-B/1b0n-B.pdb,data/raw/decoy_cache/decoys_r_us/lmds/dd/multiple/lmds/1b0n-B/t0065.10093.pdb
lmds,1b0n-B,data/raw/decoy_cache/decoys_r_us/lmds/dd/multiple/lmds/1b0n-B/1b0n-B.pdb,data/raw/decoy_cache/decoys_r_us/lmds/dd/multiple/lmds/1b0n-B/t0065.10094.pdb
lmds,1b0n-B,data/raw/decoy_cache/decoys_r_us/lmds/dd/multiple/lmds/1b0n-B/1b0n-B.pdb,data/raw/decoy_cache/decoys_r_us/lmds/dd/multiple/lmds/1b0n-B/t0065.10098.pdb
lmds,1b0n-B,data/raw/decoy_cache/decoys_r_us/lmds/dd/multiple/lmds/1b0n-B/1b0n-B.pdb,data/raw/decoy_cache/decoys_r_us/lmds/dd/multiple/lmds/1b0n-B/t0065.10164.pdb
lmds,1b0n-B,data/raw/decoy_cache/decoys_r_us/lmds/dd/multiple/lmds/1b0n-B/1b0n-B.pdb,data/raw/decoy_cache/decoys_r_us/lmds/dd/multiple/lmds/1b0n-B/t0065.10190.pdb
lmds,1b0n-B,data/raw/decoy_cache/decoys_r_us/lmds/dd/multiple/lmds/1b0n-B/1b0n-B.pdb,data/raw/decoy_cache/decoys_r_us/lmds/dd/multiple/lmds/1b0n-B/t0065.10204.pdb
lmds,1b0n-B,data/raw/decoy_cache/decoys_r_us/lmds/dd/multiple/lmds/1b0n-B/1b0n-B.pdb,data/raw/decoy_cache/decoys_r_us/lmds/dd/multiple/lmds/1b0n-B/t0065.10208.pdb
lmds,1b0n-B,data/raw/decoy_cache/decoys_r_us/lmds/dd/multiple/lmds/1b0n-B/1b0n-B.pdb,data/raw/decoy_cache/decoys_r_us/lmds/dd/multiple/lmds/1b0n-B/t0065.10219.pdb
lmds,1b0n-B,data/raw/decoy_cache/decoys_r_us/lmds/dd/multiple/lmds/1b0n-B/1b0n-B.pdb,data/raw/decoy_cache/decoys_r_us/lmds/dd/multiple/lmds/1b0n-B/t0065.10242.pdb
lmds,1b0n-B,data/raw/decoy_cache/decoys_r_us/lmds/dd/multiple/lmds/1b0n-B/1b0n-B.pdb,data/raw/decoy_cache/decoys_r_us/lmds/dd/multiple/lmds/1b0n-B/t0065.10244.pdb
lmds,1b0n-B,data/raw/decoy_cache/decoys_r_us/lmds/dd/multiple/lmds/1b0n-B/1b0n-B.pdb,data/raw/decoy_cache/decoys_r_us/lmds/dd/multiple/lmds/1b0n-B/t0065.10263.pdb
lmds,1b0n-B,data/raw/decoy_cache/decoys_r_us/lmds/dd/multiple/lmds/1b0n-B/1b0n-B.pdb,data/raw/decoy_cache/decoys_r_us/lmds/dd/multiple/lmds/1b0n-B/t0065.10279.pdb
lmds,1b0n-B,data/raw/decoy_cache/decoys_r_us/lmds/dd/multiple/lmds/1b0n-B/1b0n-B.pdb,data/raw/decoy_cache/decoys_r_us/lmds/dd/multiple/lmds/1b0n-B/t0065.10292.pdb
lmds,1b0n-B,data/raw/decoy_cache/decoys_r_us/lmds/dd/multiple/lmds/1b0n-B/1b0n-B.pdb,data/raw/decoy_cache/decoys_r_us/lmds/dd/multiple/lmds/1b0n-B/t0065.10314.pdb
lmds,1b0n-B,data/raw/decoy_cache/decoys_r_us/lmds/dd/multiple/lmds/1b0n-B/1b0n-B.pdb,data/raw/decoy_cache/decoys_r_us/lmds/dd/multiple/lmds/1b0n-B/t0065.10315.pdb
lmds,1b0n-B,data/raw/decoy_cache/decoys_r_us/lmds/dd/multiple/lmds/1b0n-B/1b0n-B.pdb,data/raw/decoy_cache/decoys_r_us/lmds/dd/multiple/lmds/1b0n-B/t0065.10318.pdb
lmds,1b0n-B,data/raw/decoy_cache/decoys_r_us/lmds/dd/multiple/lmds/1b0n-B/1b0n-B.pdb,data/raw/decoy_cache/decoys_r_us/lmds/dd/multiple/lmds/1b0n-B/t0065.10320.pdb
lmds,1b0n-B,data/raw/decoy_cache/decoys_r_us/lmds/dd/multiple/lmds/1b0n-B/1b0n-B.pdb,data/raw/decoy_cache/decoys_r_us/lmds/dd/multiple/lmds/1b0n-B/t0065.10321.pdb
lmds,1b0n-B,data/raw/decoy_cache/decoys_r_us/lmds/dd/multiple/lmds/1b0n-B/1b0n-B.pdb,data/raw/decoy_cache/decoys_r_us/lmds/dd/multiple/lmds/1b0n-B/t0065.10334.pdb
lmds,1b0n-B,data/raw/decoy_cache/decoys_r_us/lmds/dd/multiple/lmds/1b0n-B/1b0n-B.pdb,data/raw/decoy_cache/decoys_r_us/lmds/dd/multiple/lmds/1b0n-B/t0065.10373.pdb
lmds,1b0n-B,data/raw/decoy_cache/decoys_r_us/lmds/dd/multiple/lmds/1b0n-B/1b0n-B.pdb,data/raw/decoy_cache/decoys_r_us/lmds/dd/multiple/lmds/1b0n-B/t0065.10408.pdb
lmds,1b0n-B,data/raw/decoy_cache/decoys_r_us/lmds/dd/multiple/lmds/1b0n-B/1b0n-B.pdb,data/raw/decoy_cache/decoys_r_us/lmds/dd/multiple/lmds/1b0n-B/t0065.10413.pdb
lmds,1b0n-B,data/raw/decoy_cache/decoys_r_us/lmds/dd/multiple/lmds/1b0n-B/1b0n-B.pdb,data/raw/decoy_cache/decoys_r_us/lmds/dd/multiple/lmds/1b0n-B/t0065.10417.pdb
lmds,1b0n-B,data/raw/decoy_cache/decoys_r_us/lmds/dd/multiple/lmds/1b0n-B/1b0n-B.pdb,data/raw/decoy_cache/decoys_r_us/lmds/dd/multiple/lmds/1b0n-B/t0065.10422.pdb
lmds,1b0n-B,data/raw/decoy_cache/decoys_r_us/lmds/dd/multiple/lmds/1b0n-B/1b0n-B.pdb,data/raw/decoy_cache/decoys_r_us/lmds/dd/multiple/lmds/1b0n-B/t0065.10515.pdb
lmds,1b0n-B,data/raw/decoy_cache/decoys_r_us/lmds/dd/multiple/lmds/1b0n-B/1b0n-B.pdb,data/raw/decoy_cache/decoys_r_us/lmds/dd/multiple/lmds/1b0n-B/t0065.10524.pdb
lmds,1b0n-B,data/raw/decoy_cache/decoys_r_us/lmds/dd/multiple/lmds/1b0n-B/1b0n-B.pdb,data/raw/decoy_cache/decoys_r_us/lmds/dd/multiple/lmds/1b0n-B/t0065.10525.pdb
lmds,1b0n-B,data/raw/decoy_cache/decoys_r_us/lmds/dd/multiple/lmds/1b0n-B/1b0n-B.pdb,data/raw/decoy_cache/decoys_r_us/lmds/dd/multiple/lmds/1b0n-B/t0065.10553.pdb
lmds,1b0n-B,data/raw/decoy_cache/decoys_r_us/lmds/dd/multiple/lmds/1b0n-B/1b0n-B.pdb,data/raw/decoy_cache/decoys_r_us/lmds/dd/multiple/lmds/1b0n-B/t0065.10555.pdb
lmds,1b0n-B,data/raw/decoy_cache/decoys_r_us/lmds/dd/multiple/lmds/1b0n-B/1b0n-B.pdb,data/raw/decoy_cache/decoys_r_us/lmds/dd/multiple/lmds/1b0n-B/t0065.10563.pdb
lmds,1b0n-B,data/raw/decoy_cache/decoys_r_us/lmds/dd/multiple/lmds/1b0n-B/1b0n-B.pdb,data/raw/decoy_cache/decoys_r_us/lmds/dd/multiple/lmds/1b0n-B/t0065.10598.pdb
lmds,1b0n-B,data/raw/decoy_cache/decoys_r_us/lmds/dd/multiple/lmds/1b0n-B/1b0n-B.pdb,data/raw/decoy_cache/decoys_r_us/lmds/dd/multiple/lmds/1b0n-B/t0065.10614.pdb
lmds,1b0n-B,data/raw/decoy_cache/decoys_r_us/lmds/dd/multiple/lmds/1b0n-B/1b0n-B.pdb,data/raw/decoy_cache/decoys_r_us/lmds/dd/multiple/lmds/1b0n-B/t0065.10638.pdb
lmds,1b0n-B,data/raw/decoy_cache/decoys_r_us/lmds/dd/multiple/lmds/1b0n-B/1b0n-B.pdb,data/raw/decoy_cache/decoys_r_us/lmds/dd/multiple/lmds/1b0n-B/t0065.10664.pdb
lmds,1b0n-B,data/raw/decoy_cache/decoys_r_us/lmds/dd/multiple/lmds/1b0n-B/1b0n-B.pdb,data/raw/decoy_cache/decoys_r_us/lmds/dd/multiple/lmds/1b0n-B/t0065.10702.pdb
lmds,1b0n-B,data/raw/decoy_cache/decoys_r_us/lmds/dd/multiple/lmds/1b0n-B/1b0n-B.pdb,data/raw/decoy_cache/decoys_r_us/lmds/dd/multiple/lmds/1b0n-B/t0065.10705.pdb
lmds,1b0n-B,data/raw/decoy_cache/decoys_r_us/lmds/dd/multiple/lmds/1b0n-B/1b0n-B.pdb,data/raw/decoy_cache/decoys_r_us/lmds/dd/multiple/lmds/1b0n-B/t0065.10715.pdb
lmds,1b0n-B,data/raw/decoy_cache/decoys_r_us/lmds/dd/multiple/lmds/1b0n-B/1b0n-B.pdb,data/raw/decoy_cache/decoys_r_us/lmds/dd/multiple/lmds/1b0n-B/t0065.10716.pdb
lmds,1b0n-B,data/raw/decoy_cache/decoys_r_us/lmds/dd/multiple/lmds/1b0n-B/1b0n-B.pdb,data/raw/decoy_cache/decoys_r_us/lmds/dd/multiple/lmds/1b0n-B/t0065.10718.pdb
lmds,1b0n-B,data/raw/decoy_cache/decoys_r_us/lmds/dd/multiple/lmds/1b0n-B/1b0n-B.pdb,data/raw/decoy_cache/decoys_r_us/lmds/dd/multiple/lmds/1b0n-B/t0065.10720.pdb
lmds,1b0n-B,data/raw/decoy_cache/decoys_r_us/lmds/dd/multiple/lmds/1b0n-B/1b0n-B.pdb,data/raw/decoy_cache/decoys_r_us/lmds/dd/multiple/lmds/1b0n-B/t0065.10745.pdb
lmds,1b0n-B,data/raw/decoy_cache/decoys_r_us/lmds/dd/multiple/lmds/1b0n-B/1b0n-B.pdb,data/raw/decoy_cache/decoys_r_us/lmds/dd/multiple/lmds/1b0n-B/t0065.10761.pdb
lmds,1b0n-B,data/raw/decoy_cache/decoys_r_us/lmds/dd/multiple/lmds/1b0n-B/1b0n-B.pdb,data/raw/decoy_cache/decoys_r_us/lmds/dd/multiple/lmds/1b0n-B/t0065.10772.pdb
lmds,1b0n-B,data/raw/decoy_cache/decoys_r_us/lmds/dd/multiple/lmds/1b0n-B/1b0n-B.pdb,data/raw/decoy_cache/decoys_r_us/lmds/dd/multiple/lmds/1b0n-B/t0065.10796.pdb
lmds,1b0n-B,data/raw/decoy_cache/decoys_r_us/lmds/dd/multiple/lmds/1b0n-B/1b0n-B.pdb,data/raw/decoy_cache/decoys_r_us/lmds/dd/multiple/lmds/1b0n-B/t0065.10803.pdb
lmds,1b0n-B,data/raw/decoy_cache/decoys_r_us/lmds/dd/multiple/lmds/1b0n-B/1b0n-B.pdb,data/raw/decoy_cache/decoys_r_us/lmds/dd/multiple/lmds/1b0n-B/t0065.10819.pdb
lmds,1b0n-B,data/raw/decoy_cache/decoys_r_us/lmds/dd/multiple/lmds/1b0n-B/1b0n-B.pdb,data/raw/decoy_cache/decoys_r_us/lmds/dd/multiple/lmds/1b0n-B/t0065.10843.pdb
lmds,1b0n-B,data/raw/decoy_cache/decoys_r_us/lmds/dd/multiple/lmds/1b0n-B/1b0n-B.pdb,data/raw/decoy_cache/decoys_r_us/lmds/dd/multiple/lmds/1b0n-B/t0065.10868.pdb
lmds,1b0n-B,data/raw/decoy_cache/decoys_r_us/lmds/dd/multiple/lmds/1b0n-B/1b0n-B.pdb,data/raw/decoy_cache/decoys_r_us/lmds/dd/multiple/lmds/1b0n-B/t0065.10872.pdb
lmds,1b0n-B,data/raw/decoy_cache/decoys_r_us/lmds/dd/multiple/lmds/1b0n-B/1b0n-B.pdb,data/raw/decoy_cache/decoys_r_us/lmds/dd/multiple/lmds/1b0n-B/t0065.10886.pdb
lmds,1b0n-B,data/raw/decoy_cache/decoys_r_us/lmds/dd/multiple/lmds/1b0n-B/1b0n-B.pdb,data/raw/decoy_cache/decoys_r_us/lmds/dd/multiple/lmds/1b0n-B/t0065.10906.pdb
lmds,1b0n-B,data/raw/decoy_cache/decoys_r_us/lmds/dd/multiple/lmds/1b0n-B/1b0n-B.pdb,data/raw/decoy_cache/decoys_r_us/lmds/dd/multiple/lmds/1b0n-B/t0065.10913.pdb
lmds,1b0n-B,data/raw/decoy_cache/decoys_r_us/lmds/dd/multiple/lmds/1b0n-B/1b0n-B.pdb,data/raw/decoy_cache/decoys_r_us/lmds/dd/multiple/lmds/1b0n-B/t0065.10934.pdb
lmds,1b0n-B,data/raw/decoy_cache/decoys_r_us/lmds/dd/multiple/lmds/1b0n-B/1b0n-B.pdb,data/raw/decoy_cache/decoys_r_us/lmds/dd/multiple/lmds/1b0n-B/t0065.10938.pdb
lmds,1b0n-B,data/raw/decoy_cache/decoys_r_us/lmds/dd/multiple/lmds/1b0n-B/1b0n-B.pdb,data/raw/decoy_cache/decoys_r_us/lmds/dd/multiple/lmds/1b0n-B/t0065.10965.pdb
lmds,1b0n-B,data/raw/decoy_cache/decoys_r_us/lmds/dd/multiple/lmds/1b0n-B/1b0n-B.pdb,data/raw/decoy_cache/decoys_r_us/lmds/dd/multiple/lmds/1b0n-B/t0065.11008.pdb
lmds,1b0n-B,data/raw/decoy_cache/decoys_r_us/lmds/dd/multiple/lmds/1b0n-B/1b0n-B.pdb,data/raw/decoy_cache/decoys_r_us/lmds/dd/multiple/lmds/1b0n-B/t0065.11016.pdb
lmds,1b0n-B,data/raw/decoy_cache/decoys_r_us/lmds/dd/multiple/lmds/1b0n-B/1b0n-B.pdb,data/raw/decoy_cache/decoys_r_us/lmds/dd/multiple/lmds/1b0n-B/t0065.11020.pdb
lmds,1b0n-B,data/raw/decoy_cache/decoys_r_us/lmds/dd/multiple/lmds/1b0n-B/1b0n-B.pdb,data/raw/decoy_cache/decoys_r_us/lmds/dd/multiple/lmds/1b0n-B/t0065.11022.pdb
lmds,1b0n-B,data/raw/decoy_cache/decoys_r_us/lmds/dd/multiple/lmds/1b0n-B/1b0n-B.pdb,data/raw/decoy_cache/decoys_r_us/lmds/dd/multiple/lmds/1b0n-B/t0065.11052.pdb
lmds,1b0n-B,data/raw/decoy_cache/decoys_r_us/lmds/dd/multiple/lmds/1b0n-B/1b0n-B.pdb,data/raw/decoy_cache/decoys_r_us/lmds/dd/multiple/lmds/1b0n-B/t0065.11057.pdb
lmds,1b0n-B,data/raw/decoy_cache/decoys_r_us/lmds/dd/multiple/lmds/1b0n-B/1b0n-B.pdb,data/raw/decoy_cache/decoys_r_us/lmds/dd/multiple/lmds/1b0n-B/t0065.11061.pdb
lmds,1b0n-B,data/raw/decoy_cache/decoys_r_us/lmds/dd/multiple/lmds/1b0n-B/1b0n-B.pdb,data/raw/decoy_cache/decoys_r_us/lmds/dd/multiple/lmds/1b0n-B/t0065.11074.pdb
lmds,1b0n-B,data/raw/decoy_cache/decoys_r_us/lmds/dd/multiple/lmds/1b0n-B/1b0n-B.pdb,data/raw/decoy_cache/decoys_r_us/lmds/dd/multiple/lmds/1b0n-B/t0065.11079.pdb
lmds,1b0n-B,data/raw/decoy_cache/decoys_r_us/lmds/dd/multiple/lmds/1b0n-B/1b0n-B.pdb,data/raw/decoy_cache/decoys_r_us/lmds/dd/multiple/lmds/1b0n-B/t0065.11083.pdb
lmds,1b0n-B,data/raw/decoy_cache/decoys_r_us/lmds/dd/multiple/lmds/1b0n-B/1b0n-B.pdb,data/raw/decoy_cache/decoys_r_us/lmds/dd/multiple/lmds/1b0n-B/t0065.11095.pdb
lmds,1b0n-B,data/raw/decoy_cache/decoys_r_us/lmds/dd/multiple/lmds/1b0n-B/1b0n-B.pdb,data/raw/decoy_cache/decoys_r_us/lmds/dd/multiple/lmds/1b0n-B/t0065.11099.pdb
lmds,1b0n-B,data/raw/decoy_cache/decoys_r_us/lmds/dd/multiple/lmds/1b0n-B/1b0n-B.pdb,data/raw/decoy_cache/decoys_r_us/lmds/dd/multiple/lmds/1b0n-B/t0065.11103.pdb
lmds,1b0n-B,data/raw/decoy_cache/decoys_r_us/lmds/dd/multiple/lmds/1b0n-B/1b0n-B.pdb,data/raw/decoy_cache/decoys_r_us/lmds/dd/multiple/lmds/1b0n-B/t0065.11104.pdb
lmds,1b0n-B,data/raw/decoy_cache/decoys_r_us/lmds/dd/multiple/lmds/1b0n-B/1b0n-B.pdb,data/raw/decoy_cache/decoys_r_us/lmds/dd/multiple/lmds/1b0n-B/t0065.11229.pdb
lmds,1b0n-B,data/raw/decoy_cache/decoys_r_us/lmds/dd/multiple/lmds/1b0n-B/1b0n-B.pdb,data/raw/decoy_cache/decoys_r_us/lmds/dd/multiple/lmds/1b0n-B/t0065.11258.pdb
lmds,1b0n-B,data/raw/decoy_cache/decoys_r_us/lmds/dd/multiple/lmds/1b0n-B/1b0n-B.pdb,data/raw/decoy_cache/decoys_r_us/lmds/dd/multiple/lmds/1b0n-B/t0065.11264.pdb
lmds,1b0n-B,data/raw/decoy_cache/decoys_r_us/lmds/dd/multiple/lmds/1b0n-B/1b0n-B.pdb,data/raw/decoy_cache/decoys_r_us/lmds/dd/multiple/lmds/1b0n-B/t0065.11293.pdb
lmds,1b0n-B,data/raw/decoy_cache/decoys_r_us/lmds/dd/multiple/lmds/1b0n-B/1b0n-B.pdb,data/raw/decoy_cache/decoys_r_us/lmds/dd/multiple/lmds/1b0n-B/t0065.11323.pdb
lmds,1b0n-B,data/raw/decoy_cache/decoys_r_us/lmds/dd/multiple/lmds/1b0n-B/1b0n-B.pdb,data/raw/decoy_cache/decoys_r_us/lmds/dd/multiple/lmds/1b0n-B/t0065.11627.pdb
lmds,1b0n-B,data/raw/decoy_cache/decoys_r_us/lmds/dd/multiple/lmds/1b0n-B/1b0n-B.pdb,data/raw/decoy_cache/decoys_r_us/lmds/dd/multiple/lmds/1b0n-B/t0065.11868.pdb
lmds,1b0n-B,data/raw/decoy_cache/decoys_r_us/lmds/dd/multiple/lmds/1b0n-B/1b0n-B.pdb,data/raw/decoy_cache/decoys_r_us/lmds/dd/multiple/lmds/1b0n-B/t0065.12022.pdb
lmds,1b0n-B,data/raw/decoy_cache/decoys_r_us/lmds/dd/multiple/lmds/1b0n-B/1b0n-B.pdb,data/raw/decoy_cache/decoys_r_us/lmds/dd/multiple/lmds/1b0n-B/t0065.12133.pdb
lmds,1b0n-B,data/raw/decoy_cache/decoys_r_us/lmds/dd/multiple/lmds/1b0n-B/1b0n-B.pdb,data/raw/decoy_cache/decoys_r_us/lmds/dd/multiple/lmds/1b0n-B/t0065.12201.pdb
lmds,1b0n-B,data/raw/decoy_cache/decoys_r_us/lmds/dd/multiple/lmds/1b0n-B/1b0n-B.pdb,data/raw/decoy_cache/decoys_r_us/lmds/dd/multiple/lmds/1b0n-B/t0065.12205.pdb
lmds,1b0n-B,data/raw/decoy_cache/decoys_r_us/lmds/dd/multiple/lmds/1b0n-B/1b0n-B.pdb,data/raw/decoy_cache/decoys_r_us/lmds/dd/multiple/lmds/1b0n-B/t0065.12244.pdb
lmds,1b0n-B,data/raw/decoy_cache/decoys_r_us/lmds/dd/multiple/lmds/1b0n-B/1b0n-B.pdb,data/raw/decoy_cache/decoys_r_us/lmds/dd/multiple/lmds/1b0n-B/t0065.20001.pdb
lmds,1b0n-B,data/raw/decoy_cache/decoys_r_us/lmds/dd/multiple/lmds/1b0n-B/1b0n-B.pdb,data/raw/decoy_cache/decoys_r_us/lmds/dd/multiple/lmds/1b0n-B/t0065.20011.pdb
lmds,1b0n-B,data/raw/decoy_cache/decoys_r_us/lmds/dd/multiple/lmds/1b0n-B/1b0n-B.pdb,data/raw/decoy_cache/decoys_r_us/lmds/dd/multiple/lmds/1b0n-B/t0065.20027.pdb
lmds,1b0n-B,data/raw/decoy_cache/decoys_r_us/lmds/dd/multiple/lmds/1b0n-B/1b0n-B.pdb,data/raw/decoy_cache/decoys_r_us/lmds/dd/multiple/lmds/1b0n-B/t0065.20047.pdb
lmds,1b0n-B,data/raw/decoy_cache/decoys_r_us/lmds/dd/multiple/lmds/1b0n-B/1b0n-B.pdb,data/raw/decoy_cache/decoys_r_us/lmds/dd/multiple/lmds/1b0n-B/t0065.20076.pdb
lmds,1b0n-B,data/raw/decoy_cache/decoys_r_us/lmds/dd/multiple/lmds/1b0n-B/1b0n-B.pdb,data/raw/decoy_cache/decoys_r_us/lmds/dd/multiple/lmds/1b0n-B/t0065.20079.pdb
lmds,1b0n-B,data/raw/decoy_cache/decoys_r_us/lmds/dd/multiple/lmds/1b0n-B/1b0n-B.pdb,data/raw/decoy_cache/decoys_r_us/lmds/dd/multiple/lmds/1b0n-B/t0065.20107.pdb
lmds,1b0n-B,data/raw/decoy_cache/decoys_r_us/lmds/dd/multiple/lmds/1b0n-B/1b0n-B.pdb,data/raw/decoy_cache/decoys_r_us/lmds/dd/multiple/lmds/1b0n-B/t0065.20108.pdb
lmds,1b0n-B,data/raw/decoy_cache/decoys_r_us/lmds/dd/multiple/lmds/1b0n-B/1b0n-B.pdb,data/raw/decoy_cache/decoys_r_us/lmds/dd/multiple/lmds/1b0n-B/t0065.20136.pdb
lmds,1b0n-B,data/raw/decoy_cache/decoys_r_us/lmds/dd/multiple/lmds/1b0n-B/1b0n-B.pdb,data/raw/decoy_cache/decoys_r_us/lmds/dd/multiple/lmds/1b0n-B/t0065.20137.pdb
lmds,1b0n-B,data/raw/decoy_cache/decoys_r_us/lmds/dd/multiple/lmds/1b0n-B/1b0n-B.pdb,data/raw/decoy_cache/decoys_r_us/lmds/dd/multiple/lmds/1b0n-B/t0065.20159.pdb
lmds,1b0n-B,data/raw/decoy_cache/decoys_r_us/lmds/dd/multiple/lmds/1b0n-B/1b0n-B.pdb,data/raw/decoy_cache/decoys_r_us/lmds/dd/multiple/lmds/1b0n-B/t0065.20196.pdb
lmds,1b0n-B,data/raw/decoy_cache/decoys_r_us/lmds/dd/multiple/lmds/1b0n-B/1b0n-B.pdb,data/raw/decoy_cache/decoys_r_us/lmds/dd/multiple/lmds/1b0n-B/t0065.20228.pdb
lmds,1b0n-B,data/raw/decoy_cache/decoys_r_us/lmds/dd/multiple/lmds/1b0n-B/1b0n-B.pdb,data/raw/decoy_cache/decoys_r_us/lmds/dd/multiple/lmds/1b0n-B/t0065.20237.pdb
lmds,1b0n-B,data/raw/decoy_cache/decoys_r_us/lmds/dd/multiple/lmds/1b0n-B/1b0n-B.pdb,data/raw/decoy_cache/decoys_r_us/lmds/dd/multiple/lmds/1b0n-B/t0065.20248.pdb
lmds,1b0n-B,data/raw/decoy_cache/decoys_r_us/lmds/dd/multiple/lmds/1b0n-B/1b0n-B.pdb,data/raw/decoy_cache/decoys_r_us/lmds/dd/multiple/lmds/1b0n-B/t0065.20256.pdb
lmds,1b0n-B,data/raw/decoy_cache/decoys_r_us/lmds/dd/multiple/lmds/1b0n-B/1b0n-B.pdb,data/raw/decoy_cache/decoys_r_us/lmds/dd/multiple/lmds/1b0n-B/t0065.20265.pdb
lmds,1b0n-B,data/raw/decoy_cache/decoys_r_us/lmds/dd/multiple/lmds/1b0n-B/1b0n-B.pdb,data/raw/decoy_cache/decoys_r_us/lmds/dd/multiple/lmds/1b0n-B/t0065.20267.pdb
lmds,1b0n-B,data/raw/decoy_cache/decoys_r_us/lmds/dd/multiple/lmds/1b0n-B/1b0n-B.pdb,data/raw/decoy_cache/decoys_r_us/lmds/dd/multiple/lmds/1b0n-B/t0065.20289.pdb
lmds,1b0n-B,data/raw/decoy_cache/decoys_r_us/lmds/dd/multiple/lmds/1b0n-B/1b0n-B.pdb,data/raw/decoy_cache/decoys_r_us/lmds/dd/multiple/lmds/1b0n-B/t0065.20304.pdb
lmds,1b0n-B,data/raw/decoy_cache/decoys_r_us/lmds/dd/multiple/lmds/1b0n-B/1b0n-B.pdb,data/raw/decoy_cache/decoys_r_us/lmds/dd/multiple/lmds/1b0n-B/t0065.20317.pdb
lmds,1b0n-B,data/raw/decoy_cache/decoys_r_us/lmds/dd/multiple/lmds/1b0n-B/1b0n-B.pdb,data/raw/decoy_cache/decoys_r_us/lmds/dd/multiple/lmds/1b0n-B/t0065.20328.pdb
lmds,1b0n-B,data/raw/decoy_cache/decoys_r_us/lmds/dd/multiple/lmds/1b0n-B/1b0n-B.pdb,data/raw/decoy_cache/decoys_r_us/lmds/dd/multiple/lmds/1b0n-B/t0065.20354.pdb
lmds,1b0n-B,data/raw/decoy_cache/decoys_r_us/lmds/dd/multiple/lmds/1b0n-B/1b0n-B.pdb,data/raw/decoy_cache/decoys_r_us/lmds/dd/multiple/lmds/1b0n-B/t0065.20378.pdb
lmds,1b0n-B,data/raw/decoy_cache/decoys_r_us/lmds/dd/multiple/lmds/1b0n-B/1b0n-B.pdb,data/raw/decoy_cache/decoys_r_us/lmds/dd/multiple/lmds/1b0n-B/t0065.20400.pdb
lmds,1b0n-B,data/raw/decoy_cache/decoys_r_us/lmds/dd/multiple/lmds/1b0n-B/1b0n-B.pdb,data/raw/decoy_cache/decoys_r_us/lmds/dd/multiple/lmds/1b0n-B/t0065.20431.pdb
lmds,1b0n-B,data/raw/decoy_cache/decoys_r_us/lmds/dd/multiple/lmds/1b0n-B/1b0n-B.pdb,data/raw/decoy_cache/decoys_r_us/lmds/dd/multiple/lmds/1b0n-B/t0065.20469.pdb
lmds,1b0n-B,data/raw/decoy_cache/decoys_r_us/lmds/dd/multiple/lmds/1b0n-B/1b0n-B.pdb,data/raw/decoy_cache/decoys_r_us/lmds/dd/multiple/lmds/1b0n-B/t0065.20504.pdb
lmds,1b0n-B,data/raw/decoy_cache/decoys_r_us/lmds/dd/multiple/lmds/1b0n-B/1b0n-B.pdb,data/raw/decoy_cache/decoys_r_us/lmds/dd/multiple/lmds/1b0n-B/t0065.20517.pdb
lmds,1b0n-B,data/raw/decoy_cache/decoys_r_us/lmds/dd/multiple/lmds/1b0n-B/1b0n-B.pdb,data/raw/decoy_cache/decoys_r_us/lmds/dd/multiple/lmds/1b0n-B/t0065.20544.pdb
lmds,1b0n-B,data/raw/decoy_cache/decoys_r_us/lmds/dd/multiple/lmds/1b0n-B/1b0n-B.pdb,data/raw/decoy_cache/decoys_r_us/lmds/dd/multiple/lmds/1b0n-B/t0065.20564.pdb
lmds,1b0n-B,data/raw/decoy_cache/decoys_r_us/lmds/dd/multiple/lmds/1b0n-B/1b0n-B.pdb,data/raw/decoy_cache/decoys_r_us/lmds/dd/multiple/lmds/1b0n-B/t0065.20600.pdb
lmds,1b0n-B,data/raw/decoy_cache/decoys_r_us/lmds/dd/multiple/lmds/1b0n-B/1b0n-B.pdb,data/raw/decoy_cache/decoys_r_us/lmds/dd/multiple/lmds/1b0n-B/t0065.20612.pdb
lmds,1b0n-B,data/raw/decoy_cache/decoys_r_us/lmds/dd/multiple/lmds/1b0n-B/1b0n-B.pdb,data/raw/decoy_cache/decoys_r_us/lmds/dd/multiple/lmds/1b0n-B/t0065.20618.pdb
lmds,1b0n-B,data/raw/decoy_cache/decoys_r_us/lmds/dd/multiple/lmds/1b0n-B/1b0n-B.pdb,data/raw/decoy_cache/decoys_r_us/lmds/dd/multiple/lmds/1b0n-B/t0065.20681.pdb
lmds,1b0n-B,data/raw/decoy_cache/decoys_r_us/lmds/dd/multiple/lmds/1b0n-B/1b0n-B.pdb,data/raw/decoy_cache/decoys_r_us/lmds/dd/multiple/lmds/1b0n-B/t0065.20682.pdb
lmds,1b0n-B,data/raw/decoy_cache/decoys_r_us/lmds/dd/multiple/lmds/1b0n-B/1b0n-B.pdb,data/raw/decoy_cache/decoys_r_us/lmds/dd/multiple/lmds/1b0n-B/t0065.20721.pdb
lmds,1b0n-B,data/raw/decoy_cache/decoys_r_us/lmds/dd/multiple/lmds/1b0n-B/1b0n-B.pdb,data/raw/decoy_cache/decoys_r_us/lmds/dd/multiple/lmds/1b0n-B/t0065.20736.pdb
lmds,1b0n-B,data/raw/decoy_cache/decoys_r_us/lmds/dd/multiple/lmds/1b0n-B/1b0n-B.pdb,data/raw/decoy_cache/decoys_r_us/lmds/dd/multiple/lmds/1b0n-B/t0065.20741.pdb
lmds,1b0n-B,data/raw/decoy_cache/decoys_r_us/lmds/dd/multiple/lmds/1b0n-B/1b0n-B.pdb,data/raw/decoy_cache/decoys_r_us/lmds/dd/multiple/lmds/1b0n-B/t0065.20742.pdb
lmds,1b0n-B,data/raw/decoy_cache/decoys_r_us/lmds/dd/multiple/lmds/1b0n-B/1b0n-B.pdb,data/raw/decoy_cache/decoys_r_us/lmds/dd/multiple/lmds/1b0n-B/t0065.20792.pdb
lmds,1b0n-B,data/raw/decoy_cache/decoys_r_us/lmds/dd/multiple/lmds/1b0n-B/1b0n-B.pdb,data/raw/decoy_cache/decoys_r_us/lmds/dd/multiple/lmds/1b0n-B/t0065.20801.pdb
lmds,1b0n-B,data/raw/decoy_cache/decoys_r_us/lmds/dd/multiple/lmds/1b0n-B/1b0n-B.pdb,data/raw/decoy_cache/decoys_r_us/lmds/dd/multiple/lmds/1b0n-B/t0065.20806.pdb
lmds,1b0n-B,data/raw/decoy_cache/decoys_r_us/lmds/dd/multiple/lmds/1b0n-B/1b0n-B.pdb,data/raw/decoy_cache/decoys_r_us/lmds/dd/multiple/lmds/1b0n-B/t0065.20821.pdb
lmds,1b0n-B,data/raw/decoy_cache/decoys_r_us/lmds/dd/multiple/lmds/1b0n-B/1b0n-B.pdb,data/raw/decoy_cache/decoys_r_us/lmds/dd/multiple/lmds/1b0n-B/t0065.20843.pdb
lmds,1b0n-B,data/raw/decoy_cache/decoys_r_us/lmds/dd/multiple/lmds/1b0n-B/1b0n-B.pdb,data/raw/decoy_cache/decoys_r_us/lmds/dd/multiple/lmds/1b0n-B/t0065.20891.pdb
lmds,1b0n-B,data/raw/decoy_cache/decoys_r_us/lmds/dd/multiple/lmds/1b0n-B/1b0n-B.pdb,data/raw/decoy_cache/decoys_r_us/lmds/dd/multiple/lmds/1b0n-B/t0065.20918.pdb
lmds,1b0n-B,data/raw/decoy_cache/decoys_r_us/lmds/dd/multiple/lmds/1b0n-B/1b0n-B.pdb,data/raw/decoy_cache/decoys_r_us/lmds/dd/multiple/lmds/1b0n-B/t0065.20923.pdb
lmds,1b0n-B,data/raw/decoy_cache/decoys_r_us/lmds/dd/multiple/lmds/1b0n-B/1b0n-B.pdb,data/raw/decoy_cache/decoys_r_us/lmds/dd/multiple/lmds/1b0n-B/t0065.20932.pdb
lmds,1b0n-B,data/raw/decoy_cache/decoys_r_us/lmds/dd/multiple/lmds/1b0n-B/1b0n-B.pdb,data/raw/decoy_cache/decoys_r_us/lmds/dd/multiple/lmds/1b0n-B/t0065.20958.pdb
lmds,1b0n-B,data/raw/decoy_cache/decoys_r_us/lmds/dd/multiple/lmds/1b0n-B/1b0n-B.pdb,data/raw/decoy_cache/decoys_r_us/lmds/dd/multiple/lmds/1b0n-B/t0065.20990.pdb
lmds,1b0n-B,data/raw/decoy_cache/decoys_r_us/lmds/dd/multiple/lmds/1b0n-B/1b0n-B.pdb,data/raw/decoy_cache/decoys_r_us/lmds/dd/multiple/lmds/1b0n-B/t0065.21020.pdb
lmds,1b0n-B,data/raw/decoy_cache/decoys_r_us/lmds/dd/multiple/lmds/1b0n-B/1b0n-B.pdb,data/raw/decoy_cache/decoys_r_us/lmds/dd/multiple/lmds/1b0n-B/t0065.21060.pdb
lmds,1b0n-B,data/raw/decoy_cache/decoys_r_us/lmds/dd/multiple/lmds/1b0n-B/1b0n-B.pdb,data/raw/decoy_cache/decoys_r_us/lmds/dd/multiple/lmds/1b0n-B/t0065.21068.pdb
lmds,1b0n-B,data/raw/decoy_cache/decoys_r_us/lmds/dd/multiple/lmds/1b0n-B/1b0n-B.pdb,data/raw/decoy_cache/decoys_r_us/lmds/dd/multiple/lmds/1b0n-B/t0065.21086.pdb
lmds,1b0n-B,data/raw/decoy_cache/decoys_r_us/lmds/dd/multiple/lmds/1b0n-B/1b0n-B.pdb,data/raw/decoy_cache/decoys_r_us/lmds/dd/multiple/lmds/1b0n-B/t0065.21092.pdb
lmds,1b0n-B,data/raw/decoy_cache/decoys_r_us/lmds/dd/multiple/lmds/1b0n-B/1b0n-B.pdb,data/raw/decoy_cache/decoys_r_us/lmds/dd/multiple/lmds/1b0n-B/t0065.21097.pdb
lmds,1b0n-B,data/raw/decoy_cache/decoys_r_us/lmds/dd/multiple/lmds/1b0n-B/1b0n-B.pdb,data/raw/decoy_cache/decoys_r_us/lmds/dd/multiple/lmds/1b0n-B/t0065.21104.pdb
lmds,1b0n-B,data/raw/decoy_cache/decoys_r_us/lmds/dd/multiple/lmds/1b0n-B/1b0n-B.pdb,data/raw/decoy_cache/decoys_r_us/lmds/dd/multiple/lmds/1b0n-B/t0065.21120.pdb
lmds,1b0n-B,data/raw/decoy_cache/decoys_r_us/lmds/dd/multiple/lmds/1b0n-B/1b0n-B.pdb,data/raw/decoy_cache/decoys_r_us/lmds/dd/multiple/lmds/1b0n-B/t0065.21145.pdb
lmds,1b0n-B,data/raw/decoy_cache/decoys_r_us/lmds/dd/multiple/lmds/1b0n-B/1b0n-B.pdb,data/raw/decoy_cache/decoys_r_us/lmds/dd/multiple/lmds/1b0n-B/t0065.21158.pdb
lmds,1b0n-B,data/raw/decoy_cache/decoys_r_us/lmds/dd/multiple/lmds/1b0n-B/1b0n-B.pdb,data/raw/decoy_cache/decoys_r_us/lmds/dd/multiple/lmds/1b0n-B/t0065.21175.pdb
lmds,1b0n-B,data/raw/decoy_cache/decoys_r_us/lmds/dd/multiple/lmds/1b0n-B/1b0n-B.pdb,data/raw/decoy_cache/decoys_r_us/lmds/dd/multiple/lmds/1b0n-B/t0065.21181.pdb
lmds,1b0n-B,data/raw/decoy_cache/decoys_r_us/lmds/dd/multiple/lmds/1b0n-B/1b0n-B.pdb,data/raw/decoy_cache/decoys_r_us/lmds/dd/multiple/lmds/1b0n-B/t0065.21195.pdb
lmds,1b0n-B,data/raw/decoy_cache/decoys_r_us/lmds/dd/multiple/lmds/1b0n-B/1b0n-B.pdb,data/raw/decoy_cache/decoys_r_us/lmds/dd/multiple/lmds/1b0n-B/t0065.21200.pdb
lmds,1b0n-B,data/raw/decoy_cache/decoys_r_us/lmds/dd/multiple/lmds/1b0n-B/1b0n-B.pdb,data/raw/decoy_cache/decoys_r_us/lmds/dd/multiple/lmds/1b0n-B/t0065.21209.pdb
lmds,1b0n-B,data/raw/decoy_cache/decoys_r_us/lmds/dd/multiple/lmds/1b0n-B/1b0n-B.pdb,data/raw/decoy_cache/decoys_r_us/lmds/dd/multiple/lmds/1b0n-B/t0065.21277.pdb
lmds,1b0n-B,data/raw/decoy_cache/decoys_r_us/lmds/dd/multiple/lmds/1b0n-B/1b0n-B.pdb,data/raw/decoy_cache/decoys_r_us/lmds/dd/multiple/lmds/1b0n-B/t0065.21292.pdb
lmds,1b0n-B,data/raw/decoy_cache/decoys_r_us/lmds/dd/multiple/lmds/1b0n-B/1b0n-B.pdb,data/raw/decoy_cache/decoys_r_us/lmds/dd/multiple/lmds/1b0n-B/t0065.25011.pdb
lmds,1b0n-B,data/raw/decoy_cache/decoys_r_us/lmds/dd/multiple/lmds/1b0n-B/1b0n-B.pdb,data/raw/decoy_cache/decoys_r_us/lmds/dd/multiple/lmds/1b0n-B/t0065.25024.pdb
lmds,1b0n-B,data/raw/decoy_cache/decoys_r_us/lmds/dd/multiple/lmds/1b0n-B/1b0n-B.pdb,data/raw/decoy_cache/decoys_r_us/lmds/dd/multiple/lmds/1b0n-B/t0065.25033.pdb
lmds,1b0n-B,data/raw/decoy_cache/decoys_r_us/lmds/dd/multiple/lmds/1b0n-B/1b0n-B.pdb,data/raw/decoy_cache/decoys_r_us/lmds/dd/multiple/lmds/1b0n-B/t0065.25056.pdb
lmds,1b0n-B,data/raw/decoy_cache/decoys_r_us/lmds/dd/multiple/lmds/1b0n-B/1b0n-B.pdb,data/raw/decoy_cache/decoys_r_us/lmds/dd/multiple/lmds/1b0n-B/t0065.25063.pdb
lmds,1b0n-B,data/raw/decoy_cache/decoys_r_us/lmds/dd/multiple/lmds/1b0n-B/1b0n-B.pdb,data/raw/decoy_cache/decoys_r_us/lmds/dd/multiple/lmds/1b0n-B/t0065.25075.pdb
lmds,1b0n-B,data/raw/decoy_cache/decoys_r_us/lmds/dd/multiple/lmds/1b0n-B/1b0n-B.pdb,data/raw/decoy_cache/decoys_r_us/lmds/dd/multiple/lmds/1b0n-B/t0065.25098.pdb
lmds,1b0n-B,data/raw/decoy_cache/decoys_r_us/lmds/dd/multiple/lmds/1b0n-B/1b0n-B.pdb,data/raw/decoy_cache/decoys_r_us/lmds/dd/multiple/lmds/1b0n-B/t0065.25150.pdb
lmds,1b0n-B,data/raw/decoy_cache/decoys_r_us/lmds/dd/multiple/lmds/1b0n-B/1b0n-B.pdb,data/raw/decoy_cache/decoys_r_us/lmds/dd/multiple/lmds/1b0n-B/t0065.25169.pdb
lmds,1b0n-B,data/raw/decoy_cache/decoys_r_us/lmds/dd/multiple/lmds/1b0n-B/1b0n-B.pdb,data/raw/decoy_cache/decoys_r_us/lmds/dd/multiple/lmds/1b0n-B/t0065.25231.pdb
lmds,1b0n-B,data/raw/decoy_cache/decoys_r_us/lmds/dd/multiple/lmds/1b0n-B/1b0n-B.pdb,data/raw/decoy_cache/decoys_r_us/lmds/dd/multiple/lmds/1b0n-B/t0065.25265.pdb
lmds,1b0n-B,data/raw/decoy_cache/decoys_r_us/lmds/dd/multiple/lmds/1b0n-B/1b0n-B.pdb,data/raw/decoy_cache/decoys_r_us/lmds/dd/multiple/lmds/1b0n-B/t0065.25268.pdb
lmds,1b0n-B,data/raw/decoy_cache/decoys_r_us/lmds/dd/multiple/lmds/1b0n-B/1b0n-B.pdb,data/raw/decoy_cache/decoys_r_us/lmds/dd/multiple/lmds/1b0n-B/t0065.25316.pdb
lmds,1b0n-B,data/raw/decoy_cache/decoys_r_us/lmds/dd/multiple/lmds/1b0n-B/1b0n-B.pdb,data/raw/decoy_cache/decoys_r_us/lmds/dd/multiple/lmds/1b0n-B/t0065.25341.pdb
lmds,1b0n-B,data/raw/decoy_cache/decoys_r_us/lmds/dd/multiple/lmds/1b0n-B/1b0n-B.pdb,data/raw/decoy_cache/decoys_r_us/lmds/dd/multiple/lmds/1b0n-B/t0065.25356.pdb
lmds,1b0n-B,data/raw/decoy_cache/decoys_r_us/lmds/dd/multiple/lmds/1b0n-B/1b0n-B.pdb,data/raw/decoy_cache/decoys_r_us/lmds/dd/multiple/lmds/1b0n-B/t0065.25382.pdb
lmds,1b0n-B,data/raw/decoy_cache/decoys_r_us/lmds/dd/multiple/lmds/1b0n-B/1b0n-B.pdb,data/raw/decoy_cache/decoys_r_us/lmds/dd/multiple/lmds/1b0n-B/t0065.25385.pdb
lmds,1b0n-B,data/raw/decoy_cache/decoys_r_us/lmds/dd/multiple/lmds/1b0n-B/1b0n-B.pdb,data/raw/decoy_cache/decoys_r_us/lmds/dd/multiple/lmds/1b0n-B/t0065.25397.pdb
lmds,1b0n-B,data/raw/decoy_cache/decoys_r_us/lmds/dd/multiple/lmds/1b0n-B/1b0n-B.pdb,data/raw/decoy_cache/decoys_r_us/lmds/dd/multiple/lmds/1b0n-B/t0065.25406.pdb
lmds,1b0n-B,data/raw/decoy_cache/decoys_r_us/lmds/dd/multiple/lmds/1b0n-B/1b0n-B.pdb,data/raw/decoy_cache/decoys_r_us/lmds/dd/multiple/lmds/1b0n-B/t0065.25433.pdb
lmds,1b0n-B,data/raw/decoy_cache/decoys_r_us/lmds/dd/multiple/lmds/1b0n-B/1b0n-B.pdb,data/raw/decoy_cache/decoys_r_us/lmds/dd/multiple/lmds/1b0n-B/t0065.25450.pdb
lmds,1b0n-B,data/raw/decoy_cache/decoys_r_us/lmds/dd/multiple/lmds/1b0n-B/1b0n-B.pdb,data/raw/decoy_cache/decoys_r_us/lmds/dd/multiple/lmds/1b0n-B/t0065.25500.pdb
lmds,1b0n-B,data/raw/decoy_cache/decoys_r_us/lmds/dd/multiple/lmds/1b0n-B/1b0n-B.pdb,data/raw/decoy_cache/decoys_r_us/lmds/dd/multiple/lmds/1b0n-B/t0065.25587.pdb
lmds,1b0n-B,data/raw/decoy_cache/decoys_r_us/lmds/dd/multiple/lmds/1b0n-B/1b0n-B.pdb,data/raw/decoy_cache/decoys_r_us/lmds/dd/multiple/lmds/1b0n-B/t0065.25600.pdb
lmds,1b0n-B,data/raw/decoy_cache/decoys_r_us/lmds/dd/multiple/lmds/1b0n-B/1b0n-B.pdb,data/raw/decoy_cache/decoys_r_us/lmds/dd/multiple/lmds/1b0n-B/t0065.25610.pdb
lmds,1b0n-B,data/raw/decoy_cache/decoys_r_us/lmds/dd/multiple/lmds/1b0n-B/1b0n-B.pdb,data/raw/decoy_cache/decoys_r_us/lmds/dd/multiple/lmds/1b0n-B/t0065.25625.pdb
lmds,1b0n-B,data/raw/decoy_cache/decoys_r_us/lmds/dd/multiple/lmds/1b0n-B/1b0n-B.pdb,data/raw/decoy_cache/decoys_r_us/lmds/dd/multiple/lmds/1b0n-B/t0065.25647.pdb
lmds,1b0n-B,data/raw/decoy_cache/decoys_r_us/lmds/dd/multiple/lmds/1b0n-B/1b0n-B.pdb,data/raw/decoy_cache/decoys_r_us/lmds/dd/multiple/lmds/1b0n-B/t0065.25678.pdb
lmds,1b0n-B,data/raw/decoy_cache/decoys_r_us/lmds/dd/multiple/lmds/1b0n-B/1b0n-B.pdb,data/raw/decoy_cache/decoys_r_us/lmds/dd/multiple/lmds/1b0n-B/t0065.25682.pdb
lmds,1b0n-B,data/raw/decoy_cache/decoys_r_us/lmds/dd/multiple/lmds/1b0n-B/1b0n-B.pdb,data/raw/decoy_cache/decoys_r_us/lmds/dd/multiple/lmds/1b0n-B/t0065.25687.pdb
lmds,1b0n-B,data/raw/decoy_cache/decoys_r_us/lmds/dd/multiple/lmds/1b0n-B/1b0n-B.pdb,data/raw/decoy_cache/decoys_r_us/lmds/dd/multiple/lmds/1b0n-B/t0065.25697.pdb
lmds,1b0n-B,data/raw/decoy_cache/decoys_r_us/lmds/dd/multiple/lmds/1b0n-B/1b0n-B.pdb,data/raw/decoy_cache/decoys_r_us/lmds/dd/multiple/lmds/1b0n-B/t0065.25729.pdb
lmds,1b0n-B,data/raw/decoy_cache/decoys_r_us/lmds/dd/multiple/lmds/1b0n-B/1b0n-B.pdb,data/raw/decoy_cache/decoys_r_us/lmds/dd/multiple/lmds/1b0n-B/t0065.25738.pdb
lmds,1b0n-B,data/raw/decoy_cache/decoys_r_us/lmds/dd/multiple/lmds/1b0n-B/1b0n-B.pdb,data/raw/decoy_cache/decoys_r_us/lmds/dd/multiple/lmds/1b0n-B/t0065.25748.pdb
lmds,1b0n-B,data/raw/decoy_cache/decoys_r_us/lmds/dd/multiple/lmds/1b0n-B/1b0n-B.pdb,data/raw/decoy_cache/decoys_r_us/lmds/dd/multiple/lmds/1b0n-B/t0065.25777.pdb
lmds,1b0n-B,data/raw/decoy_cache/decoys_r_us/lmds/dd/multiple/lmds/1b0n-B/1b0n-B.pdb,data/raw/decoy_cache/decoys_r_us/lmds/dd/multiple/lmds/1b0n-B/t0065.25789.pdb
lmds,1b0n-B,data/raw/decoy_cache/decoys_r_us/lmds/dd/multiple/lmds/1b0n-B/1b0n-B.pdb,data/raw/decoy_cache/decoys_r_us/lmds/dd/multiple/lmds/1b0n-B/t0065.25902.pdb
lmds,1b0n-B,data/raw/decoy_cache/decoys_r_us/lmds/dd/multiple/lmds/1b0n-B/1b0n-B.pdb,data/raw/decoy_cache/decoys_r_us/lmds/dd/multiple/lmds/1b0n-B/t0065.25923.pdb
lmds,1b0n-B,data/raw/decoy_cache/decoys_r_us/lmds/dd/multiple/lmds/1b0n-B/1b0n-B.pdb,data/raw/decoy_cache/decoys_r_us/lmds/dd/multiple/lmds/1b0n-B/t0065.25929.pdb
lmds,1b0n-B,data/raw/decoy_cache/decoys_r_us/lmds/dd/multiple/lmds/1b0n-B/1b0n-B.pdb,data/raw/decoy_cache/decoys_r_us/lmds/dd/multiple/lmds/1b0n-B/t0065.25955.pdb
lmds,1b0n-B,data/raw/decoy_cache/decoys_r_us/lmds/dd/multiple/lmds/1b0n-B/1b0n-B.pdb,data/raw/decoy_cache/decoys_r_us/lmds/dd/multiple/lmds/1b0n-B/t0065.25981.pdb
lmds,1b0n-B,data/raw/decoy_cache/decoys_r_us/lmds/dd/multiple/lmds/1b0n-B/1b0n-B.pdb,data/raw/decoy_cache/decoys_r_us/lmds/dd/multiple/lmds/1b0n-B/t0065.25998.pdb
lmds,1b0n-B,data/raw/decoy_cache/decoys_r_us/lmds/dd/multiple/lmds/1b0n-B/1b0n-B.pdb,data/raw/decoy_cache/decoys_r_us/lmds/dd/multiple/lmds/1b0n-B/t0065.26005.pdb
lmds,1b0n-B,data/raw/decoy_cache/decoys_r_us/lmds/dd/multiple/lmds/1b0n-B/1b0n-B.pdb,data/raw/decoy_cache/decoys_r_us/lmds/dd/multiple/lmds/1b0n-B/t0065.26021.pdb
lmds,1b0n-B,data/raw/decoy_cache/decoys_r_us/lmds/dd/multiple/lmds/1b0n-B/1b0n-B.pdb,data/raw/decoy_cache/decoys_r_us/lmds/dd/multiple/lmds/1b0n-B/t0065.26070.pdb
lmds,1b0n-B,data/raw/decoy_cache/decoys_r_us/lmds/dd/multiple/lmds/1b0n-B/1b0n-B.pdb,data/raw/decoy_cache/decoys_r_us/lmds/dd/multiple/lmds/1b0n-B/t0065.26078.pdb
lmds,1b0n-B,data/raw/decoy_cache/decoys_r_us/lmds/dd/multiple/lmds/1b0n-B/1b0n-B.pdb,data/raw/decoy_cache/decoys_r_us/lmds/dd/multiple/lmds/1b0n-B/t0065.26087.pdb
lmds,1b0n-B,data/raw/decoy_cache/decoys_r_us/lmds/dd/multiple/lmds/1b0n-B/1b0n-B.pdb,data/raw/decoy_cache/decoys_r_us/lmds/dd/multiple/lmds/1b0n-B/t0065.26099.pdb
lmds,1b0n-B,data/raw/decoy_cache/decoys_r_us/lmds/dd/multiple/lmds/1b0n-B/1b0n-B.pdb,data/raw/decoy_cache/decoys_r_us/lmds/dd/multiple/lmds/1b0n-B/t0065.26116.pdb
lmds,1b0n-B,data/raw/decoy_cache/decoys_r_us/lmds/dd/multiple/lmds/1b0n-B/1b0n-B.pdb,data/raw/decoy_cache/decoys_r_us/lmds/dd/multiple/lmds/1b0n-B/t0065.26145.pdb
lmds,1b0n-B,data/raw/decoy_cache/decoys_r_us/lmds/dd/multiple/lmds/1b0n-B/1b0n-B.pdb,data/raw/decoy_cache/decoys_r_us/lmds/dd/multiple/lmds/1b0n-B/t0065.26172.pdb
lmds,1b0n-B,data/raw/decoy_cache/decoys_r_us/lmds/dd/multiple/lmds/1b0n-B/1b0n-B.pdb,data/raw/decoy_cache/decoys_r_us/lmds/dd/multiple/lmds/1b0n-B/t0065.26186.pdb
lmds,1b0n-B,data/raw/decoy_cache/decoys_r_us/lmds/dd/multiple/lmds/1b0n-B/1b0n-B.pdb,data/raw/decoy_cache/decoys_r_us/lmds/dd/multiple/lmds/1b0n-B/t0065.26222.pdb
lmds,1b0n-B,data/raw/decoy_cache/decoys_r_us/lmds/dd/multiple/lmds/1b0n-B/1b0n-B.pdb,data/raw/decoy_cache/decoys_r_us/lmds/dd/multiple/lmds/1b0n-B/t0065.26224.pdb
lmds,1b0n-B,data/raw/decoy_cache/decoys_r_us/lmds/dd/multiple/lmds/1b0n-B/1b0n-B.pdb,data/raw/decoy_cache/decoys_r_us/lmds/dd/multiple/lmds/1b0n-B/t0065.26241.pdb
lmds,1b0n-B,data/raw/decoy_cache/decoys_r_us/lmds/dd/multiple/lmds/1b0n-B/1b0n-B.pdb,data/raw/decoy_cache/decoys_r_us/lmds/dd/multiple/lmds/1b0n-B/t0065.26246.pdb
lmds,1b0n-B,data/raw/decoy_cache/decoys_r_us/lmds/dd/multiple/lmds/1b0n-B/1b0n-B.pdb,data/raw/decoy_cache/decoys_r_us/lmds/dd/multiple/lmds/1b0n-B/t0065.26267.pdb
lmds,1b0n-B,data/raw/decoy_cache/decoys_r_us/lmds/dd/multiple/lmds/1b0n-B/1b0n-B.pdb,data/raw/decoy_cache/decoys_r_us/lmds/dd/multiple/lmds/1b0n-B/t0065.26297.pdb
lmds,1b0n-B,data/raw/decoy_cache/decoys_r_us/lmds/dd/multiple/lmds/1b0n-B/1b0n-B.pdb,data/raw/decoy_cache/decoys_r_us/lmds/dd/multiple/lmds/1b0n-B/t0065.32200.pdb
lmds,1b0n-B,data/raw/decoy_cache/decoys_r_us/lmds/dd/multiple/lmds/1b0n-B/1b0n-B.pdb,data/raw/decoy_cache/decoys_r_us/lmds/dd/multiple/lmds/1b0n-B/t0065.35053.pdb
lmds,1b0n-B,data/raw/decoy_cache/decoys_r_us/lmds/dd/multiple/lmds/1b0n-B/1b0n-B.pdb,data/raw/decoy_cache/decoys_r_us/lmds/dd/multiple/lmds/1b0n-B/t0065.35095.pdb
lmds,1b0n-B,data/raw/decoy_cache/decoys_r_us/lmds/dd/multiple/lmds/1b0n-B/1b0n-B.pdb,data/raw/decoy_cache/decoys_r_us/lmds/dd/multiple/lmds/1b0n-B/t0065.35096.pdb
lmds,1b0n-B,data/raw/decoy_cache/decoys_r_us/lmds/dd/multiple/lmds/1b0n-B/1b0n-B.pdb,data/raw/decoy_cache/decoys_r_us/lmds/dd/multiple/lmds/1b0n-B/t0065.35102.pdb
lmds,1b0n-B,data/raw/decoy_cache/decoys_r_us/lmds/dd/multiple/lmds/1b0n-B/1b0n-B.pdb,data/raw/decoy_cache/decoys_r_us/lmds/dd/multiple/lmds/1b0n-B/t0065.35104.pdb
lmds,1b0n-B,data/raw/decoy_cache/decoys_r_us/lmds/dd/multiple/lmds/1b0n-B/1b0n-B.pdb,data/raw/decoy_cache/decoys_r_us/lmds/dd/multiple/lmds/1b0n-B/t0065.35114.pdb
lmds,1b0n-B,data/raw/decoy_cache/decoys_r_us/lmds/dd/multiple/lmds/1b0n-B/1b0n-B.pdb,data/raw/decoy_cache/decoys_r_us/lmds/dd/multiple/lmds/1b0n-B/t0065.35119.pdb
lmds,1b0n-B,data/raw/decoy_cache/decoys_r_us/lmds/dd/multiple/lmds/1b0n-B/1b0n-B.pdb,data/raw/decoy_cache/decoys_r_us/lmds/dd/multiple/lmds/1b0n-B/t0065.35128.pdb
lmds,1b0n-B,data/raw/decoy_cache/decoys_r_us/lmds/dd/multiple/lmds/1b0n-B/1b0n-B.pdb,data/raw/decoy_cache/decoys_r_us/lmds/dd/multiple/lmds/1b0n-B/t0065.35158.pdb
lmds,1b0n-B,data/raw/decoy_cache/decoys_r_us/lmds/dd/multiple/lmds/1b0n-B/1b0n-B.pdb,data/raw/decoy_cache/decoys_r_us/lmds/dd/multiple/lmds/1b0n-B/t0065.35178.pdb
lmds,1b0n-B,data/raw/decoy_cache/decoys_r_us/lmds/dd/multiple/lmds/1b0n-B/1b0n-B.pdb,data/raw/decoy_cache/decoys_r_us/lmds/dd/multiple/lmds/1b0n-B/t0065.35183.pdb
lmds,1b0n-B,data/raw/decoy_cache/decoys_r_us/lmds/dd/multiple/lmds/1b0n-B/1b0n-B.pdb,data/raw/decoy_cache/decoys_r_us/lmds/dd/multiple/lmds/1b0n-B/t0065.35200.pdb
lmds,1b0n-B,data/raw/decoy_cache/decoys_r_us/lmds/dd/multiple/lmds/1b0n-B/1b0n-B.pdb,data/raw/decoy_cache/decoys_r_us/lmds/dd/multiple/lmds/1b0n-B/t0065.35212.pdb
lmds,1b0n-B,data/raw/decoy_cache/decoys_r_us/lmds/dd/multiple/lmds/1b0n-B/1b0n-B.pdb,data/raw/decoy_cache/decoys_r_us/lmds/dd/multiple/lmds/1b0n-B/t0065.35231.pdb
lmds,1b0n-B,data/raw/decoy_cache/decoys_r_us/lmds/dd/multiple/lmds/1b0n-B/1b0n-B.pdb,data/raw/decoy_cache/decoys_r_us/lmds/dd/multiple/lmds/1b0n-B/t0065.35245.pdb
lmds,1b0n-B,data/raw/decoy_cache/decoys_r_us/lmds/dd/multiple/lmds/1b0n-B/1b0n-B.pdb,data/raw/decoy_cache/decoys_r_us/lmds/dd/multiple/lmds/1b0n-B/t0065.35267.pdb
lmds,1b0n-B,data/raw/decoy_cache/decoys_r_us/lmds/dd/multiple/lmds/1b0n-B/1b0n-B.pdb,data/raw/decoy_cache/decoys_r_us/lmds/dd/multiple/lmds/1b0n-B/t0065.35287.pdb
lmds,1b0n-B,data/raw/decoy_cache/decoys_r_us/lmds/dd/multiple/lmds/1b0n-B/1b0n-B.pdb,data/raw/decoy_cache/decoys_r_us/lmds/dd/multiple/lmds/1b0n-B/t0065.35300.pdb
lmds,1b0n-B,data/raw/decoy_cache/decoys_r_us/lmds/dd/multiple/lmds/1b0n-B/1b0n-B.pdb,data/raw/decoy_cache/decoys_r_us/lmds/dd/multiple/lmds/1b0n-B/t0065.35321.pdb
lmds,1b0n-B,data/raw/decoy_cache/decoys_r_us/lmds/dd/multiple/lmds/1b0n-B/1b0n-B.pdb,data/raw/decoy_cache/decoys_r_us/lmds/dd/multiple/lmds/1b0n-B/t0065.35371.pdb
lmds,1b0n-B,data/raw/decoy_cache/decoys_r_us/lmds/dd/multiple/lmds/1b0n-B/1b0n-B.pdb,data/raw/decoy_cache/decoys_r_us/lmds/dd/multiple/lmds/1b0n-B/t0065.35404.pdb
lmds,1b0n-B,data/raw/decoy_cache/decoys_r_us/lmds/dd/multiple/lmds/1b0n-B/1b0n-B.pdb,data/raw/decoy_cache/decoys_r_us/lmds/dd/multiple/lmds/1b0n-B/t0065.35436.pdb
lmds,1b0n-B,data/raw/decoy_cache/decoys_r_us/lmds/dd/multiple/lmds/1b0n-B/1b0n-B.pdb,data/raw/decoy_cache/decoys_r_us/lmds/dd/multiple/lmds/1b0n-B/t0065.35437.pdb
lmds,1b0n-B,data/raw/decoy_cache/decoys_r_us/lmds/dd/multiple/lmds/1b0n-B/1b0n-B.pdb,data/raw/decoy_cache/decoys_r_us/lmds/dd/multiple/lmds/1b0n-B/t0065.35466.pdb
lmds,1b0n-B,data/raw/decoy_cache/decoys_r_us/lmds/dd/multiple/lmds/1b0n-B/1b0n-B.pdb,data/raw/decoy_cache/decoys_r_us/lmds/dd/multiple/lmds/1b0n-B/t0065.35486.pdb
lmds,1b0n-B,data/raw/decoy_cache/decoys_r_us/lmds/dd/multiple/lmds/1b0n-B/1b0n-B.pdb,data/raw/decoy_cache/decoys_r_us/lmds/dd/multiple/lmds/1b0n-B/t0065.35490.pdb
lmds,1b0n-B,data/raw/decoy_cache/decoys_r_us/lmds/dd/multiple/lmds/1b0n-B/1b0n-B.pdb,data/raw/decoy_cache/decoys_r_us/lmds/dd/multiple/lmds/1b0n-B/t0065.35517.pdb
lmds,1b0n-B,data/raw/decoy_cache/decoys_r_us/lmds/dd/multiple/lmds/1b0n-B/1b0n-B.pdb,data/raw/decoy_cache/decoys_r_us/lmds/dd/multiple/lmds/1b0n-B/t0065.35526.pdb
lmds,1b0n-B,data/raw/decoy_cache/decoys_r_us/lmds/dd/multiple/lmds/1b0n-B/1b0n-B.pdb,data/raw/decoy_cache/decoys_r_us/lmds/dd/multiple/lmds/1b0n-B/t0065.35566.pdb
lmds,1b0n-B,data/raw/decoy_cache/decoys_r_us/lmds/dd/multiple/lmds/1b0n-B/1b0n-B.pdb,data/raw/decoy_cache/decoys_r_us/lmds/dd/multiple/lmds/1b0n-B/t0065.35580.pdb
lmds,1b0n-B,data/raw/decoy_cache/decoys_r_us/lmds/dd/multiple/lmds/1b0n-B/1b0n-B.pdb,data/raw/decoy_cache/decoys_r_us/lmds/dd/multiple/lmds/1b0n-B/t0065.35606.pdb
lmds,1b0n-B,data/raw/decoy_cache/decoys_r_us/lmds/dd/multiple/lmds/1b0n-B/1b0n-B.pdb,data/raw/decoy_cache/decoys_r_us/lmds/dd/multiple/lmds/1b0n-B/t0065.35618.pdb
lmds,1b0n-B,data/raw/decoy_cache/decoys_r_us/lmds/dd/multiple/lmds/1b0n-B/1b0n-B.pdb,data/raw/decoy_cache/decoys_r_us/lmds/dd/multiple/lmds/1b0n-B/t0065.35634.pdb
lmds,1b0n-B,data/raw/decoy_cache/decoys_r_us/lmds/dd/multiple/lmds/1b0n-B/1b0n-B.pdb,data/raw/decoy_cache/decoys_r_us/lmds/dd/multiple/lmds/1b0n-B/t0065.35640.pdb
lmds,1b0n-B,data/raw/decoy_cache/decoys_r_us/lmds/dd/multiple/lmds/1b0n-B/1b0n-B.pdb,data/raw/decoy_cache/decoys_r_us/lmds/dd/multiple/lmds/1b0n-B/t0065.35683.pdb
lmds,1b0n-B,data/raw/decoy_cache/decoys_r_us/lmds/dd/multiple/lmds/1b0n-B/1b0n-B.pdb,data/raw/decoy_cache/decoys_r_us/lmds/dd/multiple/lmds/1b0n-B/t0065.35698.pdb
lmds,1b0n-B,data/raw/decoy_cache/decoys_r_us/lmds/dd/multiple/lmds/1b0n-B/1b0n-B.pdb,data/raw/decoy_cache/decoys_r_us/lmds/dd/multiple/lmds/1b0n-B/t0065.35746.pdb
lmds,1b0n-B,data/raw/decoy_cache/decoys_r_us/lmds/dd/multiple/lmds/1b0n-B/1b0n-B.pdb,data/raw/decoy_cache/decoys_r_us/lmds/dd/multiple/lmds/1b0n-B/t0065.35750.pdb
lmds,1b0n-B,data/raw/decoy_cache/decoys_r_us/lmds/dd/multiple/lmds/1b0n-B/1b0n-B.pdb,data/raw/decoy_cache/decoys_r_us/lmds/dd/multiple/lmds/1b0n-B/t0065.35760.pdb
lmds,1b0n-B,data/raw/decoy_cache/decoys_r_us/lmds/dd/multiple/lmds/1b0n-B/1b0n-B.pdb,data/raw/decoy_cache/decoys_r_us/lmds/dd/multiple/lmds/1b0n-B/t0065.35808.pdb
lmds,1b0n-B,data/raw/decoy_cache/decoys_r_us/lmds/dd/multiple/lmds/1b0n-B/1b0n-B.pdb,data/raw/decoy_cache/decoys_r_us/lmds/dd/multiple/lmds/1b0n-B/t0065.35822.pdb
lmds,1b0n-B,data/raw/decoy_cache/decoys_r_us/lmds/dd/multiple/lmds/1b0n-B/1b0n-B.pdb,data/raw/decoy_cache/decoys_r_us/lmds/dd/multiple/lmds/1b0n-B/t0065.35833.pdb
lmds,1b0n-B,data/raw/decoy_cache/decoys_r_us/lmds/dd/multiple/lmds/1b0n-B/1b0n-B.pdb,data/raw/decoy_cache/decoys_r_us/lmds/dd/multiple/lmds/1b0n-B/t0065.35835.pdb
lmds,1b0n-B,data/raw/decoy_cache/decoys_r_us/lmds/dd/multiple/lmds/1b0n-B/1b0n-B.pdb,data/raw/decoy_cache/decoys_r_us/lmds/dd/multiple/lmds/1b0n-B/t0065.35869.pdb
lmds,1b0n-B,data/raw/decoy_cache/decoys_r_us/lmds/dd/multiple/lmds/1b0n-B/1b0n-B.pdb,data/raw/decoy_cache/decoys_r_us/lmds/dd/multiple/lmds/1b0n-B/t0065.35888.pdb
lmds,1b0n-B,data/raw/decoy_cache/decoys_r_us/lmds/dd/multiple/lmds/1b0n-B/1b0n-B.pdb,data/raw/decoy_cache/decoys_r_us/lmds/dd/multiple/lmds/1b0n-B/t0065.35901.pdb
lmds,1b0n-B,data/raw/decoy_cache/decoys_r_us/lmds/dd/multiple/lmds/1b0n-B/1b0n-B.pdb,data/raw/decoy_cache/decoys_r_us/lmds/dd/multiple/lmds/1b0n-B/t0065.35905.pdb
lmds,1b0n-B,data/raw/decoy_cache/decoys_r_us/lmds/dd/multiple/lmds/1b0n-B/1b0n-B.pdb,data/raw/decoy_cache/decoys_r_us/lmds/dd/multiple/lmds/1b0n-B/t0065.35907.pdb
lmds,1b0n-B,data/raw/decoy_cache/decoys_r_us/lmds/dd/multiple/lmds/1b0n-B/1b0n-B.pdb,data/raw/decoy_cache/decoys_r_us/lmds/dd/multiple/lmds/1b0n-B/t0065.35916.pdb
lmds,1b0n-B,data/raw/decoy_cache/decoys_r_us/lmds/dd/multiple/lmds/1b0n-B/1b0n-B.pdb,data/raw/decoy_cache/decoys_r_us/lmds/dd/multiple/lmds/1b0n-B/t0065.35922.pdb
lmds,1b0n-B,data/raw/decoy_cache/decoys_r_us/lmds/dd/multiple/lmds/1b0n-B/1b0n-B.pdb,data/raw/decoy_cache/decoys_r_us/lmds/dd/multiple/lmds/1b0n-B/t0065.35937.pdb
lmds,1b0n-B,data/raw/decoy_cache/decoys_r_us/lmds/dd/multiple/lmds/1b0n-B/1b0n-B.pdb,data/raw/decoy_cache/decoys_r_us/lmds/dd/multiple/lmds/1b0n-B/t0065.35967.pdb
lmds,1b0n-B,data/raw/decoy_cache/decoys_r_us/lmds/dd/multiple/lmds/1b0n-B/1b0n-B.pdb,data/raw/decoy_cache/decoys_r_us/lmds/dd/multiple/lmds/1b0n-B/t0065.35981.pdb
lmds,1b0n-B,data/raw/decoy_cache/decoys_r_us/lmds/dd/multiple/lmds/1b0n-B/1b0n-B.pdb,data/raw/decoy_cache/decoys_r_us/lmds/dd/multiple/lmds/1b0n-B/t0065.35987.pdb
lmds,1b0n-B,data/raw/decoy_cache/decoys_r_us/lmds/dd/multiple/lmds/1b0n-B/1b0n-B.pdb,data/raw/decoy_cache/decoys_r_us/lmds/dd/multiple/lmds/1b0n-B/t0065.36038.pdb
lmds,1b0n-B,data/raw/decoy_cache/decoys_r_us/lmds/dd/multiple/lmds/1b0n-B/1b0n-B.pdb,data/raw/decoy_cache/decoys_r_us/lmds/dd/multiple/lmds/1b0n-B/t0065.36090.pdb
lmds,1b0n-B,data/raw/decoy_cache/decoys_r_us/lmds/dd/multiple/lmds/1b0n-B/1b0n-B.pdb,data/raw/decoy_cache/decoys_r_us/lmds/dd/multiple/lmds/1b0n-B/t0065.36095.pdb
lmds,1b0n-B,data/raw/decoy_cache/decoys_r_us/lmds/dd/multiple/lmds/1b0n-B/1b0n-B.pdb,data/raw/decoy_cache/decoys_r_us/lmds/dd/multiple/lmds/1b0n-B/t0065.36097.pdb
lmds,1b0n-B,data/raw/decoy_cache/decoys_r_us/lmds/dd/multiple/lmds/1b0n-B/1b0n-B.pdb,data/raw/decoy_cache/decoys_r_us/lmds/dd/multiple/lmds/1b0n-B/t0065.36117.pdb
lmds,1b0n-B,data/raw/decoy_cache/decoys_r_us/lmds/dd/multiple/lmds/1b0n-B/1b0n-B.pdb,data/raw/decoy_cache/decoys_r_us/lmds/dd/multiple/lmds/1b0n-B/t0065.36126.pdb
lmds,1b0n-B,data/raw/decoy_cache/decoys_r_us/lmds/dd/multiple/lmds/1b0n-B/1b0n-B.pdb,data/raw/decoy_cache/decoys_r_us/lmds/dd/multiple/lmds/1b0n-B/t0065.36141.pdb
lmds,1b0n-B,data/raw/decoy_cache/decoys_r_us/lmds/dd/multiple/lmds/1b0n-B/1b0n-B.pdb,data/raw/decoy_cache/decoys_r_us/lmds/dd/multiple/lmds/1b0n-B/t0065.36146.pdb
lmds,1b0n-B,data/raw/decoy_cache/decoys_r_us/lmds/dd/multiple/lmds/1b0n-B/1b0n-B.pdb,data/raw/decoy_cache/decoys_r_us/lmds/dd/multiple/lmds/1b0n-B/t0065.36181.pdb
lmds,1b0n-B,data/raw/decoy_cache/decoys_r_us/lmds/dd/multiple/lmds/1b0n-B/1b0n-B.pdb,data/raw/decoy_cache/decoys_r_us/lmds/dd/multiple/lmds/1b0n-B/t0065.36219.pdb
lmds,1b0n-B,data/raw/decoy_cache/decoys_r_us/lmds/dd/multiple/lmds/1b0n-B/1b0n-B.pdb,data/raw/decoy_cache/decoys_r_us/lmds/dd/multiple/lmds/1b0n-B/t0065.36222.pdb
lmds,1b0n-B,data/raw/decoy_cache/decoys_r_us/lmds/dd/multiple/lmds/1b0n-B/1b0n-B.pdb,data/raw/decoy_cache/decoys_r_us/lmds/dd/multiple/lmds/1b0n-B/t0065.36228.pdb
lmds,1b0n-B,data/raw/decoy_cache/decoys_r_us/lmds/dd/multiple/lmds/1b0n-B/1b0n-B.pdb,data/raw/decoy_cache/decoys_r_us/lmds/dd/multiple/lmds/1b0n-B/t0065.36267.pdb
lmds,1b0n-B,data/raw/decoy_cache/decoys_r_us/lmds/dd/multiple/lmds/1b0n-B/1b0n-B.pdb,data/raw/decoy_cache/decoys_r_us/lmds/dd/multiple/lmds/1b0n-B/t0065.36271.pdb
lmds,1b0n-B,data/raw/decoy_cache/decoys_r_us/lmds/dd/multiple/lmds/1b0n-B/1b0n-B.pdb,data/raw/decoy_cache/decoys_r_us/lmds/dd/multiple/lmds/1b0n-B/t0065.36282.pdb
lmds,1b0n-B,data/raw/decoy_cache/decoys_r_us/lmds/dd/multiple/lmds/1b0n-B/1b0n-B.pdb,data/raw/decoy_cache/decoys_r_us/lmds/dd/multiple/lmds/1b0n-B/t0065.36286.pdb
lmds,1b0n-B,data/raw/decoy_cache/decoys_r_us/lmds/dd/multiple/lmds/1b0n-B/1b0n-B.pdb,data/raw/decoy_cache/decoys_r_us/lmds/dd/multiple/lmds/1b0n-B/t0065.36287.pdb
lmds,1b0n-B,data/raw/decoy_cache/decoys_r_us/lmds/dd/multiple/lmds/1b0n-B/1b0n-B.pdb,data/raw/decoy_cache/decoys_r_us/lmds/dd/multiple/lmds/1b0n-B/t0065.40044.pdb
lmds,1b0n-B,data/raw/decoy_cache/decoys_r_us/lmds/dd/multiple/lmds/1b0n-B/1b0n-B.pdb,data/raw/decoy_cache/decoys_r_us/lmds/dd/multiple/lmds/1b0n-B/t0065.40080.pdb
lmds,1b0n-B,data/raw/decoy_cache/decoys_r_us/lmds/dd/multiple/lmds/1b0n-B/1b0n-B.pdb,data/raw/decoy_cache/decoys_r_us/lmds/dd/multiple/lmds/1b0n-B/t0065.40102.pdb
lmds,1b0n-B,data/raw/decoy_cache/decoys_r_us/lmds/dd/multiple/lmds/1b0n-B/1b0n-B.pdb,data/raw/decoy_cache/decoys_r_us/lmds/dd/multiple/lmds/1b0n-B/t0065.40105.pdb
lmds,1b0n-B,data/raw/decoy_cache/decoys_r_us/lmds/dd/multiple/lmds/1b0n-B/1b0n-B.pdb,data/raw/decoy_cache/decoys_r_us/lmds/dd/multiple/lmds/1b0n-B/t0065.40127.pdb
lmds,1b0n-B,data/raw/decoy_cache/decoys_r_us/lmds/dd/multiple/lmds/1b0n-B/1b0n-B.pdb,data/raw/decoy_cache/decoys_r_us/lmds/dd/multiple/lmds/1b0n-B/t0065.40130.pdb
lmds,1b0n-B,data/raw/decoy_cache/decoys_r_us/lmds/dd/multiple/lmds/1b0n-B/1b0n-B.pdb,data/raw/decoy_cache/decoys_r_us/lmds/dd/multiple/lmds/1b0n-B/t0065.40132.pdb
lmds,1b0n-B,data/raw/decoy_cache/decoys_r_us/lmds/dd/multiple/lmds/1b0n-B/1b0n-B.pdb,data/raw/decoy_cache/decoys_r_us/lmds/dd/multiple/lmds/1b0n-B/t0065.40147.pdb
lmds,1b0n-B,data/raw/decoy_cache/decoys_r_us/lmds/dd/multiple/lmds/1b0n-B/1b0n-B.pdb,data/raw/decoy_cache/decoys_r_us/lmds/dd/multiple/lmds/1b0n-B/t0065.40163.pdb
lmds,1b0n-B,data/raw/decoy_cache/decoys_r_us/lmds/dd/multiple/lmds/1b0n-B/1b0n-B.pdb,data/raw/decoy_cache/decoys_r_us/lmds/dd/multiple/lmds/1b0n-B/t0065.40168.pdb
lmds,1b0n-B,data/raw/decoy_cache/decoys_r_us/lmds/dd/multiple/lmds/1b0n-B/1b0n-B.pdb,data/raw/decoy_cache/decoys_r_us/lmds/dd/multiple/lmds/1b0n-B/t0065.40174.pdb
lmds,1b0n-B,data/raw/decoy_cache/decoys_r_us/lmds/dd/multiple/lmds/1b0n-B/1b0n-B.pdb,data/raw/decoy_cache/decoys_r_us/lmds/dd/multiple/lmds/1b0n-B/t0065.40176.pdb
lmds,1b0n-B,data/raw/decoy_cache/decoys_r_us/lmds/dd/multiple/lmds/1b0n-B/1b0n-B.pdb,data/raw/decoy_cache/decoys_r_us/lmds/dd/multiple/lmds/1b0n-B/t0065.40225.pdb
lmds,1b0n-B,data/raw/decoy_cache/decoys_r_us/lmds/dd/multiple/lmds/1b0n-B/1b0n-B.pdb,data/raw/decoy_cache/decoys_r_us/lmds/dd/multiple/lmds/1b0n-B/t0065.40247.pdb
lmds,1b0n-B,data/raw/decoy_cache/decoys_r_us/lmds/dd/multiple/lmds/1b0n-B/1b0n-B.pdb,data/raw/decoy_cache/decoys_r_us/lmds/dd/multiple/lmds/1b0n-B/t0065.40250.pdb
lmds,1b0n-B,data/raw/decoy_cache/decoys_r_us/lmds/dd/multiple/lmds/1b0n-B/1b0n-B.pdb,data/raw/decoy_cache/decoys_r_us/lmds/dd/multiple/lmds/1b0n-B/t0065.40266.pdb
lmds,1b0n-B,data/raw/decoy_cache/decoys_r_us/lmds/dd/multiple/lmds/1b0n-B/1b0n-B.pdb,data/raw/decoy_cache/decoys_r_us/lmds/dd/multiple/lmds/1b0n-B/t0065.40278.pdb
lmds,1b0n-B,data/raw/decoy_cache/decoys_r_us/lmds/dd/multiple/lmds/1b0n-B/1b0n-B.pdb,data/raw/decoy_cache/decoys_r_us/lmds/dd/multiple/lmds/1b0n-B/t0065.40321.pdb
lmds,1b0n-B,data/raw/decoy_cache/decoys_r_us/lmds/dd/multiple/lmds/1b0n-B/1b0n-B.pdb,data/raw/decoy_cache/decoys_r_us/lmds/dd/multiple/lmds/1b0n-B/t0065.40322.pdb
lmds,1b0n-B,data/raw/decoy_cache/decoys_r_us/lmds/dd/multiple/lmds/1b0n-B/1b0n-B.pdb,data/raw/decoy_cache/decoys_r_us/lmds/dd/multiple/lmds/1b0n-B/t0065.40349.pdb
lmds,1b0n-B,data/raw/decoy_cache/decoys_r_us/lmds/dd/multiple/lmds/1b0n-B/1b0n-B.pdb,data/raw/decoy_cache/decoys_r_us/lmds/dd/multiple/lmds/1b0n-B/t0065.40366.pdb
lmds,1b0n-B,data/raw/decoy_cache/decoys_r_us/lmds/dd/multiple/lmds/1b0n-B/1b0n-B.pdb,data/raw/decoy_cache/decoys_r_us/lmds/dd/multiple/lmds/1b0n-B/t0065.40376.pdb
lmds,1b0n-B,data/raw/decoy_cache/decoys_r_us/lmds/dd/multiple/lmds/1b0n-B/1b0n-B.pdb,data/raw/decoy_cache/decoys_r_us/lmds/dd/multiple/lmds/1b0n-B/t0065.40392.pdb
lmds,1b0n-B,data/raw/decoy_cache/decoys_r_us/lmds/dd/multiple/lmds/1b0n-B/1b0n-B.pdb,data/raw/decoy_cache/decoys_r_us/lmds/dd/multiple/lmds/1b0n-B/t0065.40413.pdb
lmds,1b0n-B,data/raw/decoy_cache/decoys_r_us/lmds/dd/multiple/lmds/1b0n-B/1b0n-B.pdb,data/raw/decoy_cache/decoys_r_us/lmds/dd/multiple/lmds/1b0n-B/t0065.40430.pdb
lmds,1b0n-B,data/raw/decoy_cache/decoys_r_us/lmds/dd/multiple/lmds/1b0n-B/1b0n-B.pdb,data/raw/decoy_cache/decoys_r_us/lmds/dd/multiple/lmds/1b0n-B/t0065.40460.pdb
lmds,1b0n-B,data/raw/decoy_cache/decoys_r_us/lmds/dd/multiple/lmds/1b0n-B/1b0n-B.pdb,data/raw/decoy_cache/decoys_r_us/lmds/dd/multiple/lmds/1b0n-B/t0065.40465.pdb
lmds,1b0n-B,data/raw/decoy_cache/decoys_r_us/lmds/dd/multiple/lmds/1b0n-B/1b0n-B.pdb,data/raw/decoy_cache/decoys_r_us/lmds/dd/multiple/lmds/1b0n-B/t0065.40479.pdb
lmds,1b0n-B,data/raw/decoy_cache/decoys_r_us/lmds/dd/multiple/lmds/1b0n-B/1b0n-B.pdb,data/raw/decoy_cache/decoys_r_us/lmds/dd/multiple/lmds/1b0n-B/t0065.40498.pdb
lmds,1b0n-B,data/raw/decoy_cache/decoys_r_us/lmds/dd/multiple/lmds/1b0n-B/1b0n-B.pdb,data/raw/decoy_cache/decoys_r_us/lmds/dd/multiple/lmds/1b0n-B/t0065.40506.pdb
lmds,1b0n-B,data/raw/decoy_cache/decoys_r_us/lmds/dd/multiple/lmds/1b0n-B/1b0n-B.pdb,data/raw/decoy_cache/decoys_r_us/lmds/dd/multiple/lmds/1b0n-B/t0065.40510.pdb
lmds,1b0n-B,data/raw/decoy_cache/decoys_r_us/lmds/dd/multiple/lmds/1b0n-B/1b0n-B.pdb,data/raw/decoy_cache/decoys_r_us/lmds/dd/multiple/lmds/1b0n-B/t0065.40517.pdb
lmds,1b0n-B,data/raw/decoy_cache/decoys_r_us/lmds/dd/multiple/lmds/1b0n-B/1b0n-B.pdb,data/raw/decoy_cache/decoys_r_us/lmds/dd/multiple/lmds/1b0n-B/t0065.40545.pdb
lmds,1b0n-B,data/raw/decoy_cache/decoys_r_us/lmds/dd/multiple/lmds/1b0n-B/1b0n-B.pdb,data/raw/decoy_cache/decoys_r_us/lmds/dd/multiple/lmds/1b0n-B/t0065.40570.pdb
lmds,1b0n-B,data/raw/decoy_cache/decoys_r_us/lmds/dd/multiple/lmds/1b0n-B/1b0n-B.pdb,data/raw/decoy_cache/decoys_r_us/lmds/dd/multiple/lmds/1b0n-B/t0065.40572.pdb
lmds,1b0n-B,data/raw/decoy_cache/decoys_r_us/lmds/dd/multiple/lmds/1b0n-B/1b0n-B.pdb,data/raw/decoy_cache/decoys_r_us/lmds/dd/multiple/lmds/1b0n-B/t0065.40581.pdb
lmds,1b0n-B,data/raw/decoy_cache/decoys_r_us/lmds/dd/multiple/lmds/1b0n-B/1b0n-B.pdb,data/raw/decoy_cache/decoys_r_us/lmds/dd/multiple/lmds/1b0n-B/t0065.40593.pdb
lmds,1b0n-B,data/raw/decoy_cache/decoys_r_us/lmds/dd/multiple/lmds/1b0n-B/1b0n-B.pdb,data/raw/decoy_cache/decoys_r_us/lmds/dd/multiple/lmds/1b0n-B/t0065.40605.pdb
lmds,1b0n-B,data/raw/decoy_cache/decoys_r_us/lmds/dd/multiple/lmds/1b0n-B/1b0n-B.pdb,data/raw/decoy_cache/decoys_r_us/lmds/dd/multiple/lmds/1b0n-B/t0065.40610.pdb
lmds,1b0n-B,data/raw/decoy_cache/decoys_r_us/lmds/dd/multiple/lmds/1b0n-B/1b0n-B.pdb,data/raw/decoy_cache/decoys_r_us/lmds/dd/multiple/lmds/1b0n-B/t0065.40654.pdb
lmds,1b0n-B,data/raw/decoy_cache/decoys_r_us/lmds/dd/multiple/lmds/1b0n-B/1b0n-B.pdb,data/raw/decoy_cache/decoys_r_us/lmds/dd/multiple/lmds/1b0n-B/t0065.40660.pdb
lmds,1b0n-B,data/raw/decoy_cache/decoys_r_us/lmds/dd/multiple/lmds/1b0n-B/1b0n-B.pdb,data/raw/decoy_cache/decoys_r_us/lmds/dd/multiple/lmds/1b0n-B/t0065.40667.pdb
lmds,1b0n-B,data/raw/decoy_cache/decoys_r_us/lmds/dd/multiple/lmds/1b0n-B/1b0n-B.pdb,data/raw/decoy_cache/decoys_r_us/lmds/dd/multiple/lmds/1b0n-B/t0065.40700.pdb
lmds,1b0n-B,data/raw/decoy_cache/decoys_r_us/lmds/dd/multiple/lmds/1b0n-B/1b0n-B.pdb,data/raw/decoy_cache/decoys_r_us/lmds/dd/multiple/lmds/1b0n-B/t0065.40712.pdb
lmds,1b0n-B,data/raw/decoy_cache/decoys_r_us/lmds/dd/multiple/lmds/1b0n-B/1b0n-B.pdb,data/raw/decoy_cache/decoys_r_us/lmds/dd/multiple/lmds/1b0n-B/t0065.40715.pdb
lmds,1b0n-B,data/raw/decoy_cache/decoys_r_us/lmds/dd/multiple/lmds/1b0n-B/1b0n-B.pdb,data/raw/decoy_cache/decoys_r_us/lmds/dd/multiple/lmds/1b0n-B/t0065.40758.pdb
lmds,1b0n-B,data/raw/decoy_cache/decoys_r_us/lmds/dd/multiple/lmds/1b0n-B/1b0n-B.pdb,data/raw/decoy_cache/decoys_r_us/lmds/dd/multiple/lmds/1b0n-B/t0065.40759.pdb
lmds,1b0n-B,data/raw/decoy_cache/decoys_r_us/lmds/dd/multiple/lmds/1b0n-B/1b0n-B.pdb,data/raw/decoy_cache/decoys_r_us/lmds/dd/multiple/lmds/1b0n-B/t0065.40777.pdb
lmds,1b0n-B,data/raw/decoy_cache/decoys_r_us/lmds/dd/multiple/lmds/1b0n-B/1b0n-B.pdb,data/raw/decoy_cache/decoys_r_us/lmds/dd/multiple/lmds/1b0n-B/t0065.40792.pdb
lmds,1b0n-B,data/raw/decoy_cache/decoys_r_us/lmds/dd/multiple/lmds/1b0n-B/1b0n-B.pdb,data/raw/decoy_cache/decoys_r_us/lmds/dd/multiple/lmds/1b0n-B/t0065.40804.pdb
lmds,1b0n-B,data/raw/decoy_cache/decoys_r_us/lmds/dd/multiple/lmds/1b0n-B/1b0n-B.pdb,data/raw/decoy_cache/decoys_r_us/lmds/dd/multiple/lmds/1b0n-B/t0065.40810.pdb
lmds,1b0n-B,data/raw/decoy_cache/decoys_r_us/lmds/dd/multiple/lmds/1b0n-B/1b0n-B.pdb,data/raw/decoy_cache/decoys_r_us/lmds/dd/multiple/lmds/1b0n-B/t0065.40861.pdb
lmds,1b0n-B,data/raw/decoy_cache/decoys_r_us/lmds/dd/multiple/lmds/1b0n-B/1b0n-B.pdb,data/raw/decoy_cache/decoys_r_us/lmds/dd/multiple/lmds/1b0n-B/t0065.40863.pdb
lmds,1b0n-B,data/raw/decoy_cache/decoys_r_us/lmds/dd/multiple/lmds/1b0n-B/1b0n-B.pdb,data/raw/decoy_cache/decoys_r_us/lmds/dd/multiple/lmds/1b0n-B/t0065.40876.pdb
lmds,1b0n-B,data/raw/decoy_cache/decoys_r_us/lmds/dd/multiple/lmds/1b0n-B/1b0n-B.pdb,data/raw/decoy_cache/decoys_r_us/lmds/dd/multiple/lmds/1b0n-B/t0065.40877.pdb
lmds,1b0n-B,data/raw/decoy_cache/decoys_r_us/lmds/dd/multiple/lmds/1b0n-B/1b0n-B.pdb,data/raw/decoy_cache/decoys_r_us/lmds/dd/multiple/lmds/1b0n-B/t0065.40917.pdb
lmds,1b0n-B,data/raw/decoy_cache/decoys_r_us/lmds/dd/multiple/lmds/1b0n-B/1b0n-B.pdb,data/raw/decoy_cache/decoys_r_us/lmds/dd/multiple/lmds/1b0n-B/t0065.40928.pdb
lmds,1b0n-B,data/raw/decoy_cache/decoys_r_us/lmds/dd/multiple/lmds/1b0n-B/1b0n-B.pdb,data/raw/decoy_cache/decoys_r_us/lmds/dd/multiple/lmds/1b0n-B/t0065.40942.pdb
lmds,1b0n-B,data/raw/decoy_cache/decoys_r_us/lmds/dd/multiple/lmds/1b0n-B/1b0n-B.pdb,data/raw/decoy_cache/decoys_r_us/lmds/dd/multiple/lmds/1b0n-B/t0065.40956.pdb
lmds,1b0n-B,data/raw/decoy_cache/decoys_r_us/lmds/dd/multiple/lmds/1b0n-B/1b0n-B.pdb,data/raw/decoy_cache/decoys_r_us/lmds/dd/multiple/lmds/1b0n-B/t0065.40960.pdb
lmds,1b0n-B,data/raw/decoy_cache/decoys_r_us/lmds/dd/multiple/lmds/1b0n-B/1b0n-B.pdb,data/raw/decoy_cache/decoys_r_us/lmds/dd/multiple/lmds/1b0n-B/t0065.40979.pdb
lmds,1b0n-B,data/raw/decoy_cache/decoys_r_us/lmds/dd/multiple/lmds/1b0n-B/1b0n-B.pdb,data/raw/decoy_cache/decoys_r_us/lmds/dd/multiple/lmds/1b0n-B/t0065.41007.pdb
lmds,1b0n-B,data/raw/decoy_cache/decoys_r_us/lmds/dd/multiple/lmds/1b0n-B/1b0n-B.pdb,data/raw/decoy_cache/decoys_r_us/lmds/dd/multiple/lmds/1b0n-B/t0065.41033.pdb
lmds,1b0n-B,data/raw/decoy_cache/decoys_r_us/lmds/dd/multiple/lmds/1b0n-B/1b0n-B.pdb,data/raw/decoy_cache/decoys_r_us/lmds/dd/multiple/lmds/1b0n-B/t0065.41046.pdb
lmds,1b0n-B,data/raw/decoy_cache/decoys_r_us/lmds/dd/multiple/lmds/1b0n-B/1b0n-B.pdb,data/raw/decoy_cache/decoys_r_us/lmds/dd/multiple/lmds/1b0n-B/t0065.41056.pdb
lmds,1b0n-B,data/raw/decoy_cache/decoys_r_us/lmds/dd/multiple/lmds/1b0n-B/1b0n-B.pdb,data/raw/decoy_cache/decoys_r_us/lmds/dd/multiple/lmds/1b0n-B/t0065.41074.pdb
lmds,1b0n-B,data/raw/decoy_cache/decoys_r_us/lmds/dd/multiple/lmds/1b0n-B/1b0n-B.pdb,data/raw/decoy_cache/decoys_r_us/lmds/dd/multiple/lmds/1b0n-B/t0065.41105.pdb
lmds,1b0n-B,data/raw/decoy_cache/decoys_r_us/lmds/dd/multiple/lmds/1b0n-B/1b0n-B.pdb,data/raw/decoy_cache/decoys_r_us/lmds/dd/multiple/lmds/1b0n-B/t0065.41117.pdb
lmds,1b0n-B,data/raw/decoy_cache/decoys_r_us/lmds/dd/multiple/lmds/1b0n-B/1b0n-B.pdb,data/raw/decoy_cache/decoys_r_us/lmds/dd/multiple/lmds/1b0n-B/t0065.41131.pdb
lmds,1b0n-B,data/raw/decoy_cache/decoys_r_us/lmds/dd/multiple/lmds/1b0n-B/1b0n-B.pdb,data/raw/decoy_cache/decoys_r_us/lmds/dd/multiple/lmds/1b0n-B/t0065.41148.pdb
lmds,1b0n-B,data/raw/decoy_cache/decoys_r_us/lmds/dd/multiple/lmds/1b0n-B/1b0n-B.pdb,data/raw/decoy_cache/decoys_r_us/lmds/dd/multiple/lmds/1b0n-B/t0065.41150.pdb
lmds,1b0n-B,data/raw/decoy_cache/decoys_r_us/lmds/dd/multiple/lmds/1b0n-B/1b0n-B.pdb,data/raw/decoy_cache/decoys_r_us/lmds/dd/multiple/lmds/1b0n-B/t0065.41166.pdb
lmds,1b0n-B,data/raw/decoy_cache/decoys_r_us/lmds/dd/multiple/lmds/1b0n-B/1b0n-B.pdb,data/raw/decoy_cache/decoys_r_us/lmds/dd/multiple/lmds/1b0n-B/t0065.41194.pdb
lmds,1b0n-B,data/raw/decoy_cache/decoys_r_us/lmds/dd/multiple/lmds/1b0n-B/1b0n-B.pdb,data/raw/decoy_cache/decoys_r_us/lmds/dd/multiple/lmds/1b0n-B/t0065.41206.pdb
lmds,1b0n-B,data/raw/decoy_cache/decoys_r_us/lmds/dd/multiple/lmds/1b0n-B/1b0n-B.pdb,data/raw/decoy_cache/decoys_r_us/lmds/dd/multiple/lmds/1b0n-B/t0065.41216.pdb
lmds,1b0n-B,data/raw/decoy_cache/decoys_r_us/lmds/dd/multiple/lmds/1b0n-B/1b0n-B.pdb,data/raw/decoy_cache/decoys_r_us/lmds/dd/multiple/lmds/1b0n-B/t0065.41228.pdb
lmds,1b0n-B,data/raw/decoy_cache/decoys_r_us/lmds/dd/multiple/lmds/1b0n-B/1b0n-B.pdb,data/raw/decoy_cache/decoys_r_us/lmds/dd/multiple/lmds/1b0n-B/t0065.41249.pdb
lmds,1b0n-B,data/raw/decoy_cache/decoys_r_us/lmds/dd/multiple/lmds/1b0n-B/1b0n-B.pdb,data/raw/decoy_cache/decoys_r_us/lmds/dd/multiple/lmds/1b0n-B/t0065.41266.pdb
lmds,1b0n-B,data/raw/decoy_cache/decoys_r_us/lmds/dd/multiple/lmds/1b0n-B/1b0n-B.pdb,data/raw/decoy_cache/decoys_r_us/lmds/dd/multiple/lmds/1b0n-B/t0065.41270.pdb
lmds,1b0n-B,data/raw/decoy_cache/decoys_r_us/lmds/dd/multiple/lmds/1b0n-B/1b0n-B.pdb,data/raw/decoy_cache/decoys_r_us/lmds/dd/multiple/lmds/1b0n-B/t0065.41287.pdb
lmds,1b0n-B,data/raw/decoy_cache/decoys_r_us/lmds/dd/multiple/lmds/1b0n-B/1b0n-B.pdb,data/raw/decoy_cache/decoys_r_us/lmds/dd/multiple/lmds/1b0n-B/t0065.41291.pdb
lmds,1b0n-B,data/raw/decoy_cache/decoys_r_us/lmds/dd/multiple/lmds/1b0n-B/1b0n-B.pdb,data/raw/decoy_cache/decoys_r_us/lmds/dd/multiple/lmds/1b0n-B/t0065.41308.pdb
lmds,1b0n-B,data/raw/decoy_cache/decoys_r_us/lmds/dd/multiple/lmds/1b0n-B/1b0n-B.pdb,data/raw/decoy_cache/decoys_r_us/lmds/dd/multiple/lmds/1b0n-B/t0065.41309.pdb
lmds,1b0n-B,data/raw/decoy_cache/decoys_r_us/lmds/dd/multiple/lmds/1b0n-B/1b0n-B.pdb,data/raw/decoy_cache/decoys_r_us/lmds/dd/multiple/lmds/1b0n-B/t0065.41334.pdb
lmds,1b0n-B,data/raw/decoy_cache/decoys_r_us/lmds/dd/multiple/lmds/1b0n-B/1b0n-B.pdb,data/raw/decoy_cache/decoys_r_us/lmds/dd/multiple/lmds/1b0n-B/t0065.41611.pdb
lmds,1b0n-B,data/raw/decoy_cache/decoys_r_us/lmds/dd/multiple/lmds/1b0n-B/1b0n-B.pdb,data/raw/decoy_cache/decoys_r_us/lmds/dd/multiple/lmds/1b0n-B/t0065.41837.pdb
lmds,1b0n-B,data/raw/decoy_cache/decoys_r_us/lmds/dd/multiple/lmds/1b0n-B/1b0n-B.pdb,data/raw/decoy_cache/decoys_r_us/lmds/dd/multiple/lmds/1b0n-B/t0065.41848.pdb
lmds,1b0n-B,data/raw/decoy_cache/decoys_r_us/lmds/dd/multiple/lmds/1b0n-B/1b0n-B.pdb,data/raw/decoy_cache/decoys_r_us/lmds/dd/multiple/lmds/1b0n-B/t0065.42513.pdb
lmds,1b0n-B,data/raw/decoy_cache/decoys_r_us/lmds/dd/multiple/lmds/1b0n-B/1b0n-B.pdb,data/raw/decoy_cache/decoys_r_us/lmds/dd/multiple/lmds/1b0n-B/t0065.42620.pdb
lmds,1b0n-B,data/raw/decoy_cache/decoys_r_us/lmds/dd/multiple/lmds/1b0n-B/1b0n-B.pdb,data/raw/decoy_cache/decoys_r_us/lmds/dd/multiple/lmds/1b0n-B/t0065.42690.pdb
lmds,1b0n-B,data/raw/decoy_cache/decoys_r_us/lmds/dd/multiple/lmds/1b0n-B/1b0n-B.pdb,data/raw/decoy_cache/decoys_r_us/lmds/dd/multiple/lmds/1b0n-B/t0065.42733.pdb
lmds,1b0n-B,data/raw/decoy_cache/decoys_r_us/lmds/dd/multiple/lmds/1b0n-B/1b0n-B.pdb,data/raw/decoy_cache/decoys_r_us/lmds/dd/multiple/lmds/1b0n-B/t0065.45023.pdb
lmds,1b0n-B,data/raw/decoy_cache/decoys_r_us/lmds/dd/multiple/lmds/1b0n-B/1b0n-B.pdb,data/raw/decoy_cache/decoys_r_us/lmds/dd/multiple/lmds/1b0n-B/t0065.45043.pdb
lmds,1b0n-B,data/raw/decoy_cache/decoys_r_us/lmds/dd/multiple/lmds/1b0n-B/1b0n-B.pdb,data/raw/decoy_cache/decoys_r_us/lmds/dd/multiple/lmds/1b0n-B/t0065.45053.pdb
lmds,1b0n-B,data/raw/decoy_cache/decoys_r_us/lmds/dd/multiple/lmds/1b0n-B/1b0n-B.pdb,data/raw/decoy_cache/decoys_r_us/lmds/dd/multiple/lmds/1b0n-B/t0065.45065.pdb
lmds,1b0n-B,data/raw/decoy_cache/decoys_r_us/lmds/dd/multiple/lmds/1b0n-B/1b0n-B.pdb,data/raw/decoy_cache/decoys_r_us/lmds/dd/multiple/lmds/1b0n-B/t0065.45074.pdb
lmds,1b0n-B,data/raw/decoy_cache/decoys_r_us/lmds/dd/multiple/lmds/1b0n-B/1b0n-B.pdb,data/raw/decoy_cache/decoys_r_us/lmds/dd/multiple/lmds/1b0n-B/t0065.45077.pdb
lmds,1b0n-B,data/raw/decoy_cache/decoys_r_us/lmds/dd/multiple/lmds/1b0n-B/1b0n-B.pdb,data/raw/decoy_cache/decoys_r_us/lmds/dd/multiple/lmds/1b0n-B/t0065.45113.pdb
lmds,1b0n-B,data/raw/decoy_cache/decoys_r_us/lmds/dd/multiple/lmds/1b0n-B/1b0n-B.pdb,data/raw/decoy_cache/decoys_r_us/lmds/dd/multiple/lmds/1b0n-B/t0065.45122.pdb
lmds,1b0n-B,data/raw/decoy_cache/decoys_r_us/lmds/dd/multiple/lmds/1b0n-B/1b0n-B.pdb,data/raw/decoy_cache/decoys_r_us/lmds/dd/multiple/lmds/1b0n-B/t0065.45126.pdb
lmds,1b0n-B,data/raw/decoy_cache/decoys_r_us/lmds/dd/multiple/lmds/1b0n-B/1b0n-B.pdb,data/raw/decoy_cache/decoys_r_us/lmds/dd/multiple/lmds/1b0n-B/t0065.45131.pdb
lmds,1b0n-B,data/raw/decoy_cache/decoys_r_us/lmds/dd/multiple/lmds/1b0n-B/1b0n-B.pdb,data/raw/decoy_cache/decoys_r_us/lmds/dd/multiple/lmds/1b0n-B/t0065.45151.pdb
lmds,1b0n-B,data/raw/decoy_cache/decoys_r_us/lmds/dd/multiple/lmds/1b0n-B/1b0n-B.pdb,data/raw/decoy_cache/decoys_r_us/lmds/dd/multiple/lmds/1b0n-B/t0065.45159.pdb
lmds,1b0n-B,data/raw/decoy_cache/decoys_r_us/lmds/dd/multiple/lmds/1b0n-B/1b0n-B.pdb,data/raw/decoy_cache/decoys_r_us/lmds/dd/multiple/lmds/1b0n-B/t0065.45160.pdb
lmds,1b0n-B,data/raw/decoy_cache/decoys_r_us/lmds/dd/multiple/lmds/1b0n-B/1b0n-B.pdb,data/raw/decoy_cache/decoys_r_us/lmds/dd/multiple/lmds/1b0n-B/t0065.45183.pdb
lmds,1b0n-B,data/raw/decoy_cache/decoys_r_us/lmds/dd/multiple/lmds/1b0n-B/1b0n-B.pdb,data/raw/decoy_cache/decoys_r_us/lmds/dd/multiple/lmds/1b0n-B/t0065.45187.pdb
lmds,1b0n-B,data/raw/decoy_cache/decoys_r_us/lmds/dd/multiple/lmds/1b0n-B/1b0n-B.pdb,data/raw/decoy_cache/decoys_r_us/lmds/dd/multiple/lmds/1b0n-B/t0065.45210.pdb
lmds,1b0n-B,data/raw/decoy_cache/decoys_r_us/lmds/dd/multiple/lmds/1b0n-B/1b0n-B.pdb,data/raw/decoy_cache/decoys_r_us/lmds/dd/multiple/lmds/1b0n-B/t0065.45219.pdb
lmds,1b0n-B,data/raw/decoy_cache/decoys_r_us/lmds/dd/multiple/lmds/1b0n-B/1b0n-B.pdb,data/raw/decoy_cache/decoys_r_us/lmds/dd/multiple/lmds/1b0n-B/t0065.45220.pdb
lmds,1b0n-B,data/raw/decoy_cache/decoys_r_us/lmds/dd/multiple/lmds/1b0n-B/1b0n-B.pdb,data/raw/decoy_cache/decoys_r_us/lmds/dd/multiple/lmds/1b0n-B/t0065.45225.pdb
lmds,1b0n-B,data/raw/decoy_cache/decoys_r_us/lmds/dd/multiple/lmds/1b0n-B/1b0n-B.pdb,data/raw/decoy_cache/decoys_r_us/lmds/dd/multiple/lmds/1b0n-B/t0065.45235.pdb
lmds,1b0n-B,data/raw/decoy_cache/decoys_r_us/lmds/dd/multiple/lmds/1b0n-B/1b0n-B.pdb,data/raw/decoy_cache/decoys_r_us/lmds/dd/multiple/lmds/1b0n-B/t0065.45238.pdb
lmds,1b0n-B,data/raw/decoy_cache/decoys_r_us/lmds/dd/multiple/lmds/1b0n-B/1b0n-B.pdb,data/raw/decoy_cache/decoys_r_us/lmds/dd/multiple/lmds/1b0n-B/t0065.45241.pdb
lmds,1b0n-B,data/raw/decoy_cache/decoys_r_us/lmds/dd/multiple/lmds/1b0n-B/1b0n-B.pdb,data/raw/decoy_cache/decoys_r_us/lmds/dd/multiple/lmds/1b0n-B/t0065.45277.pdb
lmds,1b0n-B,data/raw/decoy_cache/decoys_r_us/lmds/dd/multiple/lmds/1b0n-B/1b0n-B.pdb,data/raw/decoy_cache/decoys_r_us/lmds/dd/multiple/lmds/1b0n-B/t0065.45286.pdb
lmds,1b0n-B,data/raw/decoy_cache/decoys_r_us/lmds/dd/multiple/lmds/1b0n-B/1b0n-B.pdb,data/raw/decoy_cache/decoys_r_us/lmds/dd/multiple/lmds/1b0n-B/t0065.45305.pdb
lmds,1b0n-B,data/raw/decoy_cache/decoys_r_us/lmds/dd/multiple/lmds/1b0n-B/1b0n-B.pdb,data/raw/decoy_cache/decoys_r_us/lmds/dd/multiple/lmds/1b0n-B/t0065.45318.pdb
lmds,1b0n-B,data/raw/decoy_cache/decoys_r_us/lmds/dd/multiple/lmds/1b0n-B/1b0n-B.pdb,data/raw/decoy_cache/decoys_r_us/lmds/dd/multiple/lmds/1b0n-B/t0065.45334.pdb
lmds,1b0n-B,data/raw/decoy_cache/decoys_r_us/lmds/dd/multiple/lmds/1b0n-B/1b0n-B.pdb,data/raw/decoy_cache/decoys_r_us/lmds/dd/multiple/lmds/1b0n-B/t0065.45340.pdb
lmds,1b0n-B,data/raw/decoy_cache/decoys_r_us/lmds/dd/multiple/lmds/1b0n-B/1b0n-B.pdb,data/raw/decoy_cache/decoys_r_us/lmds/dd/multiple/lmds/1b0n-B/t0065.45360.pdb
lmds,1b0n-B,data/raw/decoy_cache/decoys_r_us/lmds/dd/multiple/lmds/1b0n-B/1b0n-B.pdb,data/raw/decoy_cache/decoys_r_us/lmds/dd/multiple/lmds/1b0n-B/t0065.45369.pdb
lmds,1b0n-B,data/raw/decoy_cache/decoys_r_us/lmds/dd/multiple/lmds/1b0n-B/1b0n-B.pdb,data/raw/decoy_cache/decoys_r_us/lmds/dd/multiple/lmds/1b0n-B/t0065.45387.pdb
lmds,1b0n-B,data/raw/decoy_cache/decoys_r_us/lmds/dd/multiple/lmds/1b0n-B/1b0n-B.pdb,data/raw/decoy_cache/decoys_r_us/lmds/dd/multiple/lmds/1b0n-B/t0065.45397.pdb
lmds,1b0n-B,data/raw/decoy_cache/decoys_r_us/lmds/dd/multiple/lmds/1b0n-B/1b0n-B.pdb,data/raw/decoy_cache/decoys_r_us/lmds/dd/multiple/lmds/1b0n-B/t0065.45403.pdb
lmds,1b0n-B,data/raw/decoy_cache/decoys_r_us/lmds/dd/multiple/lmds/1b0n-B/1b0n-B.pdb,data/raw/decoy_cache/decoys_r_us/lmds/dd/multiple/lmds/1b0n-B/t0065.45436.pdb
lmds,1b0n-B,data/raw/decoy_cache/decoys_r_us/lmds/dd/multiple/lmds/1b0n-B/1b0n-B.pdb,data/raw/decoy_cache/decoys_r_us/lmds/dd/multiple/lmds/1b0n-B/t0065.45455.pdb
lmds,1b0n-B,data/raw/decoy_cache/decoys_r_us/lmds/dd/multiple/lmds/1b0n-B/1b0n-B.pdb,data/raw/decoy_cache/decoys_r_us/lmds/dd/multiple/lmds/1b0n-B/t0065.45459.pdb
lmds,1b0n-B,data/raw/decoy_cache/decoys_r_us/lmds/dd/multiple/lmds/1b0n-B/1b0n-B.pdb,data/raw/decoy_cache/decoys_r_us/lmds/dd/multiple/lmds/1b0n-B/t0065.45477.pdb
lmds,1b0n-B,data/raw/decoy_cache/decoys_r_us/lmds/dd/multiple/lmds/1b0n-B/1b0n-B.pdb,data/raw/decoy_cache/decoys_r_us/lmds/dd/multiple/lmds/1b0n-B/t0065.45491.pdb
lmds,1b0n-B,data/raw/decoy_cache/decoys_r_us/lmds/dd/multiple/lmds/1b0n-B/1b0n-B.pdb,data/raw/decoy_cache/decoys_r_us/lmds/dd/multiple/lmds/1b0n-B/t0065.45510.pdb
lmds,1b0n-B,data/raw/decoy_cache/decoys_r_us/lmds/dd/multiple/lmds/1b0n-B/1b0n-B.pdb,data/raw/decoy_cache/decoys_r_us/lmds/dd/multiple/lmds/1b0n-B/t0065.45522.pdb
lmds,1b0n-B,data/raw/decoy_cache/decoys_r_us/lmds/dd/multiple/lmds/1b0n-B/1b0n-B.pdb,data/raw/decoy_cache/decoys_r_us/lmds/dd/multiple/lmds/1b0n-B/t0065.45526.pdb
lmds,1b0n-B,data/raw/decoy_cache/decoys_r_us/lmds/dd/multiple/lmds/1b0n-B/1b0n-B.pdb,data/raw/decoy_cache/decoys_r_us/lmds/dd/multiple/lmds/1b0n-B/t0065.45554.pdb
lmds,1b0n-B,data/raw/decoy_cache/decoys_r_us/lmds/dd/multiple/lmds/1b0n-B/1b0n-B.pdb,data/raw/decoy_cache/decoys_r_us/lmds/dd/multiple/lmds/1b0n-B/t0065.45569.pdb
lmds,1b0n-B,data/raw/decoy_cache/decoys_r_us/lmds/dd/multiple/lmds/1b0n-B/1b0n-B.pdb,data/raw/decoy_cache/decoys_r_us/lmds/dd/multiple/lmds/1b0n-B/t0065.45577.pdb
lmds,1b0n-B,data/raw/decoy_cache/decoys_r_us/lmds/dd/multiple/lmds/1b0n-B/1b0n-B.pdb,data/raw/decoy_cache/decoys_r_us/lmds/dd/multiple/lmds/1b0n-B/t0065.45598.pdb
lmds,1b0n-B,data/raw/decoy_cache/decoys_r_us/lmds/dd/multiple/lmds/1b0n-B/1b0n-B.pdb,data/raw/decoy_cache/decoys_r_us/lmds/dd/multiple/lmds/1b0n-B/t0065.45647.pdb
lmds,1b0n-B,data/raw/decoy_cache/decoys_r_us/lmds/dd/multiple/lmds/1b0n-B/1b0n-B.pdb,data/raw/decoy_cache/decoys_r_us/lmds/dd/multiple/lmds/1b0n-B/t0065.45648.pdb
lmds,1b0n-B,data/raw/decoy_cache/decoys_r_us/lmds/dd/multiple/lmds/1b0n-B/1b0n-B.pdb,data/raw/decoy_cache/decoys_r_us/lmds/dd/multiple/lmds/1b0n-B/t0065.45652.pdb
lmds,1b0n-B,data/raw/decoy_cache/decoys_r_us/lmds/dd/multiple/lmds/1b0n-B/1b0n-B.pdb,data/raw/decoy_cache/decoys_r_us/lmds/dd/multiple/lmds/1b0n-B/t0065.45660.pdb
lmds,1b0n-B,data/raw/decoy_cache/decoys_r_us/lmds/dd/multiple/lmds/1b0n-B/1b0n-B.pdb,data/raw/decoy_cache/decoys_r_us/lmds/dd/multiple/lmds/1b0n-B/t0065.45672.pdb
lmds,1b0n-B,data/raw/decoy_cache/decoys_r_us/lmds/dd/multiple/lmds/1b0n-B/1b0n-B.pdb,data/raw/decoy_cache/decoys_r_us/lmds/dd/multiple/lmds/1b0n-B/t0065.45708.pdb
lmds,1b0n-B,data/raw/decoy_cache/decoys_r_us/lmds/dd/multiple/lmds/1b0n-B/1b0n-B.pdb,data/raw/decoy_cache/decoys_r_us/lmds/dd/multiple/lmds/1b0n-B/t0065.45710.pdb
lmds,1b0n-B,data/raw/decoy_cache/decoys_r_us/lmds/dd/multiple/lmds/1b0n-B/1b0n-B.pdb,data/raw/decoy_cache/decoys_r_us/lmds/dd/multiple/lmds/1b0n-B/t0065.45715.pdb
lmds,1b0n-B,data/raw/decoy_cache/decoys_r_us/lmds/dd/multiple/lmds/1b0n-B/1b0n-B.pdb,data/raw/decoy_cache/decoys_r_us/lmds/dd/multiple/lmds/1b0n-B/t0065.45802.pdb
lmds,1b0n-B,data/raw/decoy_cache/decoys_r_us/lmds/dd/multiple/lmds/1b0n-B/1b0n-B.pdb,data/raw/decoy_cache/decoys_r_us/lmds/dd/multiple/lmds/1b0n-B/t0065.45830.pdb
lmds,1b0n-B,data/raw/decoy_cache/decoys_r_us/lmds/dd/multiple/lmds/1b0n-B/1b0n-B.pdb,data/raw/decoy_cache/decoys_r_us/lmds/dd/multiple/lmds/1b0n-B/t0065.45852.pdb
lmds,1b0n-B,data/raw/decoy_cache/decoys_r_us/lmds/dd/multiple/lmds/1b0n-B/1b0n-B.pdb,data/raw/decoy_cache/decoys_r_us/lmds/dd/multiple/lmds/1b0n-B/t0065.45853.pdb
lmds,1b0n-B,data/raw/decoy_cache/decoys_r_us/lmds/dd/multiple/lmds/1b0n-B/1b0n-B.pdb,data/raw/decoy_cache/decoys_r_us/lmds/dd/multiple/lmds/1b0n-B/t0065.45854.pdb
lmds,1b0n-B,data/raw/decoy_cache/decoys_r_us/lmds/dd/multiple/lmds/1b0n-B/1b0n-B.pdb,data/raw/decoy_cache/decoys_r_us/lmds/dd/multiple/lmds/1b0n-B/t0065.45860.pdb
lmds,1b0n-B,data/raw/decoy_cache/decoys_r_us/lmds/dd/multiple/lmds/1b0n-B/1b0n-B.pdb,data/raw/decoy_cache/decoys_r_us/lmds/dd/multiple/lmds/1b0n-B/t0065.45881.pdb
lmds,1b0n-B,data/raw/decoy_cache/decoys_r_us/lmds/dd/multiple/lmds/1b0n-B/1b0n-B.pdb,data/raw/decoy_cache/decoys_r_us/lmds/dd/multiple/lmds/1b0n-B/t0065.45889.pdb
lmds,1b0n-B,data/raw/decoy_cache/decoys_r_us/lmds/dd/multiple/lmds/1b0n-B/1b0n-B.pdb,data/raw/decoy_cache/decoys_r_us/lmds/dd/multiple/lmds/1b0n-B/t0065.45919.pdb
lmds,1b0n-B,data/raw/decoy_cache/decoys_r_us/lmds/dd/multiple/lmds/1b0n-B/1b0n-B.pdb,data/raw/decoy_cache/decoys_r_us/lmds/dd/multiple/lmds/1b0n-B/t0065.45925.pdb
lmds,1b0n-B,data/raw/decoy_cache/decoys_r_us/lmds/dd/multiple/lmds/1b0n-B/1b0n-B.pdb,data/raw/decoy_cache/decoys_r_us/lmds/dd/multiple/lmds/1b0n-B/t0065.45944.pdb
lmds,1b0n-B,data/raw/decoy_cache/decoys_r_us/lmds/dd/multiple/lmds/1b0n-B/1b0n-B.pdb,data/raw/decoy_cache/decoys_r_us/lmds/dd/multiple/lmds/1b0n-B/t0065.45948.pdb
lmds,1b0n-B,data/raw/decoy_cache/decoys_r_us/lmds/dd/multiple/lmds/1b0n-B/1b0n-B.pdb,data/raw/decoy_cache/decoys_r_us/lmds/dd/multiple/lmds/1b0n-B/t0065.45967.pdb
lmds,1b0n-B,data/raw/decoy_cache/decoys_r_us/lmds/dd/multiple/lmds/1b0n-B/1b0n-B.pdb,data/raw/decoy_cache/decoys_r_us/lmds/dd/multiple/lmds/1b0n-B/t0065.45968.pdb
lmds,1b0n-B,data/raw/decoy_cache/decoys_r_us/lmds/dd/multiple/lmds/1b0n-B/1b0n-B.pdb,data/raw/decoy_cache/decoys_r_us/lmds/dd/multiple/lmds/1b0n-B/t0065.45981.pdb
lmds,1b0n-B,data/raw/decoy_cache/decoys_r_us/lmds/dd/multiple/lmds/1b0n-B/1b0n-B.pdb,data/raw/decoy_cache/decoys_r_us/lmds/dd/multiple/lmds/1b0n-B/t0065.45992.pdb
lmds,1b0n-B,data/raw/decoy_cache/decoys_r_us/lmds/dd/multiple/lmds/1b0n-B/1b0n-B.pdb,data/raw/decoy_cache/decoys_r_us/lmds/dd/multiple/lmds/1b0n-B/t0065.45994.pdb
lmds,1b0n-B,data/raw/decoy_cache/decoys_r_us/lmds/dd/multiple/lmds/1b0n-B/1b0n-B.pdb,data/raw/decoy_cache/decoys_r_us/lmds/dd/multiple/lmds/1b0n-B/t0065.45995.pdb
lmds,1b0n-B,data/raw/decoy_cache/decoys_r_us/lmds/dd/multiple/lmds/1b0n-B/1b0n-B.pdb,data/raw/decoy_cache/decoys_r_us/lmds/dd/multiple/lmds/1b0n-B/t0065.46004.pdb
lmds,1b0n-B,data/raw/decoy_cache/decoys_r_us/lmds/dd/multiple/lmds/1b0n-B/1b0n-B.pdb,data/raw/decoy_cache/decoys_r_us/lmds/dd/multiple/lmds/1b0n-B/t0065.46009.pdb
lmds,1b0n-B,data/raw/decoy_cache/decoys_r_us/lmds/dd/multiple/lmds/1b0n-B/1b0n-B.pdb,data/raw/decoy_cache/decoys_r_us/lmds/dd/multiple/lmds/1b0n-B/t0065.46021.pdb
lmds,1b0n-B,data/raw/decoy_cache/decoys_r_us/lmds/dd/multiple/lmds/1b0n-B/1b0n-B.pdb,data/raw/decoy_cache/decoys_r_us/lmds/dd/multiple/lmds/1b0n-B/t0065.46057.pdb
lmds,1b0n-B,data/raw/decoy_cache/decoys_r_us/lmds/dd/multiple/lmds/1b0n-B/1b0n-B.pdb,data/raw/decoy_cache/decoys_r_us/lmds/dd/multiple/lmds/1b0n-B/t0065.46131.pdb
lmds,1b0n-B,data/raw/decoy_cache/decoys_r_us/lmds/dd/multiple/lmds/1b0n-B/1b0n-B.pdb,data/raw/decoy_cache/decoys_r_us/lmds/dd/multiple/lmds/1b0n-B/t0065.46160.pdb
lmds,1b0n-B,data/raw/decoy_cache/decoys_r_us/lmds/dd/multiple/lmds/1b0n-B/1b0n-B.pdb,data/raw/decoy_cache/decoys_r_us/lmds/dd/multiple/lmds/1b0n-B/t0065.46164.pdb
lmds,1b0n-B,data/raw/decoy_cache/decoys_r_us/lmds/dd/multiple/lmds/1b0n-B/1b0n-B.pdb,data/raw/decoy_cache/decoys_r_us/lmds/dd/multiple/lmds/1b0n-B/t0065.46174.pdb
lmds,1b0n-B,data/raw/decoy_cache/decoys_r_us/lmds/dd/multiple/lmds/1b0n-B/1b0n-B.pdb,data/raw/decoy_cache/decoys_r_us/lmds/dd/multiple/lmds/1b0n-B/t0065.46175.pdb
lmds,1b0n-B,data/raw/decoy_cache/decoys_r_us/lmds/dd/multiple/lmds/1b0n-B/1b0n-B.pdb,data/raw/decoy_cache/decoys_r_us/lmds/dd/multiple/lmds/1b0n-B/t0065.46177.pdb
lmds,1b0n-B,data/raw/decoy_cache/decoys_r_us/lmds/dd/multiple/lmds/1b0n-B/1b0n-B.pdb,data/raw/decoy_cache/decoys_r_us/lmds/dd/multiple/lmds/1b0n-B/t0065.46189.pdb
lmds,1b0n-B,data/raw/decoy_cache/decoys_r_us/lmds/dd/multiple/lmds/1b0n-B/1b0n-B.pdb,data/raw/decoy_cache/decoys_r_us/lmds/dd/multiple/lmds/1b0n-B/t0065.46190.pdb
lmds,1b0n-B,data/raw/decoy_cache/decoys_r_us/lmds/dd/multiple/lmds/1b0n-B/1b0n-B.pdb,data/raw/decoy_cache/decoys_r_us/lmds/dd/multiple/lmds/1b0n-B/t0065.46203.pdb
lmds,1b0n-B,data/raw/decoy_cache/decoys_r_us/lmds/dd/multiple/lmds/1b0n-B/1b0n-B.pdb,data/raw/decoy_cache/decoys_r_us/lmds/dd/multiple/lmds/1b0n-B/t0065.46204.pdb
lmds,1b0n-B,data/raw/decoy_cache/decoys_r_us/lmds/dd/multiple/lmds/1b0n-B/1b0n-B.pdb,data/raw/decoy_cache/decoys_r_us/lmds/dd/multiple/lmds/1b0n-B/t0065.46235.pdb
lmds,1b0n-B,data/raw/decoy_cache/decoys_r_us/lmds/dd/multiple/lmds/1b0n-B/1b0n-B.pdb,data/raw/decoy_cache/decoys_r_us/lmds/dd/multiple/lmds/1b0n-B/t0065.46241.pdb
lmds,1b0n-B,data/raw/decoy_cache/decoys_r_us/lmds/dd/multiple/lmds/1b0n-B/1b0n-B.pdb,data/raw/decoy_cache/decoys_r_us/lmds/dd/multiple/lmds/1b0n-B/t0065.46250.pdb
lmds,1b0n-B,data/raw/decoy_cache/decoys_r_us/lmds/dd/multiple/lmds/1b0n-B/1b0n-B.pdb,data/raw/decoy_cache/decoys_r_us/lmds/dd/multiple/lmds/1b0n-B/t0065.46262.pdb
lmds,1b0n-B,data/raw/decoy_cache/decoys_r_us/lmds/dd/multiple/lmds/1b0n-B/1b0n-B.pdb,data/raw/decoy_cache/decoys_r_us/lmds/dd/multiple/lmds/1b0n-B/t0065.46278.pdb
lmds,1b0n-B,data/raw/decoy_cache/decoys_r_us/lmds/dd/multiple/lmds/1b0n-B/1b0n-B.pdb,data/raw/decoy_cache/decoys_r_us/lmds/dd/multiple/lmds/1b0n-B/t0065.46292.pdb
lmds,1b0n-B,data/raw/decoy_cache/decoys_r_us/lmds/dd/multiple/lmds/1b0n-B/1b0n-B.pdb,data/raw/decoy_cache/decoys_r_us/lmds/dd/multiple/lmds/1b0n-B/t0065.46301.pdb
lmds,1b0n-B,data/raw/decoy_cache/decoys_r_us/lmds/dd/multiple/lmds/1b0n-B/1b0n-B.pdb,data/raw/decoy_cache/decoys_r_us/lmds/dd/multiple/lmds/1b0n-B/t0065.46305.pdb
lmds,1b0n-B,data/raw/decoy_cache/decoys_r_us/lmds/dd/multiple/lmds/1b0n-B/1b0n-B.pdb,data/raw/decoy_cache/decoys_r_us/lmds/dd/multiple/lmds/1b0n-B/t0065.46429.pdb
lmds,1b0n-B,data/raw/decoy_cache/decoys_r_us/lmds/dd/multiple/lmds/1b0n-B/1b0n-B.pdb,data/raw/decoy_cache/decoys_r_us/lmds/dd/multiple/lmds/1b0n-B/t0065.46442.pdb
lmds,1b0n-B,data/raw/decoy_cache/decoys_r_us/lmds/dd/multiple/lmds/1b0n-B/1b0n-B.pdb,data/raw/decoy_cache/decoys_r_us/lmds/dd/multiple/lmds/1b0n-B/t0065.46544.pdb
lmds,1b0n-B,data/raw/decoy_cache/decoys_r_us/lmds/dd/multiple/lmds/1b0n-B/1b0n-B.pdb,data/raw/decoy_cache/decoys_r_us/lmds/dd/multiple/lmds/1b0n-B/t0065.46564.pdb
lmds,1b0n-B,data/raw/decoy_cache/decoys_r_us/lmds/dd/multiple/lmds/1b0n-B/1b0n-B.pdb,data/raw/decoy_cache/decoys_r_us/lmds/dd/multiple/lmds/1b0n-B/t0065.46618.pdb
lmds,1b0n-B,data/raw/decoy_cache/decoys_r_us/lmds/dd/multiple/lmds/1b0n-B/1b0n-B.pdb,data/raw/decoy_cache/decoys_r_us/lmds/dd/multiple/lmds/1b0n-B/t0065.46734.pdb
lmds,1b0n-B,data/raw/decoy_cache/decoys_r_us/lmds/dd/multiple/lmds/1b0n-B/1b0n-B.pdb,data/raw/decoy_cache/decoys_r_us/lmds/dd/multiple/lmds/1b0n-B/t0065.46764.pdb
lmds,1b0n-B,data/raw/decoy_cache/decoys_r_us/lmds/dd/multiple/lmds/1b0n-B/1b0n-B.pdb,data/raw/decoy_cache/decoys_r_us/lmds/dd/multiple/lmds/1b0n-B/t0065.46794.pdb
lmds,1b0n-B,data/raw/decoy_cache/decoys_r_us/lmds/dd/multiple/lmds/1b0n-B/1b0n-B.pdb,data/raw/decoy_cache/decoys_r_us/lmds/dd/multiple/lmds/1b0n-B/t0065.46868.pdb
lmds,1b0n-B,data/raw/decoy_cache/decoys_r_us/lmds/dd/multiple/lmds/1b0n-B/1b0n-B.pdb,data/raw/decoy_cache/decoys_r_us/lmds/dd/multiple/lmds/1b0n-B/t0065.47083.pdb
lmds,1b0n-B,data/raw/decoy_cache/decoys_r_us/lmds/dd/multiple/lmds/1b0n-B/1b0n-B.pdb,data/raw/decoy_cache/decoys_r_us/lmds/dd/multiple/lmds/1b0n-B/t0065.47378.pdb
lmds,1b0n-B,data/raw/decoy_cache/decoys_r_us/lmds/dd/multiple/lmds/1b0n-B/1b0n-B.pdb,data/raw/decoy_cache/decoys_r_us/lmds/dd/multiple/lmds/1b0n-B/t0065.47388.pdb
lmds,1b0n-B,data/raw/decoy_cache/decoys_r_us/lmds/dd/multiple/lmds/1b0n-B/1b0n-B.pdb,data/raw/decoy_cache/decoys_r_us/lmds/dd/multiple/lmds/1b0n-B/t0065.47656.pdb
lmds,1b0n-B,data/raw/decoy_cache/decoys_r_us/lmds/dd/multiple/lmds/1b0n-B/1b0n-B.pdb,data/raw/decoy_cache/decoys_r_us/lmds/dd/multiple/lmds/1b0n-B/t0065.5003.pdb
lmds,1b0n-B,data/raw/decoy_cache/decoys_r_us/lmds/dd/multiple/lmds/1b0n-B/1b0n-B.pdb,data/raw/decoy_cache/decoys_r_us/lmds/dd/multiple/lmds/1b0n-B/t0065.5035.pdb
lmds,1b0n-B,data/raw/decoy_cache/decoys_r_us/lmds/dd/multiple/lmds/1b0n-B/1b0n-B.pdb,data/raw/decoy_cache/decoys_r_us/lmds/dd/multiple/lmds/1b0n-B/t0065.5073.pdb
lmds,1b0n-B,data/raw/decoy_cache/decoys_r_us/lmds/dd/multiple/lmds/1b0n-B/1b0n-B.pdb,data/raw/decoy_cache/decoys_r_us/lmds/dd/multiple/lmds/1b0n-B/t0065.51512.pdb
lmds,1b0n-B,data/raw/decoy_cache/decoys_r_us/lmds/dd/multiple/lmds/1b0n-B/1b0n-B.pdb,data/raw/decoy_cache/decoys_r_us/lmds/dd/multiple/lmds/1b0n-B/t0065.52873.pdb
lmds,1b0n-B,data/raw/decoy_cache/decoys_r_us/lmds/dd/multiple/lmds/1b0n-B/1b0n-B.pdb,data/raw/decoy_cache/decoys_r_us/lmds/dd/multiple/lmds/1b0n-B/t0065.5327.pdb
lmds,1b0n-B,data/raw/decoy_cache/decoys_r_us/lmds/dd/multiple/lmds/1b0n-B/1b0n-B.pdb,data/raw/decoy_cache/decoys_r_us/lmds/dd/multiple/lmds/1b0n-B/t0065.54079.pdb
lmds,1b0n-B,data/raw/decoy_cache/decoys_r_us/lmds/dd/multiple/lmds/1b0n-B/1b0n-B.pdb,data/raw/decoy_cache/decoys_r_us/lmds/dd/multiple/lmds/1b0n-B/t0065.55333.pdb
lmds,1b0n-B,data/raw/decoy_cache/decoys_r_us/lmds/dd/multiple/lmds/1b0n-B/1b0n-B.pdb,data/raw/decoy_cache/decoys_r_us/lmds/dd/multiple/lmds/1b0n-B/t0065.5730.pdb
lmds,1b0n-B,data/raw/decoy_cache/decoys_r_us/lmds/dd/multiple/lmds/1b0n-B/1b0n-B.pdb,data/raw/decoy_cache/decoys_r_us/lmds/dd/multiple/lmds/1b0n-B/t0065.5791.pdb
lmds,1b0n-B,data/raw/decoy_cache/decoys_r_us/lmds/dd/multiple/lmds/1b0n-B/1b0n-B.pdb,data/raw/decoy_cache/decoys_r_us/lmds/dd/multiple/lmds/1b0n-B/t0065.6032.pdb
lmds,1b0n-B,data/raw/decoy_cache/decoys_r_us/lmds/dd/multiple/lmds/1b0n-B/1b0n-B.pdb,data/raw/decoy_cache/decoys_r_us/lmds/dd/multiple/lmds/1b0n-B/t0065.6176.pdb
lmds,1b0n-B,data/raw/decoy_cache/decoys_r_us/lmds/dd/multiple/lmds/1b0n-B/1b0n-B.pdb,data/raw/decoy_cache/decoys_r_us/lmds/dd/multiple/lmds/1b0n-B/t0065.6249.pdb
lmds,1bba,data/raw/decoy_cache/decoys_r_us/lmds/dd/multiple/lmds/doc/pdb_orig/1bba.pdb,data/raw/decoy_cache/decoys_r_us/lmds/dd/multiple/lmds/1bba/1bba.1012.pdb
lmds,1bba,data/raw/decoy_cache/decoys_r_us/lmds/dd/multiple/lmds/doc/pdb_orig/1bba.pdb,data/raw/decoy_cache/decoys_r_us/lmds/dd/multiple/lmds/1bba/1bba.1016.pdb
lmds,1bba,data/raw/decoy_cache/decoys_r_us/lmds/dd/multiple/lmds/doc/pdb_orig/1bba.pdb,data/raw/decoy_cache/decoys_r_us/lmds/dd/multiple/lmds/1bba/1bba.1062.pdb
lmds,1bba,data/raw/decoy_cache/decoys_r_us/lmds/dd/multiple/lmds/doc/pdb_orig/1bba.pdb,data/raw/decoy_cache/decoys_r_us/lmds/dd/multiple/lmds/1bba/1bba.1072.pdb
lmds,1bba,data/raw/decoy_cache/decoys_r_us/lmds/dd/multiple/lmds/doc/pdb_orig/1bba.pdb,data/raw/decoy_cache/decoys_r_us/lmds/dd/multiple/lmds/1bba/1bba.1085.pdb
lmds,1bba,data/raw/decoy_cache/decoys_r_us/lmds/dd/multiple/lmds/doc/pdb_orig/1bba.pdb,data/raw/decoy_cache/decoys_r_us/lmds/dd/multiple/lmds/1bba/1bba.1086.pdb
lmds,1bba,data/raw/decoy_cache/decoys_r_us/lmds/dd/multiple/lmds/doc/pdb_orig/1bba.pdb,data/raw/decoy_cache/decoys_r_us/lmds/dd/multiple/lmds/1bba/1bba.1093.pdb
lmds,1bba,data/raw/decoy_cache/decoys_r_us/lmds/dd/multiple/lmds/doc/pdb_orig/1bba.pdb,data/raw/decoy_cache/decoys_r_us/lmds/dd/multiple/lmds/1bba/1bba.1125.pdb
lmds,1bba,data/raw/decoy_cache/decoys_r_us/lmds/dd/multiple/lmds/doc/pdb_orig/1bba.pdb,data/raw/decoy_cache/decoys_r_us/lmds/dd/multiple/lmds/1bba/1bba.1154.pdb
lmds,1bba,data/raw/decoy_cache/decoys_r_us/lmds/dd/multiple/lmds/doc/pdb_orig/1bba.pdb,data/raw/decoy_cache/decoys_r_us/lmds/dd/multiple/lmds/1bba/1bba.1159.pdb
lmds,1bba,data/raw/decoy_cache/decoys_r_us/lmds/dd/multiple/lmds/doc/pdb_orig/1bba.pdb,data/raw/decoy_cache/decoys_r_us/lmds/dd/multiple/lmds/1bba/1bba.1204.pdb
lmds,1bba,data/raw/decoy_cache/decoys_r_us/lmds/dd/multiple/lmds/doc/pdb_orig/1bba.pdb,data/raw/decoy_cache/decoys_r_us/lmds/dd/multiple/lmds/1bba/1bba.1229.pdb
lmds,1bba,data/raw/decoy_cache/decoys_r_us/lmds/dd/multiple/lmds/doc/pdb_orig/1bba.pdb,data/raw/decoy_cache/decoys_r_us/lmds/dd/multiple/lmds/1bba/1bba.1238.pdb
lmds,1bba,data/raw/decoy_cache/decoys_r_us/lmds/dd/multiple/lmds/doc/pdb_orig/1bba.pdb,data/raw/decoy_cache/decoys_r_us/lmds/dd/multiple/lmds/1bba/1bba.1308.pdb
lmds,1bba,data/raw/decoy_cache/decoys_r_us/lmds/dd/multiple/lmds/doc/pdb_orig/1bba.pdb,data/raw/decoy_cache/decoys_r_us/lmds/dd/multiple/lmds/1bba/1bba.1320.pdb
lmds,1bba,data/raw/decoy_cache/decoys_r_us/lmds/dd/multiple/lmds/doc/pdb_orig/1bba.pdb,data/raw/decoy_cache/decoys_r_us/lmds/dd/multiple/lmds/1bba/1bba.1328.pdb
lmds,1bba,data/raw/decoy_cache/decoys_r_us/lmds/dd/multiple/lmds/doc/pdb_orig/1bba.pdb,data/raw/decoy_cache/decoys_r_us/lmds/dd/multiple/lmds/1bba/1bba.1339.pdb
lmds,1bba,data/raw/decoy_cache/decoys_r_us/lmds/dd/multiple/lmds/doc/pdb_orig/1bba.pdb,data/raw/decoy_cache/decoys_r_us/lmds/dd/multiple/lmds/1bba/1bba.1341.pdb
lmds,1bba,data/raw/decoy_cache/decoys_r_us/lmds/dd/multiple/lmds/doc/pdb_orig/1bba.pdb,data/raw/decoy_cache/decoys_r_us/lmds/dd/multiple/lmds/1bba/1bba.1365.pdb
lmds,1bba,data/raw/decoy_cache/decoys_r_us/lmds/dd/multiple/lmds/doc/pdb_orig/1bba.pdb,data/raw/decoy_cache/decoys_r_us/lmds/dd/multiple/lmds/1bba/1bba.1382.pdb
lmds,1bba,data/raw/decoy_cache/decoys_r_us/lmds/dd/multiple/lmds/doc/pdb_orig/1bba.pdb,data/raw/decoy_cache/decoys_r_us/lmds/dd/multiple/lmds/1bba/1bba.1395.pdb
lmds,1bba,data/raw/decoy_cache/decoys_r_us/lmds/dd/multiple/lmds/doc/pdb_orig/1bba.pdb,data/raw/decoy_cache/decoys_r_us/lmds/dd/multiple/lmds/1bba/1bba.1397.pdb
lmds,1bba,data/raw/decoy_cache/decoys_r_us/lmds/dd/multiple/lmds/doc/pdb_orig/1bba.pdb,data/raw/decoy_cache/decoys_r_us/lmds/dd/multiple/lmds/1bba/1bba.1430.pdb
lmds,1bba,data/raw/decoy_cache/decoys_r_us/lmds/dd/multiple/lmds/doc/pdb_orig/1bba.pdb,data/raw/decoy_cache/decoys_r_us/lmds/dd/multiple/lmds/1bba/1bba.145.pdb
lmds,1bba,data/raw/decoy_cache/decoys_r_us/lmds/dd/multiple/lmds/doc/pdb_orig/1bba.pdb,data/raw/decoy_cache/decoys_r_us/lmds/dd/multiple/lmds/1bba/1bba.1468.pdb
lmds,1bba,data/raw/decoy_cache/decoys_r_us/lmds/dd/multiple/lmds/doc/pdb_orig/1bba.pdb,data/raw/decoy_cache/decoys_r_us/lmds/dd/multiple/lmds/1bba/1bba.1509.pdb
lmds,1bba,data/raw/decoy_cache/decoys_r_us/lmds/dd/multiple/lmds/doc/pdb_orig/1bba.pdb,data/raw/decoy_cache/decoys_r_us/lmds/dd/multiple/lmds/1bba/1bba.1530.pdb
lmds,1bba,data/raw/decoy_cache/decoys_r_us/lmds/dd/multiple/lmds/doc/pdb_orig/1bba.pdb,data/raw/decoy_cache/decoys_r_us/lmds/dd/multiple/lmds/1bba/1bba.1531.pdb
lmds,1bba,data/raw/decoy_cache/decoys_r_us/lmds/dd/multiple/lmds/doc/pdb_orig/1bba.pdb,data/raw/decoy_cache/decoys_r_us/lmds/dd/multiple/lmds/1bba/1bba.1536.pdb
lmds,1bba,data/raw/decoy_cache/decoys_r_us/lmds/dd/multiple/lmds/doc/pdb_orig/1bba.pdb,data/raw/decoy_cache/decoys_r_us/lmds/dd/multiple/lmds/1bba/1bba.1559.pdb
lmds,1bba,data/raw/decoy_cache/decoys_r_us/lmds/dd/multiple/lmds/doc/pdb_orig/1bba.pdb,data/raw/decoy_cache/decoys_r_us/lmds/dd/multiple/lmds/1bba/1bba.1569.pdb
lmds,1bba,data/raw/decoy_cache/decoys_r_us/lmds/dd/multiple/lmds/doc/pdb_orig/1bba.pdb,data/raw/decoy_cache/decoys_r_us/lmds/dd/multiple/lmds/1bba/1bba.1602.pdb
lmds,1bba,data/raw/decoy_cache/decoys_r_us/lmds/dd/multiple/lmds/doc/pdb_orig/1bba.pdb,data/raw/decoy_cache/decoys_r_us/lmds/dd/multiple/lmds/1bba/1bba.1612.pdb
lmds,1bba,data/raw/decoy_cache/decoys_r_us/lmds/dd/multiple/lmds/doc/pdb_orig/1bba.pdb,data/raw/decoy_cache/decoys_r_us/lmds/dd/multiple/lmds/1bba/1bba.1643.pdb
lmds,1bba,data/raw/decoy_cache/decoys_r_us/lmds/dd/multiple/lmds/doc/pdb_orig/1bba.pdb,data/raw/decoy_cache/decoys_r_us/lmds/dd/multiple/lmds/1bba/1bba.1645.pdb
lmds,1bba,data/raw/decoy_cache/decoys_r_us/lmds/dd/multiple/lmds/doc/pdb_orig/1bba.pdb,data/raw/decoy_cache/decoys_r_us/lmds/dd/multiple/lmds/1bba/1bba.1662.pdb
lmds,1bba,data/raw/decoy_cache/decoys_r_us/lmds/dd/multiple/lmds/doc/pdb_orig/1bba.pdb,data/raw/decoy_cache/decoys_r_us/lmds/dd/multiple/lmds/1bba/1bba.1697.pdb
lmds,1bba,data/raw/decoy_cache/decoys_r_us/lmds/dd/multiple/lmds/doc/pdb_orig/1bba.pdb,data/raw/decoy_cache/decoys_r_us/lmds/dd/multiple/lmds/1bba/1bba.1718.pdb
lmds,1bba,data/raw/decoy_cache/decoys_r_us/lmds/dd/multiple/lmds/doc/pdb_orig/1bba.pdb,data/raw/decoy_cache/decoys_r_us/lmds/dd/multiple/lmds/1bba/1bba.1739.pdb
lmds,1bba,data/raw/decoy_cache/decoys_r_us/lmds/dd/multiple/lmds/doc/pdb_orig/1bba.pdb,data/raw/decoy_cache/decoys_r_us/lmds/dd/multiple/lmds/1bba/1bba.1741.pdb
lmds,1bba,data/raw/decoy_cache/decoys_r_us/lmds/dd/multiple/lmds/doc/pdb_orig/1bba.pdb,data/raw/decoy_cache/decoys_r_us/lmds/dd/multiple/lmds/1bba/1bba.1743.pdb
lmds,1bba,data/raw/decoy_cache/decoys_r_us/lmds/dd/multiple/lmds/doc/pdb_orig/1bba.pdb,data/raw/decoy_cache/decoys_r_us/lmds/dd/multiple/lmds/1bba/1bba.178.pdb
lmds,1bba,data/raw/decoy_cache/decoys_r_us/lmds/dd/multiple/lmds/doc/pdb_orig/1bba.pdb,data/raw/decoy_cache/decoys_r_us/lmds/dd/multiple/lmds/1bba/1bba.1785.pdb
lmds,1bba,data/raw/decoy_cache/decoys_r_us/lmds/dd/multiple/lmds/doc/pdb_orig/1bba.pdb,data/raw/decoy_cache/decoys_r_us/lmds/dd/multiple/lmds/1bba/1bba.1786.pdb
lmds,1bba,data/raw/decoy_cache/decoys_r_us/lmds/dd/multiple/lmds/doc/pdb_orig/1bba.pdb,data/raw/decoy_cache/decoys_r_us/lmds/dd/multiple/lmds/1bba/1bba.1789.pdb
lmds,1bba,data/raw/decoy_cache/decoys_r_us/lmds/dd/multiple/lmds/doc/pdb_orig/1bba.pdb,data/raw/decoy_cache/decoys_r_us/lmds/dd/multiple/lmds/1bba/1bba.1803.pdb
lmds,1bba,data/raw/decoy_cache/decoys_r_us/lmds/dd/multiple/lmds/doc/pdb_orig/1bba.pdb,data/raw/decoy_cache/decoys_r_us/lmds/dd/multiple/lmds/1bba/1bba.1831.pdb
lmds,1bba,data/raw/decoy_cache/decoys_r_us/lmds/dd/multiple/lmds/doc/pdb_orig/1bba.pdb,data/raw/decoy_cache/decoys_r_us/lmds/dd/multiple/lmds/1bba/1bba.1844.pdb
lmds,1bba,data/raw/decoy_cache/decoys_r_us/lmds/dd/multiple/lmds/doc/pdb_orig/1bba.pdb,data/raw/decoy_cache/decoys_r_us/lmds/dd/multiple/lmds/1bba/1bba.1846.pdb
lmds,1bba,data/raw/decoy_cache/decoys_r_us/lmds/dd/multiple/lmds/doc/pdb_orig/1bba.pdb,data/raw/decoy_cache/decoys_r_us/lmds/dd/multiple/lmds/1bba/1bba.1873.pdb
lmds,1bba,data/raw/decoy_cache/decoys_r_us/lmds/dd/multiple/lmds/doc/pdb_orig/1bba.pdb,data/raw/decoy_cache/decoys_r_us/lmds/dd/multiple/lmds/1bba/1bba.191.pdb
lmds,1bba,data/raw/decoy_cache/decoys_r_us/lmds/dd/multiple/lmds/doc/pdb_orig/1bba.pdb,data/raw/decoy_cache/decoys_r_us/lmds/dd/multiple/lmds/1bba/1bba.1923.pdb
lmds,1bba,data/raw/decoy_cache/decoys_r_us/lmds/dd/multiple/lmds/doc/pdb_orig/1bba.pdb,data/raw/decoy_cache/decoys_r_us/lmds/dd/multiple/lmds/1bba/1bba.1935.pdb
lmds,1bba,data/raw/decoy_cache/decoys_r_us/lmds/dd/multiple/lmds/doc/pdb_orig/1bba.pdb,data/raw/decoy_cache/decoys_r_us/lmds/dd/multiple/lmds/1bba/1bba.1978.pdb
lmds,1bba,data/raw/decoy_cache/decoys_r_us/lmds/dd/multiple/lmds/doc/pdb_orig/1bba.pdb,data/raw/decoy_cache/decoys_r_us/lmds/dd/multiple/lmds/1bba/1bba.1993.pdb
lmds,1bba,data/raw/decoy_cache/decoys_r_us/lmds/dd/multiple/lmds/doc/pdb_orig/1bba.pdb,data/raw/decoy_cache/decoys_r_us/lmds/dd/multiple/lmds/1bba/1bba.2048.pdb
lmds,1bba,data/raw/decoy_cache/decoys_r_us/lmds/dd/multiple/lmds/doc/pdb_orig/1bba.pdb,data/raw/decoy_cache/decoys_r_us/lmds/dd/multiple/lmds/1bba/1bba.2059.pdb
lmds,1bba,data/raw/decoy_cache/decoys_r_us/lmds/dd/multiple/lmds/doc/pdb_orig/1bba.pdb,data/raw/decoy_cache/decoys_r_us/lmds/dd/multiple/lmds/1bba/1bba.2064.pdb
lmds,1bba,data/raw/decoy_cache/decoys_r_us/lmds/dd/multiple/lmds/doc/pdb_orig/1bba.pdb,data/raw/decoy_cache/decoys_r_us/lmds/dd/multiple/lmds/1bba/1bba.2086.pdb
lmds,1bba,data/raw/decoy_cache/decoys_r_us/lmds/dd/multiple/lmds/doc/pdb_orig/1bba.pdb,data/raw/decoy_cache/decoys_r_us/lmds/dd/multiple/lmds/1bba/1bba.2103.pdb
lmds,1bba,data/raw/decoy_cache/decoys_r_us/lmds/dd/multiple/lmds/doc/pdb_orig/1bba.pdb,data/raw/decoy_cache/decoys_r_us/lmds/dd/multiple/lmds/1bba/1bba.2120.pdb
lmds,1bba,data/raw/decoy_cache/decoys_r_us/lmds/dd/multiple/lmds/doc/pdb_orig/1bba.pdb,data/raw/decoy_cache/decoys_r_us/lmds/dd/multiple/lmds/1bba/1bba.2138.pdb
lmds,1bba,data/raw/decoy_cache/decoys_r_us/lmds/dd/multiple/lmds/doc/pdb_orig/1bba.pdb,data/raw/decoy_cache/decoys_r_us/lmds/dd/multiple/lmds/1bba/1bba.2153.pdb
lmds,1bba,data/raw/decoy_cache/decoys_r_us/lmds/dd/multiple/lmds/doc/pdb_orig/1bba.pdb,data/raw/decoy_cache/decoys_r_us/lmds/dd/multiple/lmds/1bba/1bba.216.pdb
lmds,1bba,data/raw/decoy_cache/decoys_r_us/lmds/dd/multiple/lmds/doc/pdb_orig/1bba.pdb,data/raw/decoy_cache/decoys_r_us/lmds/dd/multiple/lmds/1bba/1bba.2162.pdb
lmds,1bba,data/raw/decoy_cache/decoys_r_us/lmds/dd/multiple/lmds/doc/pdb_orig/1bba.pdb,data/raw/decoy_cache/decoys_r_us/lmds/dd/multiple/lmds/1bba/1bba.2178.pdb
lmds,1bba,data/raw/decoy_cache/decoys_r_us/lmds/dd/multiple/lmds/doc/pdb_orig/1bba.pdb,data/raw/decoy_cache/decoys_r_us/lmds/dd/multiple/lmds/1bba/1bba.2197.pdb
lmds,1bba,data/raw/decoy_cache/decoys_r_us/lmds/dd/multiple/lmds/doc/pdb_orig/1bba.pdb,data/raw/decoy_cache/decoys_r_us/lmds/dd/multiple/lmds/1bba/1bba.2208.pdb
lmds,1bba,data/raw/decoy_cache/decoys_r_us/lmds/dd/multiple/lmds/doc/pdb_orig/1bba.pdb,data/raw/decoy_cache/decoys_r_us/lmds/dd/multiple/lmds/1bba/1bba.2211.pdb
lmds,1bba,data/raw/decoy_cache/decoys_r_us/lmds/dd/multiple/lmds/doc/pdb_orig/1bba.pdb,data/raw/decoy_cache/decoys_r_us/lmds/dd/multiple/lmds/1bba/1bba.2216.pdb
lmds,1bba,data/raw/decoy_cache/decoys_r_us/lmds/dd/multiple/lmds/doc/pdb_orig/1bba.pdb,data/raw/decoy_cache/decoys_r_us/lmds/dd/multiple/lmds/1bba/1bba.2232.pdb
lmds,1bba,data/raw/decoy_cache/decoys_r_us/lmds/dd/multiple/lmds/doc/pdb_orig/1bba.pdb,data/raw/decoy_cache/decoys_r_us/lmds/dd/multiple/lmds/1bba/1bba.2249.pdb
lmds,1bba,data/raw/decoy_cache/decoys_r_us/lmds/dd/multiple/lmds/doc/pdb_orig/1bba.pdb,data/raw/decoy_cache/decoys_r_us/lmds/dd/multiple/lmds/1bba/1bba.2250.pdb
lmds,1bba,data/raw/decoy_cache/decoys_r_us/lmds/dd/multiple/lmds/doc/pdb_orig/1bba.pdb,data/raw/decoy_cache/decoys_r_us/lmds/dd/multiple/lmds/1bba/1bba.2269.pdb
lmds,1bba,data/raw/decoy_cache/decoys_r_us/lmds/dd/multiple/lmds/doc/pdb_orig/1bba.pdb,data/raw/decoy_cache/decoys_r_us/lmds/dd/multiple/lmds/1bba/1bba.2322.pdb
lmds,1bba,data/raw/decoy_cache/decoys_r_us/lmds/dd/multiple/lmds/doc/pdb_orig/1bba.pdb,data/raw/decoy_cache/decoys_r_us/lmds/dd/multiple/lmds/1bba/1bba.2347.pdb
lmds,1bba,data/raw/decoy_cache/decoys_r_us/lmds/dd/multiple/lmds/doc/pdb_orig/1bba.pdb,data/raw/decoy_cache/decoys_r_us/lmds/dd/multiple/lmds/1bba/1bba.2393.pdb
lmds,1bba,data/raw/decoy_cache/decoys_r_us/lmds/dd/multiple/lmds/doc/pdb_orig/1bba.pdb,data/raw/decoy_cache/decoys_r_us/lmds/dd/multiple/lmds/1bba/1bba.2395.pdb
lmds,1bba,data/raw/decoy_cache/decoys_r_us/lmds/dd/multiple/lmds/doc/pdb_orig/1bba.pdb,data/raw/decoy_cache/decoys_r_us/lmds/dd/multiple/lmds/1bba/1bba.241.pdb
lmds,1bba,data/raw/decoy_cache/decoys_r_us/lmds/dd/multiple/lmds/doc/pdb_orig/1bba.pdb,data/raw/decoy_cache/decoys_r_us/lmds/dd/multiple/lmds/1bba/1bba.2422.pdb
lmds,1bba,data/raw/decoy_cache/decoys_r_us/lmds/dd/multiple/lmds/doc/pdb_orig/1bba.pdb,data/raw/decoy_cache/decoys_r_us/lmds/dd/multiple/lmds/1bba/1bba.2427.pdb
lmds,1bba,data/raw/decoy_cache/decoys_r_us/lmds/dd/multiple/lmds/doc/pdb_orig/1bba.pdb,data/raw/decoy_cache/decoys_r_us/lmds/dd/multiple/lmds/1bba/1bba.2455.pdb
lmds,1bba,data/raw/decoy_cache/decoys_r_us/lmds/dd/multiple/lmds/doc/pdb_orig/1bba.pdb,data/raw/decoy_cache/decoys_r_us/lmds/dd/multiple/lmds/1bba/1bba.2480.pdb
lmds,1bba,data/raw/decoy_cache/decoys_r_us/lmds/dd/multiple/lmds/doc/pdb_orig/1bba.pdb,data/raw/decoy_cache/decoys_r_us/lmds/dd/multiple/lmds/1bba/1bba.2493.pdb
lmds,1bba,data/raw/decoy_cache/decoys_r_us/lmds/dd/multiple/lmds/doc/pdb_orig/1bba.pdb,data/raw/decoy_cache/decoys_r_us/lmds/dd/multiple/lmds/1bba/1bba.2517.pdb
lmds,1bba,data/raw/decoy_cache/decoys_r_us/lmds/dd/multiple/lmds/doc/pdb_orig/1bba.pdb,data/raw/decoy_cache/decoys_r_us/lmds/dd/multiple/lmds/1bba/1bba.2536.pdb
lmds,1bba,data/raw/decoy_cache/decoys_r_us/lmds/dd/multiple/lmds/doc/pdb_orig/1bba.pdb,data/raw/decoy_cache/decoys_r_us/lmds/dd/multiple/lmds/1bba/1bba.2554.pdb
lmds,1bba,data/raw/decoy_cache/decoys_r_us/lmds/dd/multiple/lmds/doc/pdb_orig/1bba.pdb,data/raw/decoy_cache/decoys_r_us/lmds/dd/multiple/lmds/1bba/1bba.2583.pdb
lmds,1bba,data/raw/decoy_cache/decoys_r_us/lmds/dd/multiple/lmds/doc/pdb_orig/1bba.pdb,data/raw/decoy_cache/decoys_r_us/lmds/dd/multiple/lmds/1bba/1bba.2619.pdb
lmds,1bba,data/raw/decoy_cache/decoys_r_us/lmds/dd/multiple/lmds/doc/pdb_orig/1bba.pdb,data/raw/decoy_cache/decoys_r_us/lmds/dd/multiple/lmds/1bba/1bba.262.pdb
lmds,1bba,data/raw/decoy_cache/decoys_r_us/lmds/dd/multiple/lmds/doc/pdb_orig/1bba.pdb,data/raw/decoy_cache/decoys_r_us/lmds/dd/multiple/lmds/1bba/1bba.2646.pdb
lmds,1bba,data/raw/decoy_cache/decoys_r_us/lmds/dd/multiple/lmds/doc/pdb_orig/1bba.pdb,data/raw/decoy_cache/decoys_r_us/lmds/dd/multiple/lmds/1bba/1bba.2654.pdb
lmds,1bba,data/raw/decoy_cache/decoys_r_us/lmds/dd/multiple/lmds/doc/pdb_orig/1bba.pdb,data/raw/decoy_cache/decoys_r_us/lmds/dd/multiple/lmds/1bba/1bba.2665.pdb
lmds,1bba,data/raw/decoy_cache/decoys_r_us/lmds/dd/multiple/lmds/doc/pdb_orig/1bba.pdb,data/raw/decoy_cache/decoys_r_us/lmds/dd/multiple/lmds/1bba/1bba.2675.pdb
lmds,1bba,data/raw/decoy_cache/decoys_r_us/lmds/dd/multiple/lmds/doc/pdb_orig/1bba.pdb,data/raw/decoy_cache/decoys_r_us/lmds/dd/multiple/lmds/1bba/1bba.2677.pdb
lmds,1bba,data/raw/decoy_cache/decoys_r_us/lmds/dd/multiple/lmds/doc/pdb_orig/1bba.pdb,data/raw/decoy_cache/decoys_r_us/lmds/dd/multiple/lmds/1bba/1bba.2690.pdb
lmds,1bba,data/raw/decoy_cache/decoys_r_us/lmds/dd/multiple/lmds/doc/pdb_orig/1bba.pdb,data/raw/decoy_cache/decoys_r_us/lmds/dd/multiple/lmds/1bba/1bba.270.pdb
lmds,1bba,data/raw/decoy_cache/decoys_r_us/lmds/dd/multiple/lmds/doc/pdb_orig/1bba.pdb,data/raw/decoy_cache/decoys_r_us/lmds/dd/multiple/lmds/1bba/1bba.271.pdb
lmds,1bba,data/raw/decoy_cache/decoys_r_us/lmds/dd/multiple/lmds/doc/pdb_orig/1bba.pdb,data/raw/decoy_cache/decoys_r_us/lmds/dd/multiple/lmds/1bba/1bba.2712.pdb
lmds,1bba,data/raw/decoy_cache/decoys_r_us/lmds/dd/multiple/lmds/doc/pdb_orig/1bba.pdb,data/raw/decoy_cache/decoys_r_us/lmds/dd/multiple/lmds/1bba/1bba.273.pdb
lmds,1bba,data/raw/decoy_cache/decoys_r_us/lmds/dd/multiple/lmds/doc/pdb_orig/1bba.pdb,data/raw/decoy_cache/decoys_r_us/lmds/dd/multiple/lmds/1bba/1bba.2733.pdb
lmds,1bba,data/raw/decoy_cache/decoys_r_us/lmds/dd/multiple/lmds/doc/pdb_orig/1bba.pdb,data/raw/decoy_cache/decoys_r_us/lmds/dd/multiple/lmds/1bba/1bba.2735.pdb
lmds,1bba,data/raw/decoy_cache/decoys_r_us/lmds/dd/multiple/lmds/doc/pdb_orig/1bba.pdb,data/raw/decoy_cache/decoys_r_us/lmds/dd/multiple/lmds/1bba/1bba.2736.pdb
lmds,1bba,data/raw/decoy_cache/decoys_r_us/lmds/dd/multiple/lmds/doc/pdb_orig/1bba.pdb,data/raw/decoy_cache/decoys_r_us/lmds/dd/multiple/lmds/1bba/1bba.2776.pdb
lmds,1bba,data/raw/decoy_cache/decoys_r_us/lmds/dd/multiple/lmds/doc/pdb_orig/1bba.pdb,data/raw/decoy_cache/decoys_r_us/lmds/dd/multiple/lmds/1bba/1bba.2796.pdb
lmds,1bba,data/raw/decoy_cache/decoys_r_us/lmds/dd/multiple/lmds/doc/pdb_orig/1bba.pdb,data/raw/decoy_cache/decoys_r_us/lmds/dd/multiple/lmds/1bba/1bba.2821.pdb
lmds,1bba,data/raw/decoy_cache/decoys_r_us/lmds/dd/multiple/lmds/doc/pdb_orig/1bba.pdb,data/raw/decoy_cache/decoys_r_us/lmds/dd/multiple/lmds/1bba/1bba.2832.pdb
lmds,1bba,data/raw/decoy_cache/decoys_r_us/lmds/dd/multiple/lmds/doc/pdb_orig/1bba.pdb,data/raw/decoy_cache/decoys_r_us/lmds/dd/multiple/lmds/1bba/1bba.285.pdb
lmds,1bba,data/raw/decoy_cache/decoys_r_us/lmds/dd/multiple/lmds/doc/pdb_orig/1bba.pdb,data/raw/decoy_cache/decoys_r_us/lmds/dd/multiple/lmds/1bba/1bba.2864.pdb
lmds,1bba,data/raw/decoy_cache/decoys_r_us/lmds/dd/multiple/lmds/doc/pdb_orig/1bba.pdb,data/raw/decoy_cache/decoys_r_us/lmds/dd/multiple/lmds/1bba/1bba.2875.pdb
lmds,1bba,data/raw/decoy_cache/decoys_r_us/lmds/dd/multiple/lmds/doc/pdb_orig/1bba.pdb,data/raw/decoy_cache/decoys_r_us/lmds/dd/multiple/lmds/1bba/1bba.2893.pdb
lmds,1bba,data/raw/decoy_cache/decoys_r_us/lmds/dd/multiple/lmds/doc/pdb_orig/1bba.pdb,data/raw/decoy_cache/decoys_r_us/lmds/dd/multiple/lmds/1bba/1bba.291.pdb
lmds,1bba,data/raw/decoy_cache/decoys_r_us/lmds/dd/multiple/lmds/doc/pdb_orig/1bba.pdb,data/raw/decoy_cache/decoys_r_us/lmds/dd/multiple/lmds/1bba/1bba.2911.pdb
lmds,1bba,data/raw/decoy_cache/decoys_r_us/lmds/dd/multiple/lmds/doc/pdb_orig/1bba.pdb,data/raw/decoy_cache/decoys_r_us/lmds/dd/multiple/lmds/1bba/1bba.2912.pdb
lmds,1bba,data/raw/decoy_cache/decoys_r_us/lmds/dd/multiple/lmds/doc/pdb_orig/1bba.pdb,data/raw/decoy_cache/decoys_r_us/lmds/dd/multiple/lmds/1bba/1bba.2954.pdb
lmds,1bba,data/raw/decoy_cache/decoys_r_us/lmds/dd/multiple/lmds/doc/pdb_orig/1bba.pdb,data/raw/decoy_cache/decoys_r_us/lmds/dd/multiple/lmds/1bba/1bba.2972.pdb
lmds,1bba,data/raw/decoy_cache/decoys_r_us/lmds/dd/multiple/lmds/doc/pdb_orig/1bba.pdb,data/raw/decoy_cache/decoys_r_us/lmds/dd/multiple/lmds/1bba/1bba.2982.pdb
lmds,1bba,data/raw/decoy_cache/decoys_r_us/lmds/dd/multiple/lmds/doc/pdb_orig/1bba.pdb,data/raw/decoy_cache/decoys_r_us/lmds/dd/multiple/lmds/1bba/1bba.2992.pdb
lmds,1bba,data/raw/decoy_cache/decoys_r_us/lmds/dd/multiple/lmds/doc/pdb_orig/1bba.pdb,data/raw/decoy_cache/decoys_r_us/lmds/dd/multiple/lmds/1bba/1bba.2996.pdb
lmds,1bba,data/raw/decoy_cache/decoys_r_us/lmds/dd/multiple/lmds/doc/pdb_orig/1bba.pdb,data/raw/decoy_cache/decoys_r_us/lmds/dd/multiple/lmds/1bba/1bba.2998.pdb
lmds,1bba,data/raw/decoy_cache/decoys_r_us/lmds/dd/multiple/lmds/doc/pdb_orig/1bba.pdb,data/raw/decoy_cache/decoys_r_us/lmds/dd/multiple/lmds/1bba/1bba.3023.pdb
lmds,1bba,data/raw/decoy_cache/decoys_r_us/lmds/dd/multiple/lmds/doc/pdb_orig/1bba.pdb,data/raw/decoy_cache/decoys_r_us/lmds/dd/multiple/lmds/1bba/1bba.3035.pdb
lmds,1bba,data/raw/decoy_cache/decoys_r_us/lmds/dd/multiple/lmds/doc/pdb_orig/1bba.pdb,data/raw/decoy_cache/decoys_r_us/lmds/dd/multiple/lmds/1bba/1bba.3050.pdb
lmds,1bba,data/raw/decoy_cache/decoys_r_us/lmds/dd/multiple/lmds/doc/pdb_orig/1bba.pdb,data/raw/decoy_cache/decoys_r_us/lmds/dd/multiple/lmds/1bba/1bba.3075.pdb
lmds,1bba,data/raw/decoy_cache/decoys_r_us/lmds/dd/multiple/lmds/doc/pdb_orig/1bba.pdb,data/raw/decoy_cache/decoys_r_us/lmds/dd/multiple/lmds/1bba/1bba.3076.pdb
lmds,1bba,data/raw/decoy_cache/decoys_r_us/lmds/dd/multiple/lmds/doc/pdb_orig/1bba.pdb,data/raw/decoy_cache/decoys_r_us/lmds/dd/multiple/lmds/1bba/1bba.3082.pdb
lmds,1bba,data/raw/decoy_cache/decoys_r_us/lmds/dd/multiple/lmds/doc/pdb_orig/1bba.pdb,data/raw/decoy_cache/decoys_r_us/lmds/dd/multiple/lmds/1bba/1bba.3086.pdb
lmds,1bba,data/raw/decoy_cache/decoys_r_us/lmds/dd/multiple/lmds/doc/pdb_orig/1bba.pdb,data/raw/decoy_cache/decoys_r_us/lmds/dd/multiple/lmds/1bba/1bba.3089.pdb
lmds,1bba,data/raw/decoy_cache/decoys_r_us/lmds/dd/multiple/lmds/doc/pdb_orig/1bba.pdb,data/raw/decoy_cache/decoys_r_us/lmds/dd/multiple/lmds/1bba/1bba.3099.pdb
lmds,1bba,data/raw/decoy_cache/decoys_r_us/lmds/dd/multiple/lmds/doc/pdb_orig/1bba.pdb,data/raw/decoy_cache/decoys_r_us/lmds/dd/multiple/lmds/1bba/1bba.3143.pdb
lmds,1bba,data/raw/decoy_cache/decoys_r_us/lmds/dd/multiple/lmds/doc/pdb_orig/1bba.pdb,data/raw/decoy_cache/decoys_r_us/lmds/dd/multiple/lmds/1bba/1bba.3162.pdb
lmds,1bba,data/raw/decoy_cache/decoys_r_us/lmds/dd/multiple/lmds/doc/pdb_orig/1bba.pdb,data/raw/decoy_cache/decoys_r_us/lmds/dd/multiple/lmds/1bba/1bba.3168.pdb
lmds,1bba,data/raw/decoy_cache/decoys_r_us/lmds/dd/multiple/lmds/doc/pdb_orig/1bba.pdb,data/raw/decoy_cache/decoys_r_us/lmds/dd/multiple/lmds/1bba/1bba.3189.pdb
lmds,1bba,data/raw/decoy_cache/decoys_r_us/lmds/dd/multiple/lmds/doc/pdb_orig/1bba.pdb,data/raw/decoy_cache/decoys_r_us/lmds/dd/multiple/lmds/1bba/1bba.3216.pdb
lmds,1bba,data/raw/decoy_cache/decoys_r_us/lmds/dd/multiple/lmds/doc/pdb_orig/1bba.pdb,data/raw/decoy_cache/decoys_r_us/lmds/dd/multiple/lmds/1bba/1bba.3237.pdb
lmds,1bba,data/raw/decoy_cache/decoys_r_us/lmds/dd/multiple/lmds/doc/pdb_orig/1bba.pdb,data/raw/decoy_cache/decoys_r_us/lmds/dd/multiple/lmds/1bba/1bba.3248.pdb
lmds,1bba,data/raw/decoy_cache/decoys_r_us/lmds/dd/multiple/lmds/doc/pdb_orig/1bba.pdb,data/raw/decoy_cache/decoys_r_us/lmds/dd/multiple/lmds/1bba/1bba.3266.pdb
lmds,1bba,data/raw/decoy_cache/decoys_r_us/lmds/dd/multiple/lmds/doc/pdb_orig/1bba.pdb,data/raw/decoy_cache/decoys_r_us/lmds/dd/multiple/lmds/1bba/1bba.3296.pdb
lmds,1bba,data/raw/decoy_cache/decoys_r_us/lmds/dd/multiple/lmds/doc/pdb_orig/1bba.pdb,data/raw/decoy_cache/decoys_r_us/lmds/dd/multiple/lmds/1bba/1bba.3323.pdb
lmds,1bba,data/raw/decoy_cache/decoys_r_us/lmds/dd/multiple/lmds/doc/pdb_orig/1bba.pdb,data/raw/decoy_cache/decoys_r_us/lmds/dd/multiple/lmds/1bba/1bba.3331.pdb
lmds,1bba,data/raw/decoy_cache/decoys_r_us/lmds/dd/multiple/lmds/doc/pdb_orig/1bba.pdb,data/raw/decoy_cache/decoys_r_us/lmds/dd/multiple/lmds/1bba/1bba.3360.pdb
lmds,1bba,data/raw/decoy_cache/decoys_r_us/lmds/dd/multiple/lmds/doc/pdb_orig/1bba.pdb,data/raw/decoy_cache/decoys_r_us/lmds/dd/multiple/lmds/1bba/1bba.3377.pdb
lmds,1bba,data/raw/decoy_cache/decoys_r_us/lmds/dd/multiple/lmds/doc/pdb_orig/1bba.pdb,data/raw/decoy_cache/decoys_r_us/lmds/dd/multiple/lmds/1bba/1bba.3379.pdb
lmds,1bba,data/raw/decoy_cache/decoys_r_us/lmds/dd/multiple/lmds/doc/pdb_orig/1bba.pdb,data/raw/decoy_cache/decoys_r_us/lmds/dd/multiple/lmds/1bba/1bba.3400.pdb
lmds,1bba,data/raw/decoy_cache/decoys_r_us/lmds/dd/multiple/lmds/doc/pdb_orig/1bba.pdb,data/raw/decoy_cache/decoys_r_us/lmds/dd/multiple/lmds/1bba/1bba.3401.pdb
lmds,1bba,data/raw/decoy_cache/decoys_r_us/lmds/dd/multiple/lmds/doc/pdb_orig/1bba.pdb,data/raw/decoy_cache/decoys_r_us/lmds/dd/multiple/lmds/1bba/1bba.3412.pdb
lmds,1bba,data/raw/decoy_cache/decoys_r_us/lmds/dd/multiple/lmds/doc/pdb_orig/1bba.pdb,data/raw/decoy_cache/decoys_r_us/lmds/dd/multiple/lmds/1bba/1bba.3450.pdb
lmds,1bba,data/raw/decoy_cache/decoys_r_us/lmds/dd/multiple/lmds/doc/pdb_orig/1bba.pdb,data/raw/decoy_cache/decoys_r_us/lmds/dd/multiple/lmds/1bba/1bba.3473.pdb
lmds,1bba,data/raw/decoy_cache/decoys_r_us/lmds/dd/multiple/lmds/doc/pdb_orig/1bba.pdb,data/raw/decoy_cache/decoys_r_us/lmds/dd/multiple/lmds/1bba/1bba.3488.pdb
lmds,1bba,data/raw/decoy_cache/decoys_r_us/lmds/dd/multiple/lmds/doc/pdb_orig/1bba.pdb,data/raw/decoy_cache/decoys_r_us/lmds/dd/multiple/lmds/1bba/1bba.3554.pdb
lmds,1bba,data/raw/decoy_cache/decoys_r_us/lmds/dd/multiple/lmds/doc/pdb_orig/1bba.pdb,data/raw/decoy_cache/decoys_r_us/lmds/dd/multiple/lmds/1bba/1bba.3579.pdb
lmds,1bba,data/raw/decoy_cache/decoys_r_us/lmds/dd/multiple/lmds/doc/pdb_orig/1bba.pdb,data/raw/decoy_cache/decoys_r_us/lmds/dd/multiple/lmds/1bba/1bba.3588.pdb
lmds,1bba,data/raw/decoy_cache/decoys_r_us/lmds/dd/multiple/lmds/doc/pdb_orig/1bba.pdb,data/raw/decoy_cache/decoys_r_us/lmds/dd/multiple/lmds/1bba/1bba.3615.pdb
lmds,1bba,data/raw/decoy_cache/decoys_r_us/lmds/dd/multiple/lmds/doc/pdb_orig/1bba.pdb,data/raw/decoy_cache/decoys_r_us/lmds/dd/multiple/lmds/1bba/1bba.3675.pdb
lmds,1bba,data/raw/decoy_cache/decoys_r_us/lmds/dd/multiple/lmds/doc/pdb_orig/1bba.pdb,data/raw/decoy_cache/decoys_r_us/lmds/dd/multiple/lmds/1bba/1bba.3697.pdb
lmds,1bba,data/raw/decoy_cache/decoys_r_us/lmds/dd/multiple/lmds/doc/pdb_orig/1bba.pdb,data/raw/decoy_cache/decoys_r_us/lmds/dd/multiple/lmds/1bba/1bba.3705.pdb
lmds,1bba,data/raw/decoy_cache/decoys_r_us/lmds/dd/multiple/lmds/doc/pdb_orig/1bba.pdb,data/raw/decoy_cache/decoys_r_us/lmds/dd/multiple/lmds/1bba/1bba.3719.pdb
lmds,1bba,data/raw/decoy_cache/decoys_r_us/lmds/dd/multiple/lmds/doc/pdb_orig/1bba.pdb,data/raw/decoy_cache/decoys_r_us/lmds/dd/multiple/lmds/1bba/1bba.3730.pdb
lmds,1bba,data/raw/decoy_cache/decoys_r_us/lmds/dd/multiple/lmds/doc/pdb_orig/1bba.pdb,data/raw/decoy_cache/decoys_r_us/lmds/dd/multiple/lmds/1bba/1bba.3731.pdb
lmds,1bba,data/raw/decoy_cache/decoys_r_us/lmds/dd/multiple/lmds/doc/pdb_orig/1bba.pdb,data/raw/decoy_cache/decoys_r_us/lmds/dd/multiple/lmds/1bba/1bba.3748.pdb
lmds,1bba,data/raw/decoy_cache/decoys_r_us/lmds/dd/multiple/lmds/doc/pdb_orig/1bba.pdb,data/raw/decoy_cache/decoys_r_us/lmds/dd/multiple/lmds/1bba/1bba.3766.pdb
lmds,1bba,data/raw/decoy_cache/decoys_r_us/lmds/dd/multiple/lmds/doc/pdb_orig/1bba.pdb,data/raw/decoy_cache/decoys_r_us/lmds/dd/multiple/lmds/1bba/1bba.3793.pdb
lmds,1bba,data/raw/decoy_cache/decoys_r_us/lmds/dd/multiple/lmds/doc/pdb_orig/1bba.pdb,data/raw/decoy_cache/decoys_r_us/lmds/dd/multiple/lmds/1bba/1bba.3803.pdb
lmds,1bba,data/raw/decoy_cache/decoys_r_us/lmds/dd/multiple/lmds/doc/pdb_orig/1bba.pdb,data/raw/decoy_cache/decoys_r_us/lmds/dd/multiple/lmds/1bba/1bba.3822.pdb
lmds,1bba,data/raw/decoy_cache/decoys_r_us/lmds/dd/multiple/lmds/doc/pdb_orig/1bba.pdb,data/raw/decoy_cache/decoys_r_us/lmds/dd/multiple/lmds/1bba/1bba.3827.pdb
lmds,1bba,data/raw/decoy_cache/decoys_r_us/lmds/dd/multiple/lmds/doc/pdb_orig/1bba.pdb,data/raw/decoy_cache/decoys_r_us/lmds/dd/multiple/lmds/1bba/1bba.385.pdb
lmds,1bba,data/raw/decoy_cache/decoys_r_us/lmds/dd/multiple/lmds/doc/pdb_orig/1bba.pdb,data/raw/decoy_cache/decoys_r_us/lmds/dd/multiple/lmds/1bba/1bba.3850.pdb
lmds,1bba,data/raw/decoy_cache/decoys_r_us/lmds/dd/multiple/lmds/doc/pdb_orig/1bba.pdb,data/raw/decoy_cache/decoys_r_us/lmds/dd/multiple/lmds/1bba/1bba.3854.pdb
lmds,1bba,data/raw/decoy_cache/decoys_r_us/lmds/dd/multiple/lmds/doc/pdb_orig/1bba.pdb,data/raw/decoy_cache/decoys_r_us/lmds/dd/multiple/lmds/1bba/1bba.3872.pdb
lmds,1bba,data/raw/decoy_cache/decoys_r_us/lmds/dd/multiple/lmds/doc/pdb_orig/1bba.pdb,data/raw/decoy_cache/decoys_r_us/lmds/dd/multiple/lmds/1bba/1bba.3889.pdb
lmds,1bba,data/raw/decoy_cache/decoys_r_us/lmds/dd/multiple/lmds/doc/pdb_orig/1bba.pdb,data/raw/decoy_cache/decoys_r_us/lmds/dd/multiple/lmds/1bba/1bba.3892.pdb
lmds,1bba,data/raw/decoy_cache/decoys_r_us/lmds/dd/multiple/lmds/doc/pdb_orig/1bba.pdb,data/raw/decoy_cache/decoys_r_us/lmds/dd/multiple/lmds/1bba/1bba.3896.pdb
lmds,1bba,data/raw/decoy_cache/decoys_r_us/lmds/dd/multiple/lmds/doc/pdb_orig/1bba.pdb,data/raw/decoy_cache/decoys_r_us/lmds/dd/multiple/lmds/1bba/1bba.3924.pdb
lmds,1bba,data/raw/decoy_cache/decoys_r_us/lmds/dd/multiple/lmds/doc/pdb_orig/1bba.pdb,data/raw/decoy_cache/decoys_r_us/lmds/dd/multiple/lmds/1bba/1bba.3927.pdb
lmds,1bba,data/raw/decoy_cache/decoys_r_us/lmds/dd/multiple/lmds/doc/pdb_orig/1bba.pdb,data/raw/decoy_cache/decoys_r_us/lmds/dd/multiple/lmds/1bba/1bba.3931.pdb
lmds,1bba,data/raw/decoy_cache/decoys_r_us/lmds/dd/multiple/lmds/doc/pdb_orig/1bba.pdb,data/raw/decoy_cache/decoys_r_us/lmds/dd/multiple/lmds/1bba/1bba.3958.pdb
lmds,1bba,data/raw/decoy_cache/decoys_r_us/lmds/dd/multiple/lmds/doc/pdb_orig/1bba.pdb,data/raw/decoy_cache/decoys_r_us/lmds/dd/multiple/lmds/1bba/1bba.3960.pdb
lmds,1bba,data/raw/decoy_cache/decoys_r_us/lmds/dd/multiple/lmds/doc/pdb_orig/1bba.pdb,data/raw/decoy_cache/decoys_r_us/lmds/dd/multiple/lmds/1bba/1bba.3966.pdb
lmds,1bba,data/raw/decoy_cache/decoys_r_us/lmds/dd/multiple/lmds/doc/pdb_orig/1bba.pdb,data/raw/decoy_cache/decoys_r_us/lmds/dd/multiple/lmds/1bba/1bba.3981.pdb
lmds,1bba,data/raw/decoy_cache/decoys_r_us/lmds/dd/multiple/lmds/doc/pdb_orig/1bba.pdb,data/raw/decoy_cache/decoys_r_us/lmds/dd/multiple/lmds/1bba/1bba.4037.pdb
lmds,1bba,data/raw/decoy_cache/decoys_r_us/lmds/dd/multiple/lmds/doc/pdb_orig/1bba.pdb,data/raw/decoy_cache/decoys_r_us/lmds/dd/multiple/lmds/1bba/1bba.4051.pdb
lmds,1bba,data/raw/decoy_cache/decoys_r_us/lmds/dd/multiple/lmds/doc/pdb_orig/1bba.pdb,data/raw/decoy_cache/decoys_r_us/lmds/dd/multiple/lmds/1bba/1bba.4054.pdb
lmds,1bba,data/raw/decoy_cache/decoys_r_us/lmds/dd/multiple/lmds/doc/pdb_orig/1bba.pdb,data/raw/decoy_cache/decoys_r_us/lmds/dd/multiple/lmds/1bba/1bba.4064.pdb
lmds,1bba,data/raw/decoy_cache/decoys_r_us/lmds/dd/multiple/lmds/doc/pdb_orig/1bba.pdb,data/raw/decoy_cache/decoys_r_us/lmds/dd/multiple/lmds/1bba/1bba.4065.pdb
lmds,1bba,data/raw/decoy_cache/decoys_r_us/lmds/dd/multiple/lmds/doc/pdb_orig/1bba.pdb,data/raw/decoy_cache/decoys_r_us/lmds/dd/multiple/lmds/1bba/1bba.4081.pdb
lmds,1bba,data/raw/decoy_cache/decoys_r_us/lmds/dd/multiple/lmds/doc/pdb_orig/1bba.pdb,data/raw/decoy_cache/decoys_r_us/lmds/dd/multiple/lmds/1bba/1bba.4095.pdb
lmds,1bba,data/raw/decoy_cache/decoys_r_us/lmds/dd/multiple/lmds/doc/pdb_orig/1bba.pdb,data/raw/decoy_cache/decoys_r_us/lmds/dd/multiple/lmds/1bba/1bba.4111.pdb
lmds,1bba,data/raw/decoy_cache/decoys_r_us/lmds/dd/multiple/lmds/doc/pdb_orig/1bba.pdb,data/raw/decoy_cache/decoys_r_us/lmds/dd/multiple/lmds/1bba/1bba.4116.pdb
lmds,1bba,data/raw/decoy_cache/decoys_r_us/lmds/dd/multiple/lmds/doc/pdb_orig/1bba.pdb,data/raw/decoy_cache/decoys_r_us/lmds/dd/multiple/lmds/1bba/1bba.4154.pdb
lmds,1bba,data/raw/decoy_cache/decoys_r_us/lmds/dd/multiple/lmds/doc/pdb_orig/1bba.pdb,data/raw/decoy_cache/decoys_r_us/lmds/dd/multiple/lmds/1bba/1bba.4174.pdb
lmds,1bba,data/raw/decoy_cache/decoys_r_us/lmds/dd/multiple/lmds/doc/pdb_orig/1bba.pdb,data/raw/decoy_cache/decoys_r_us/lmds/dd/multiple/lmds/1bba/1bba.4211.pdb
lmds,1bba,data/raw/decoy_cache/decoys_r_us/lmds/dd/multiple/lmds/doc/pdb_orig/1bba.pdb,data/raw/decoy_cache/decoys_r_us/lmds/dd/multiple/lmds/1bba/1bba.4225.pdb
lmds,1bba,data/raw/decoy_cache/decoys_r_us/lmds/dd/multiple/lmds/doc/pdb_orig/1bba.pdb,data/raw/decoy_cache/decoys_r_us/lmds/dd/multiple/lmds/1bba/1bba.4231.pdb
lmds,1bba,data/raw/decoy_cache/decoys_r_us/lmds/dd/multiple/lmds/doc/pdb_orig/1bba.pdb,data/raw/decoy_cache/decoys_r_us/lmds/dd/multiple/lmds/1bba/1bba.4247.pdb
lmds,1bba,data/raw/decoy_cache/decoys_r_us/lmds/dd/multiple/lmds/doc/pdb_orig/1bba.pdb,data/raw/decoy_cache/decoys_r_us/lmds/dd/multiple/lmds/1bba/1bba.4260.pdb
lmds,1bba,data/raw/decoy_cache/decoys_r_us/lmds/dd/multiple/lmds/doc/pdb_orig/1bba.pdb,data/raw/decoy_cache/decoys_r_us/lmds/dd/multiple/lmds/1bba/1bba.427.pdb
lmds,1bba,data/raw/decoy_cache/decoys_r_us/lmds/dd/multiple/lmds/doc/pdb_orig/1bba.pdb,data/raw/decoy_cache/decoys_r_us/lmds/dd/multiple/lmds/1bba/1bba.4276.pdb
lmds,1bba,data/raw/decoy_cache/decoys_r_us/lmds/dd/multiple/lmds/doc/pdb_orig/1bba.pdb,data/raw/decoy_cache/decoys_r_us/lmds/dd/multiple/lmds/1bba/1bba.431.pdb
lmds,1bba,data/raw/decoy_cache/decoys_r_us/lmds/dd/multiple/lmds/doc/pdb_orig/1bba.pdb,data/raw/decoy_cache/decoys_r_us/lmds/dd/multiple/lmds/1bba/1bba.4329.pdb
lmds,1bba,data/raw/decoy_cache/decoys_r_us/lmds/dd/multiple/lmds/doc/pdb_orig/1bba.pdb,data/raw/decoy_cache/decoys_r_us/lmds/dd/multiple/lmds/1bba/1bba.4384.pdb
lmds,1bba,data/raw/decoy_cache/decoys_r_us/lmds/dd/multiple/lmds/doc/pdb_orig/1bba.pdb,data/raw/decoy_cache/decoys_r_us/lmds/dd/multiple/lmds/1bba/1bba.4411.pdb
lmds,1bba,data/raw/decoy_cache/decoys_r_us/lmds/dd/multiple/lmds/doc/pdb_orig/1bba.pdb,data/raw/decoy_cache/decoys_r_us/lmds/dd/multiple/lmds/1bba/1bba.4434.pdb
lmds,1bba,data/raw/decoy_cache/decoys_r_us/lmds/dd/multiple/lmds/doc/pdb_orig/1bba.pdb,data/raw/decoy_cache/decoys_r_us/lmds/dd/multiple/lmds/1bba/1bba.4451.pdb
lmds,1bba,data/raw/decoy_cache/decoys_r_us/lmds/dd/multiple/lmds/doc/pdb_orig/1bba.pdb,data/raw/decoy_cache/decoys_r_us/lmds/dd/multiple/lmds/1bba/1bba.4459.pdb
lmds,1bba,data/raw/decoy_cache/decoys_r_us/lmds/dd/multiple/lmds/doc/pdb_orig/1bba.pdb,data/raw/decoy_cache/decoys_r_us/lmds/dd/multiple/lmds/1bba/1bba.4503.pdb
lmds,1bba,data/raw/decoy_cache/decoys_r_us/lmds/dd/multiple/lmds/doc/pdb_orig/1bba.pdb,data/raw/decoy_cache/decoys_r_us/lmds/dd/multiple/lmds/1bba/1bba.4512.pdb
lmds,1bba,data/raw/decoy_cache/decoys_r_us/lmds/dd/multiple/lmds/doc/pdb_orig/1bba.pdb,data/raw/decoy_cache/decoys_r_us/lmds/dd/multiple/lmds/1bba/1bba.4543.pdb
lmds,1bba,data/raw/decoy_cache/decoys_r_us/lmds/dd/multiple/lmds/doc/pdb_orig/1bba.pdb,data/raw/decoy_cache/decoys_r_us/lmds/dd/multiple/lmds/1bba/1bba.455.pdb
lmds,1bba,data/raw/decoy_cache/decoys_r_us/lmds/dd/multiple/lmds/doc/pdb_orig/1bba.pdb,data/raw/decoy_cache/decoys_r_us/lmds/dd/multiple/lmds/1bba/1bba.4579.pdb
lmds,1bba,data/raw/decoy_cache/decoys_r_us/lmds/dd/multiple/lmds/doc/pdb_orig/1bba.pdb,data/raw/decoy_cache/decoys_r_us/lmds/dd/multiple/lmds/1bba/1bba.4593.pdb
lmds,1bba,data/raw/decoy_cache/decoys_r_us/lmds/dd/multiple/lmds/doc/pdb_orig/1bba.pdb,data/raw/decoy_cache/decoys_r_us/lmds/dd/multiple/lmds/1bba/1bba.4606.pdb
lmds,1bba,data/raw/decoy_cache/decoys_r_us/lmds/dd/multiple/lmds/doc/pdb_orig/1bba.pdb,data/raw/decoy_cache/decoys_r_us/lmds/dd/multiple/lmds/1bba/1bba.4644.pdb
lmds,1bba,data/raw/decoy_cache/decoys_r_us/lmds/dd/multiple/lmds/doc/pdb_orig/1bba.pdb,data/raw/decoy_cache/decoys_r_us/lmds/dd/multiple/lmds/1bba/1bba.4654.pdb
lmds,1bba,data/raw/decoy_cache/decoys_r_us/lmds/dd/multiple/lmds/doc/pdb_orig/1bba.pdb,data/raw/decoy_cache/decoys_r_us/lmds/dd/multiple/lmds/1bba/1bba.4662.pdb
lmds,1bba,data/raw/decoy_cache/decoys_r_us/lmds/dd/multiple/lmds/doc/pdb_orig/1bba.pdb,data/raw/decoy_cache/decoys_r_us/lmds/dd/multiple/lmds/1bba/1bba.4669.pdb
lmds,1bba,data/raw/decoy_cache/decoys_r_us/lmds/dd/multiple/lmds/doc/pdb_orig/1bba.pdb,data/raw/decoy_cache/decoys_r_us/lmds/dd/multiple/lmds/1bba/1bba.4698.pdb
lmds,1bba,data/raw/decoy_cache/decoys_r_us/lmds/dd/multiple/lmds/doc/pdb_orig/1bba.pdb,data/raw/decoy_cache/decoys_r_us/lmds/dd/multiple/lmds/1bba/1bba.4709.pdb
lmds,1bba,data/raw/decoy_cache/decoys_r_us/lmds/dd/multiple/lmds/doc/pdb_orig/1bba.pdb,data/raw/decoy_cache/decoys_r_us/lmds/dd/multiple/lmds/1bba/1bba.4714.pdb
lmds,1bba,data/raw/decoy_cache/decoys_r_us/lmds/dd/multiple/lmds/doc/pdb_orig/1bba.pdb,data/raw/decoy_cache/decoys_r_us/lmds/dd/multiple/lmds/1bba/1bba.4733.pdb
lmds,1bba,data/raw/decoy_cache/decoys_r_us/lmds/dd/multiple/lmds/doc/pdb_orig/1bba.pdb,data/raw/decoy_cache/decoys_r_us/lmds/dd/multiple/lmds/1bba/1bba.4785.pdb
lmds,1bba,data/raw/decoy_cache/decoys_r_us/lmds/dd/multiple/lmds/doc/pdb_orig/1bba.pdb,data/raw/decoy_cache/decoys_r_us/lmds/dd/multiple/lmds/1bba/1bba.4810.pdb
lmds,1bba,data/raw/decoy_cache/decoys_r_us/lmds/dd/multiple/lmds/doc/pdb_orig/1bba.pdb,data/raw/decoy_cache/decoys_r_us/lmds/dd/multiple/lmds/1bba/1bba.4830.pdb
lmds,1bba,data/raw/decoy_cache/decoys_r_us/lmds/dd/multiple/lmds/doc/pdb_orig/1bba.pdb,data/raw/decoy_cache/decoys_r_us/lmds/dd/multiple/lmds/1bba/1bba.4839.pdb
lmds,1bba,data/raw/decoy_cache/decoys_r_us/lmds/dd/multiple/lmds/doc/pdb_orig/1bba.pdb,data/raw/decoy_cache/decoys_r_us/lmds/dd/multiple/lmds/1bba/1bba.4869.pdb
lmds,1bba,data/raw/decoy_cache/decoys_r_us/lmds/dd/multiple/lmds/doc/pdb_orig/1bba.pdb,data/raw/decoy_cache/decoys_r_us/lmds/dd/multiple/lmds/1bba/1bba.4886.pdb
lmds,1bba,data/raw/decoy_cache/decoys_r_us/lmds/dd/multiple/lmds/doc/pdb_orig/1bba.pdb,data/raw/decoy_cache/decoys_r_us/lmds/dd/multiple/lmds/1bba/1bba.4896.pdb
lmds,1bba,data/raw/decoy_cache/decoys_r_us/lmds/dd/multiple/lmds/doc/pdb_orig/1bba.pdb,data/raw/decoy_cache/decoys_r_us/lmds/dd/multiple/lmds/1bba/1bba.4900.pdb
lmds,1bba,data/raw/decoy_cache/decoys_r_us/lmds/dd/multiple/lmds/doc/pdb_orig/1bba.pdb,data/raw/decoy_cache/decoys_r_us/lmds/dd/multiple/lmds/1bba/1bba.4946.pdb
lmds,1bba,data/raw/decoy_cache/decoys_r_us/lmds/dd/multiple/lmds/doc/pdb_orig/1bba.pdb,data/raw/decoy_cache/decoys_r_us/lmds/dd/multiple/lmds/1bba/1bba.4952.pdb
lmds,1bba,data/raw/decoy_cache/decoys_r_us/lmds/dd/multiple/lmds/doc/pdb_orig/1bba.pdb,data/raw/decoy_cache/decoys_r_us/lmds/dd/multiple/lmds/1bba/1bba.4959.pdb
lmds,1bba,data/raw/decoy_cache/decoys_r_us/lmds/dd/multiple/lmds/doc/pdb_orig/1bba.pdb,data/raw/decoy_cache/decoys_r_us/lmds/dd/multiple/lmds/1bba/1bba.4969.pdb
lmds,1bba,data/raw/decoy_cache/decoys_r_us/lmds/dd/multiple/lmds/doc/pdb_orig/1bba.pdb,data/raw/decoy_cache/decoys_r_us/lmds/dd/multiple/lmds/1bba/1bba.497.pdb
lmds,1bba,data/raw/decoy_cache/decoys_r_us/lmds/dd/multiple/lmds/doc/pdb_orig/1bba.pdb,data/raw/decoy_cache/decoys_r_us/lmds/dd/multiple/lmds/1bba/1bba.498.pdb
lmds,1bba,data/raw/decoy_cache/decoys_r_us/lmds/dd/multiple/lmds/doc/pdb_orig/1bba.pdb,data/raw/decoy_cache/decoys_r_us/lmds/dd/multiple/lmds/1bba/1bba.4986.pdb
lmds,1bba,data/raw/decoy_cache/decoys_r_us/lmds/dd/multiple/lmds/doc/pdb_orig/1bba.pdb,data/raw/decoy_cache/decoys_r_us/lmds/dd/multiple/lmds/1bba/1bba.4998.pdb
lmds,1bba,data/raw/decoy_cache/decoys_r_us/lmds/dd/multiple/lmds/doc/pdb_orig/1bba.pdb,data/raw/decoy_cache/decoys_r_us/lmds/dd/multiple/lmds/1bba/1bba.5032.pdb
lmds,1bba,data/raw/decoy_cache/decoys_r_us/lmds/dd/multiple/lmds/doc/pdb_orig/1bba.pdb,data/raw/decoy_cache/decoys_r_us/lmds/dd/multiple/lmds/1bba/1bba.5075.pdb
lmds,1bba,data/raw/decoy_cache/decoys_r_us/lmds/dd/multiple/lmds/doc/pdb_orig/1bba.pdb,data/raw/decoy_cache/decoys_r_us/lmds/dd/multiple/lmds/1bba/1bba.5076.pdb
lmds,1bba,data/raw/decoy_cache/decoys_r_us/lmds/dd/multiple/lmds/doc/pdb_orig/1bba.pdb,data/raw/decoy_cache/decoys_r_us/lmds/dd/multiple/lmds/1bba/1bba.508.pdb
lmds,1bba,data/raw/decoy_cache/decoys_r_us/lmds/dd/multiple/lmds/doc/pdb_orig/1bba.pdb,data/raw/decoy_cache/decoys_r_us/lmds/dd/multiple/lmds/1bba/1bba.5120.pdb
lmds,1bba,data/raw/decoy_cache/decoys_r_us/lmds/dd/multiple/lmds/doc/pdb_orig/1bba.pdb,data/raw/decoy_cache/decoys_r_us/lmds/dd/multiple/lmds/1bba/1bba.5128.pdb
lmds,1bba,data/raw/decoy_cache/decoys_r_us/lmds/dd/multiple/lmds/doc/pdb_orig/1bba.pdb,data/raw/decoy_cache/decoys_r_us/lmds/dd/multiple/lmds/1bba/1bba.5203.pdb
lmds,1bba,data/raw/decoy_cache/decoys_r_us/lmds/dd/multiple/lmds/doc/pdb_orig/1bba.pdb,data/raw/decoy_cache/decoys_r_us/lmds/dd/multiple/lmds/1bba/1bba.5230.pdb
lmds,1bba,data/raw/decoy_cache/decoys_r_us/lmds/dd/multiple/lmds/doc/pdb_orig/1bba.pdb,data/raw/decoy_cache/decoys_r_us/lmds/dd/multiple/lmds/1bba/1bba.5247.pdb
lmds,1bba,data/raw/decoy_cache/decoys_r_us/lmds/dd/multiple/lmds/doc/pdb_orig/1bba.pdb,data/raw/decoy_cache/decoys_r_us/lmds/dd/multiple/lmds/1bba/1bba.5268.pdb
lmds,1bba,data/raw/decoy_cache/decoys_r_us/lmds/dd/multiple/lmds/doc/pdb_orig/1bba.pdb,data/raw/decoy_cache/decoys_r_us/lmds/dd/multiple/lmds/1bba/1bba.5269.pdb
lmds,1bba,data/raw/decoy_cache/decoys_r_us/lmds/dd/multiple/lmds/doc/pdb_orig/1bba.pdb,data/raw/decoy_cache/decoys_r_us/lmds/dd/multiple/lmds/1bba/1bba.5271.pdb
lmds,1bba,data/raw/decoy_cache/decoys_r_us/lmds/dd/multiple/lmds/doc/pdb_orig/1bba.pdb,data/raw/decoy_cache/decoys_r_us/lmds/dd/multiple/lmds/1bba/1bba.5293.pdb
lmds,1bba,data/raw/decoy_cache/decoys_r_us/lmds/dd/multiple/lmds/doc/pdb_orig/1bba.pdb,data/raw/decoy_cache/decoys_r_us/lmds/dd/multiple/lmds/1bba/1bba.5320.pdb
lmds,1bba,data/raw/decoy_cache/decoys_r_us/lmds/dd/multiple/lmds/doc/pdb_orig/1bba.pdb,data/raw/decoy_cache/decoys_r_us/lmds/dd/multiple/lmds/1bba/1bba.5348.pdb
lmds,1bba,data/raw/decoy_cache/decoys_r_us/lmds/dd/multiple/lmds/doc/pdb_orig/1bba.pdb,data/raw/decoy_cache/decoys_r_us/lmds/dd/multiple/lmds/1bba/1bba.5349.pdb
lmds,1bba,data/raw/decoy_cache/decoys_r_us/lmds/dd/multiple/lmds/doc/pdb_orig/1bba.pdb,data/raw/decoy_cache/decoys_r_us/lmds/dd/multiple/lmds/1bba/1bba.5379.pdb
lmds,1bba,data/raw/decoy_cache/decoys_r_us/lmds/dd/multiple/lmds/doc/pdb_orig/1bba.pdb,data/raw/decoy_cache/decoys_r_us/lmds/dd/multiple/lmds/1bba/1bba.5388.pdb
lmds,1bba,data/raw/decoy_cache/decoys_r_us/lmds/dd/multiple/lmds/doc/pdb_orig/1bba.pdb,data/raw/decoy_cache/decoys_r_us/lmds/dd/multiple/lmds/1bba/1bba.5391.pdb
lmds,1bba,data/raw/decoy_cache/decoys_r_us/lmds/dd/multiple/lmds/doc/pdb_orig/1bba.pdb,data/raw/decoy_cache/decoys_r_us/lmds/dd/multiple/lmds/1bba/1bba.5401.pdb
lmds,1bba,data/raw/decoy_cache/decoys_r_us/lmds/dd/multiple/lmds/doc/pdb_orig/1bba.pdb,data/raw/decoy_cache/decoys_r_us/lmds/dd/multiple/lmds/1bba/1bba.5419.pdb
lmds,1bba,data/raw/decoy_cache/decoys_r_us/lmds/dd/multiple/lmds/doc/pdb_orig/1bba.pdb,data/raw/decoy_cache/decoys_r_us/lmds/dd/multiple/lmds/1bba/1bba.542.pdb
lmds,1bba,data/raw/decoy_cache/decoys_r_us/lmds/dd/multiple/lmds/doc/pdb_orig/1bba.pdb,data/raw/decoy_cache/decoys_r_us/lmds/dd/multiple/lmds/1bba/1bba.5472.pdb
lmds,1bba,data/raw/decoy_cache/decoys_r_us/lmds/dd/multiple/lmds/doc/pdb_orig/1bba.pdb,data/raw/decoy_cache/decoys_r_us/lmds/dd/multiple/lmds/1bba/1bba.5530.pdb
lmds,1bba,data/raw/decoy_cache/decoys_r_us/lmds/dd/multiple/lmds/doc/pdb_orig/1bba.pdb,data/raw/decoy_cache/decoys_r_us/lmds/dd/multiple/lmds/1bba/1bba.5531.pdb
lmds,1bba,data/raw/decoy_cache/decoys_r_us/lmds/dd/multiple/lmds/doc/pdb_orig/1bba.pdb,data/raw/decoy_cache/decoys_r_us/lmds/dd/multiple/lmds/1bba/1bba.5554.pdb
lmds,1bba,data/raw/decoy_cache/decoys_r_us/lmds/dd/multiple/lmds/doc/pdb_orig/1bba.pdb,data/raw/decoy_cache/decoys_r_us/lmds/dd/multiple/lmds/1bba/1bba.5600.pdb
lmds,1bba,data/raw/decoy_cache/decoys_r_us/lmds/dd/multiple/lmds/doc/pdb_orig/1bba.pdb,data/raw/decoy_cache/decoys_r_us/lmds/dd/multiple/lmds/1bba/1bba.5705.pdb
lmds,1bba,data/raw/decoy_cache/decoys_r_us/lmds/dd/multiple/lmds/doc/pdb_orig/1bba.pdb,data/raw/decoy_cache/decoys_r_us/lmds/dd/multiple/lmds/1bba/1bba.5765.pdb
lmds,1bba,data/raw/decoy_cache/decoys_r_us/lmds/dd/multiple/lmds/doc/pdb_orig/1bba.pdb,data/raw/decoy_cache/decoys_r_us/lmds/dd/multiple/lmds/1bba/1bba.5815.pdb
lmds,1bba,data/raw/decoy_cache/decoys_r_us/lmds/dd/multiple/lmds/doc/pdb_orig/1bba.pdb,data/raw/decoy_cache/decoys_r_us/lmds/dd/multiple/lmds/1bba/1bba.5838.pdb
lmds,1bba,data/raw/decoy_cache/decoys_r_us/lmds/dd/multiple/lmds/doc/pdb_orig/1bba.pdb,data/raw/decoy_cache/decoys_r_us/lmds/dd/multiple/lmds/1bba/1bba.5844.pdb
lmds,1bba,data/raw/decoy_cache/decoys_r_us/lmds/dd/multiple/lmds/doc/pdb_orig/1bba.pdb,data/raw/decoy_cache/decoys_r_us/lmds/dd/multiple/lmds/1bba/1bba.5891.pdb
lmds,1bba,data/raw/decoy_cache/decoys_r_us/lmds/dd/multiple/lmds/doc/pdb_orig/1bba.pdb,data/raw/decoy_cache/decoys_r_us/lmds/dd/multiple/lmds/1bba/1bba.5893.pdb
lmds,1bba,data/raw/decoy_cache/decoys_r_us/lmds/dd/multiple/lmds/doc/pdb_orig/1bba.pdb,data/raw/decoy_cache/decoys_r_us/lmds/dd/multiple/lmds/1bba/1bba.5902.pdb
lmds,1bba,data/raw/decoy_cache/decoys_r_us/lmds/dd/multiple/lmds/doc/pdb_orig/1bba.pdb,data/raw/decoy_cache/decoys_r_us/lmds/dd/multiple/lmds/1bba/1bba.6001.pdb
lmds,1bba,data/raw/decoy_cache/decoys_r_us/lmds/dd/multiple/lmds/doc/pdb_orig/1bba.pdb,data/raw/decoy_cache/decoys_r_us/lmds/dd/multiple/lmds/1bba/1bba.6021.pdb
lmds,1bba,data/raw/decoy_cache/decoys_r_us/lmds/dd/multiple/lmds/doc/pdb_orig/1bba.pdb,data/raw/decoy_cache/decoys_r_us/lmds/dd/multiple/lmds/1bba/1bba.604.pdb
lmds,1bba,data/raw/decoy_cache/decoys_r_us/lmds/dd/multiple/lmds/doc/pdb_orig/1bba.pdb,data/raw/decoy_cache/decoys_r_us/lmds/dd/multiple/lmds/1bba/1bba.6044.pdb
lmds,1bba,data/raw/decoy_cache/decoys_r_us/lmds/dd/multiple/lmds/doc/pdb_orig/1bba.pdb,data/raw/decoy_cache/decoys_r_us/lmds/dd/multiple/lmds/1bba/1bba.6081.pdb
lmds,1bba,data/raw/decoy_cache/decoys_r_us/lmds/dd/multiple/lmds/doc/pdb_orig/1bba.pdb,data/raw/decoy_cache/decoys_r_us/lmds/dd/multiple/lmds/1bba/1bba.6089.pdb
lmds,1bba,data/raw/decoy_cache/decoys_r_us/lmds/dd/multiple/lmds/doc/pdb_orig/1bba.pdb,data/raw/decoy_cache/decoys_r_us/lmds/dd/multiple/lmds/1bba/1bba.6095.pdb
lmds,1bba,data/raw/decoy_cache/decoys_r_us/lmds/dd/multiple/lmds/doc/pdb_orig/1bba.pdb,data/raw/decoy_cache/decoys_r_us/lmds/dd/multiple/lmds/1bba/1bba.6100.pdb
lmds,1bba,data/raw/decoy_cache/decoys_r_us/lmds/dd/multiple/lmds/doc/pdb_orig/1bba.pdb,data/raw/decoy_cache/decoys_r_us/lmds/dd/multiple/lmds/1bba/1bba.6120.pdb
lmds,1bba,data/raw/decoy_cache/decoys_r_us/lmds/dd/multiple/lmds/doc/pdb_orig/1bba.pdb,data/raw/decoy_cache/decoys_r_us/lmds/dd/multiple/lmds/1bba/1bba.6121.pdb
lmds,1bba,data/raw/decoy_cache/decoys_r_us/lmds/dd/multiple/lmds/doc/pdb_orig/1bba.pdb,data/raw/decoy_cache/decoys_r_us/lmds/dd/multiple/lmds/1bba/1bba.6146.pdb
lmds,1bba,data/raw/decoy_cache/decoys_r_us/lmds/dd/multiple/lmds/doc/pdb_orig/1bba.pdb,data/raw/decoy_cache/decoys_r_us/lmds/dd/multiple/lmds/1bba/1bba.6162.pdb
lmds,1bba,data/raw/decoy_cache/decoys_r_us/lmds/dd/multiple/lmds/doc/pdb_orig/1bba.pdb,data/raw/decoy_cache/decoys_r_us/lmds/dd/multiple/lmds/1bba/1bba.6187.pdb
lmds,1bba,data/raw/decoy_cache/decoys_r_us/lmds/dd/multiple/lmds/doc/pdb_orig/1bba.pdb,data/raw/decoy_cache/decoys_r_us/lmds/dd/multiple/lmds/1bba/1bba.6235.pdb
lmds,1bba,data/raw/decoy_cache/decoys_r_us/lmds/dd/multiple/lmds/doc/pdb_orig/1bba.pdb,data/raw/decoy_cache/decoys_r_us/lmds/dd/multiple/lmds/1bba/1bba.6258.pdb
lmds,1bba,data/raw/decoy_cache/decoys_r_us/lmds/dd/multiple/lmds/doc/pdb_orig/1bba.pdb,data/raw/decoy_cache/decoys_r_us/lmds/dd/multiple/lmds/1bba/1bba.6277.pdb
lmds,1bba,data/raw/decoy_cache/decoys_r_us/lmds/dd/multiple/lmds/doc/pdb_orig/1bba.pdb,data/raw/decoy_cache/decoys_r_us/lmds/dd/multiple/lmds/1bba/1bba.6281.pdb
lmds,1bba,data/raw/decoy_cache/decoys_r_us/lmds/dd/multiple/lmds/doc/pdb_orig/1bba.pdb,data/raw/decoy_cache/decoys_r_us/lmds/dd/multiple/lmds/1bba/1bba.6306.pdb
lmds,1bba,data/raw/decoy_cache/decoys_r_us/lmds/dd/multiple/lmds/doc/pdb_orig/1bba.pdb,data/raw/decoy_cache/decoys_r_us/lmds/dd/multiple/lmds/1bba/1bba.6377.pdb
lmds,1bba,data/raw/decoy_cache/decoys_r_us/lmds/dd/multiple/lmds/doc/pdb_orig/1bba.pdb,data/raw/decoy_cache/decoys_r_us/lmds/dd/multiple/lmds/1bba/1bba.638.pdb
lmds,1bba,data/raw/decoy_cache/decoys_r_us/lmds/dd/multiple/lmds/doc/pdb_orig/1bba.pdb,data/raw/decoy_cache/decoys_r_us/lmds/dd/multiple/lmds/1bba/1bba.6381.pdb
lmds,1bba,data/raw/decoy_cache/decoys_r_us/lmds/dd/multiple/lmds/doc/pdb_orig/1bba.pdb,data/raw/decoy_cache/decoys_r_us/lmds/dd/multiple/lmds/1bba/1bba.6393.pdb
lmds,1bba,data/raw/decoy_cache/decoys_r_us/lmds/dd/multiple/lmds/doc/pdb_orig/1bba.pdb,data/raw/decoy_cache/decoys_r_us/lmds/dd/multiple/lmds/1bba/1bba.6408.pdb
lmds,1bba,data/raw/decoy_cache/decoys_r_us/lmds/dd/multiple/lmds/doc/pdb_orig/1bba.pdb,data/raw/decoy_cache/decoys_r_us/lmds/dd/multiple/lmds/1bba/1bba.6424.pdb
lmds,1bba,data/raw/decoy_cache/decoys_r_us/lmds/dd/multiple/lmds/doc/pdb_orig/1bba.pdb,data/raw/decoy_cache/decoys_r_us/lmds/dd/multiple/lmds/1bba/1bba.6452.pdb
lmds,1bba,data/raw/decoy_cache/decoys_r_us/lmds/dd/multiple/lmds/doc/pdb_orig/1bba.pdb,data/raw/decoy_cache/decoys_r_us/lmds/dd/multiple/lmds/1bba/1bba.6465.pdb
lmds,1bba,data/raw/decoy_cache/decoys_r_us/lmds/dd/multiple/lmds/doc/pdb_orig/1bba.pdb,data/raw/decoy_cache/decoys_r_us/lmds/dd/multiple/lmds/1bba/1bba.6470.pdb
lmds,1bba,data/raw/decoy_cache/decoys_r_us/lmds/dd/multiple/lmds/doc/pdb_orig/1bba.pdb,data/raw/decoy_cache/decoys_r_us/lmds/dd/multiple/lmds/1bba/1bba.6474.pdb
lmds,1bba,data/raw/decoy_cache/decoys_r_us/lmds/dd/multiple/lmds/doc/pdb_orig/1bba.pdb,data/raw/decoy_cache/decoys_r_us/lmds/dd/multiple/lmds/1bba/1bba.6524.pdb
lmds,1bba,data/raw/decoy_cache/decoys_r_us/lmds/dd/multiple/lmds/doc/pdb_orig/1bba.pdb,data/raw/decoy_cache/decoys_r_us/lmds/dd/multiple/lmds/1bba/1bba.6584.pdb
lmds,1bba,data/raw/decoy_cache/decoys_r_us/lmds/dd/multiple/lmds/doc/pdb_orig/1bba.pdb,data/raw/decoy_cache/decoys_r_us/lmds/dd/multiple/lmds/1bba/1bba.6601.pdb
lmds,1bba,data/raw/decoy_cache/decoys_r_us/lmds/dd/multiple/lmds/doc/pdb_orig/1bba.pdb,data/raw/decoy_cache/decoys_r_us/lmds/dd/multiple/lmds/1bba/1bba.6611.pdb
lmds,1bba,data/raw/decoy_cache/decoys_r_us/lmds/dd/multiple/lmds/doc/pdb_orig/1bba.pdb,data/raw/decoy_cache/decoys_r_us/lmds/dd/multiple/lmds/1bba/1bba.6636.pdb
lmds,1bba,data/raw/decoy_cache/decoys_r_us/lmds/dd/multiple/lmds/doc/pdb_orig/1bba.pdb,data/raw/decoy_cache/decoys_r_us/lmds/dd/multiple/lmds/1bba/1bba.6639.pdb
lmds,1bba,data/raw/decoy_cache/decoys_r_us/lmds/dd/multiple/lmds/doc/pdb_orig/1bba.pdb,data/raw/decoy_cache/decoys_r_us/lmds/dd/multiple/lmds/1bba/1bba.6666.pdb
lmds,1bba,data/raw/decoy_cache/decoys_r_us/lmds/dd/multiple/lmds/doc/pdb_orig/1bba.pdb,data/raw/decoy_cache/decoys_r_us/lmds/dd/multiple/lmds/1bba/1bba.6680.pdb
lmds,1bba,data/raw/decoy_cache/decoys_r_us/lmds/dd/multiple/lmds/doc/pdb_orig/1bba.pdb,data/raw/decoy_cache/decoys_r_us/lmds/dd/multiple/lmds/1bba/1bba.6692.pdb
lmds,1bba,data/raw/decoy_cache/decoys_r_us/lmds/dd/multiple/lmds/doc/pdb_orig/1bba.pdb,data/raw/decoy_cache/decoys_r_us/lmds/dd/multiple/lmds/1bba/1bba.6703.pdb
lmds,1bba,data/raw/decoy_cache/decoys_r_us/lmds/dd/multiple/lmds/doc/pdb_orig/1bba.pdb,data/raw/decoy_cache/decoys_r_us/lmds/dd/multiple/lmds/1bba/1bba.6706.pdb
lmds,1bba,data/raw/decoy_cache/decoys_r_us/lmds/dd/multiple/lmds/doc/pdb_orig/1bba.pdb,data/raw/decoy_cache/decoys_r_us/lmds/dd/multiple/lmds/1bba/1bba.6714.pdb
lmds,1bba,data/raw/decoy_cache/decoys_r_us/lmds/dd/multiple/lmds/doc/pdb_orig/1bba.pdb,data/raw/decoy_cache/decoys_r_us/lmds/dd/multiple/lmds/1bba/1bba.6725.pdb
lmds,1bba,data/raw/decoy_cache/decoys_r_us/lmds/dd/multiple/lmds/doc/pdb_orig/1bba.pdb,data/raw/decoy_cache/decoys_r_us/lmds/dd/multiple/lmds/1bba/1bba.6749.pdb
lmds,1bba,data/raw/decoy_cache/decoys_r_us/lmds/dd/multiple/lmds/doc/pdb_orig/1bba.pdb,data/raw/decoy_cache/decoys_r_us/lmds/dd/multiple/lmds/1bba/1bba.6775.pdb
lmds,1bba,data/raw/decoy_cache/decoys_r_us/lmds/dd/multiple/lmds/doc/pdb_orig/1bba.pdb,data/raw/decoy_cache/decoys_r_us/lmds/dd/multiple/lmds/1bba/1bba.6788.pdb
lmds,1bba,data/raw/decoy_cache/decoys_r_us/lmds/dd/multiple/lmds/doc/pdb_orig/1bba.pdb,data/raw/decoy_cache/decoys_r_us/lmds/dd/multiple/lmds/1bba/1bba.6790.pdb
lmds,1bba,data/raw/decoy_cache/decoys_r_us/lmds/dd/multiple/lmds/doc/pdb_orig/1bba.pdb,data/raw/decoy_cache/decoys_r_us/lmds/dd/multiple/lmds/1bba/1bba.6793.pdb
lmds,1bba,data/raw/decoy_cache/decoys_r_us/lmds/dd/multiple/lmds/doc/pdb_orig/1bba.pdb,data/raw/decoy_cache/decoys_r_us/lmds/dd/multiple/lmds/1bba/1bba.6797.pdb
lmds,1bba,data/raw/decoy_cache/decoys_r_us/lmds/dd/multiple/lmds/doc/pdb_orig/1bba.pdb,data/raw/decoy_cache/decoys_r_us/lmds/dd/multiple/lmds/1bba/1bba.6810.pdb
lmds,1bba,data/raw/decoy_cache/decoys_r_us/lmds/dd/multiple/lmds/doc/pdb_orig/1bba.pdb,data/raw/decoy_cache/decoys_r_us/lmds/dd/multiple/lmds/1bba/1bba.6830.pdb
lmds,1bba,data/raw/decoy_cache/decoys_r_us/lmds/dd/multiple/lmds/doc/pdb_orig/1bba.pdb,data/raw/decoy_cache/decoys_r_us/lmds/dd/multiple/lmds/1bba/1bba.6836.pdb
lmds,1bba,data/raw/decoy_cache/decoys_r_us/lmds/dd/multiple/lmds/doc/pdb_orig/1bba.pdb,data/raw/decoy_cache/decoys_r_us/lmds/dd/multiple/lmds/1bba/1bba.6843.pdb
lmds,1bba,data/raw/decoy_cache/decoys_r_us/lmds/dd/multiple/lmds/doc/pdb_orig/1bba.pdb,data/raw/decoy_cache/decoys_r_us/lmds/dd/multiple/lmds/1bba/1bba.6870.pdb
lmds,1bba,data/raw/decoy_cache/decoys_r_us/lmds/dd/multiple/lmds/doc/pdb_orig/1bba.pdb,data/raw/decoy_cache/decoys_r_us/lmds/dd/multiple/lmds/1bba/1bba.6895.pdb
lmds,1bba,data/raw/decoy_cache/decoys_r_us/lmds/dd/multiple/lmds/doc/pdb_orig/1bba.pdb,data/raw/decoy_cache/decoys_r_us/lmds/dd/multiple/lmds/1bba/1bba.6931.pdb
lmds,1bba,data/raw/decoy_cache/decoys_r_us/lmds/dd/multiple/lmds/doc/pdb_orig/1bba.pdb,data/raw/decoy_cache/decoys_r_us/lmds/dd/multiple/lmds/1bba/1bba.6968.pdb
lmds,1bba,data/raw/decoy_cache/decoys_r_us/lmds/dd/multiple/lmds/doc/pdb_orig/1bba.pdb,data/raw/decoy_cache/decoys_r_us/lmds/dd/multiple/lmds/1bba/1bba.6980.pdb
lmds,1bba,data/raw/decoy_cache/decoys_r_us/lmds/dd/multiple/lmds/doc/pdb_orig/1bba.pdb,data/raw/decoy_cache/decoys_r_us/lmds/dd/multiple/lmds/1bba/1bba.7012.pdb
lmds,1bba,data/raw/decoy_cache/decoys_r_us/lmds/dd/multiple/lmds/doc/pdb_orig/1bba.pdb,data/raw/decoy_cache/decoys_r_us/lmds/dd/multiple/lmds/1bba/1bba.7017.pdb
lmds,1bba,data/raw/decoy_cache/decoys_r_us/lmds/dd/multiple/lmds/doc/pdb_orig/1bba.pdb,data/raw/decoy_cache/decoys_r_us/lmds/dd/multiple/lmds/1bba/1bba.7023.pdb
lmds,1bba,data/raw/decoy_cache/decoys_r_us/lmds/dd/multiple/lmds/doc/pdb_orig/1bba.pdb,data/raw/decoy_cache/decoys_r_us/lmds/dd/multiple/lmds/1bba/1bba.7024.pdb
lmds,1bba,data/raw/decoy_cache/decoys_r_us/lmds/dd/multiple/lmds/doc/pdb_orig/1bba.pdb,data/raw/decoy_cache/decoys_r_us/lmds/dd/multiple/lmds/1bba/1bba.7036.pdb
lmds,1bba,data/raw/decoy_cache/decoys_r_us/lmds/dd/multiple/lmds/doc/pdb_orig/1bba.pdb,data/raw/decoy_cache/decoys_r_us/lmds/dd/multiple/lmds/1bba/1bba.7038.pdb
lmds,1bba,data/raw/decoy_cache/decoys_r_us/lmds/dd/multiple/lmds/doc/pdb_orig/1bba.pdb,data/raw/decoy_cache/decoys_r_us/lmds/dd/multiple/lmds/1bba/1bba.7046.pdb
lmds,1bba,data/raw/decoy_cache/decoys_r_us/lmds/dd/multiple/lmds/doc/pdb_orig/1bba.pdb,data/raw/decoy_cache/decoys_r_us/lmds/dd/multiple/lmds/1bba/1bba.7067.pdb
lmds,1bba,data/raw/decoy_cache/decoys_r_us/lmds/dd/multiple/lmds/doc/pdb_orig/1bba.pdb,data/raw/decoy_cache/decoys_r_us/lmds/dd/multiple/lmds/1bba/1bba.7075.pdb
lmds,1bba,data/raw/decoy_cache/decoys_r_us/lmds/dd/multiple/lmds/doc/pdb_orig/1bba.pdb,data/raw/decoy_cache/decoys_r_us/lmds/dd/multiple/lmds/1bba/1bba.7100.pdb
lmds,1bba,data/raw/decoy_cache/decoys_r_us/lmds/dd/multiple/lmds/doc/pdb_orig/1bba.pdb,data/raw/decoy_cache/decoys_r_us/lmds/dd/multiple/lmds/1bba/1bba.7127.pdb
lmds,1bba,data/raw/decoy_cache/decoys_r_us/lmds/dd/multiple/lmds/doc/pdb_orig/1bba.pdb,data/raw/decoy_cache/decoys_r_us/lmds/dd/multiple/lmds/1bba/1bba.7164.pdb
lmds,1bba,data/raw/decoy_cache/decoys_r_us/lmds/dd/multiple/lmds/doc/pdb_orig/1bba.pdb,data/raw/decoy_cache/decoys_r_us/lmds/dd/multiple/lmds/1bba/1bba.7165.pdb
lmds,1bba,data/raw/decoy_cache/decoys_r_us/lmds/dd/multiple/lmds/doc/pdb_orig/1bba.pdb,data/raw/decoy_cache/decoys_r_us/lmds/dd/multiple/lmds/1bba/1bba.7173.pdb
lmds,1bba,data/raw/decoy_cache/decoys_r_us/lmds/dd/multiple/lmds/doc/pdb_orig/1bba.pdb,data/raw/decoy_cache/decoys_r_us/lmds/dd/multiple/lmds/1bba/1bba.7182.pdb
lmds,1bba,data/raw/decoy_cache/decoys_r_us/lmds/dd/multiple/lmds/doc/pdb_orig/1bba.pdb,data/raw/decoy_cache/decoys_r_us/lmds/dd/multiple/lmds/1bba/1bba.7198.pdb
lmds,1bba,data/raw/decoy_cache/decoys_r_us/lmds/dd/multiple/lmds/doc/pdb_orig/1bba.pdb,data/raw/decoy_cache/decoys_r_us/lmds/dd/multiple/lmds/1bba/1bba.7199.pdb
lmds,1bba,data/raw/decoy_cache/decoys_r_us/lmds/dd/multiple/lmds/doc/pdb_orig/1bba.pdb,data/raw/decoy_cache/decoys_r_us/lmds/dd/multiple/lmds/1bba/1bba.7218.pdb
lmds,1bba,data/raw/decoy_cache/decoys_r_us/lmds/dd/multiple/lmds/doc/pdb_orig/1bba.pdb,data/raw/decoy_cache/decoys_r_us/lmds/dd/multiple/lmds/1bba/1bba.7234.pdb
lmds,1bba,data/raw/decoy_cache/decoys_r_us/lmds/dd/multiple/lmds/doc/pdb_orig/1bba.pdb,data/raw/decoy_cache/decoys_r_us/lmds/dd/multiple/lmds/1bba/1bba.724.pdb
lmds,1bba,data/raw/decoy_cache/decoys_r_us/lmds/dd/multiple/lmds/doc/pdb_orig/1bba.pdb,data/raw/decoy_cache/decoys_r_us/lmds/dd/multiple/lmds/1bba/1bba.7242.pdb
lmds,1bba,data/raw/decoy_cache/decoys_r_us/lmds/dd/multiple/lmds/doc/pdb_orig/1bba.pdb,data/raw/decoy_cache/decoys_r_us/lmds/dd/multiple/lmds/1bba/1bba.7261.pdb
lmds,1bba,data/raw/decoy_cache/decoys_r_us/lmds/dd/multiple/lmds/doc/pdb_orig/1bba.pdb,data/raw/decoy_cache/decoys_r_us/lmds/dd/multiple/lmds/1bba/1bba.7265.pdb
lmds,1bba,data/raw/decoy_cache/decoys_r_us/lmds/dd/multiple/lmds/doc/pdb_orig/1bba.pdb,data/raw/decoy_cache/decoys_r_us/lmds/dd/multiple/lmds/1bba/1bba.7285.pdb
lmds,1bba,data/raw/decoy_cache/decoys_r_us/lmds/dd/multiple/lmds/doc/pdb_orig/1bba.pdb,data/raw/decoy_cache/decoys_r_us/lmds/dd/multiple/lmds/1bba/1bba.7303.pdb
lmds,1bba,data/raw/decoy_cache/decoys_r_us/lmds/dd/multiple/lmds/doc/pdb_orig/1bba.pdb,data/raw/decoy_cache/decoys_r_us/lmds/dd/multiple/lmds/1bba/1bba.7307.pdb
lmds,1bba,data/raw/decoy_cache/decoys_r_us/lmds/dd/multiple/lmds/doc/pdb_orig/1bba.pdb,data/raw/decoy_cache/decoys_r_us/lmds/dd/multiple/lmds/1bba/1bba.7341.pdb
lmds,1bba,data/raw/decoy_cache/decoys_r_us/lmds/dd/multiple/lmds/doc/pdb_orig/1bba.pdb,data/raw/decoy_cache/decoys_r_us/lmds/dd/multiple/lmds/1bba/1bba.7351.pdb
lmds,1bba,data/raw/decoy_cache/decoys_r_us/lmds/dd/multiple/lmds/doc/pdb_orig/1bba.pdb,data/raw/decoy_cache/decoys_r_us/lmds/dd/multiple/lmds/1bba/1bba.7355.pdb
lmds,1bba,data/raw/decoy_cache/decoys_r_us/lmds/dd/multiple/lmds/doc/pdb_orig/1bba.pdb,data/raw/decoy_cache/decoys_r_us/lmds/dd/multiple/lmds/1bba/1bba.7370.pdb
lmds,1bba,data/raw/decoy_cache/decoys_r_us/lmds/dd/multiple/lmds/doc/pdb_orig/1bba.pdb,data/raw/decoy_cache/decoys_r_us/lmds/dd/multiple/lmds/1bba/1bba.7373.pdb
lmds,1bba,data/raw/decoy_cache/decoys_r_us/lmds/dd/multiple/lmds/doc/pdb_orig/1bba.pdb,data/raw/decoy_cache/decoys_r_us/lmds/dd/multiple/lmds/1bba/1bba.7396.pdb
lmds,1bba,data/raw/decoy_cache/decoys_r_us/lmds/dd/multiple/lmds/doc/pdb_orig/1bba.pdb,data/raw/decoy_cache/decoys_r_us/lmds/dd/multiple/lmds/1bba/1bba.74.pdb
lmds,1bba,data/raw/decoy_cache/decoys_r_us/lmds/dd/multiple/lmds/doc/pdb_orig/1bba.pdb,data/raw/decoy_cache/decoys_r_us/lmds/dd/multiple/lmds/1bba/1bba.7412.pdb
lmds,1bba,data/raw/decoy_cache/decoys_r_us/lmds/dd/multiple/lmds/doc/pdb_orig/1bba.pdb,data/raw/decoy_cache/decoys_r_us/lmds/dd/multiple/lmds/1bba/1bba.7446.pdb
lmds,1bba,data/raw/decoy_cache/decoys_r_us/lmds/dd/multiple/lmds/doc/pdb_orig/1bba.pdb,data/raw/decoy_cache/decoys_r_us/lmds/dd/multiple/lmds/1bba/1bba.7453.pdb
lmds,1bba,data/raw/decoy_cache/decoys_r_us/lmds/dd/multiple/lmds/doc/pdb_orig/1bba.pdb,data/raw/decoy_cache/decoys_r_us/lmds/dd/multiple/lmds/1bba/1bba.7494.pdb
lmds,1bba,data/raw/decoy_cache/decoys_r_us/lmds/dd/multiple/lmds/doc/pdb_orig/1bba.pdb,data/raw/decoy_cache/decoys_r_us/lmds/dd/multiple/lmds/1bba/1bba.7515.pdb
lmds,1bba,data/raw/decoy_cache/decoys_r_us/lmds/dd/multiple/lmds/doc/pdb_orig/1bba.pdb,data/raw/decoy_cache/decoys_r_us/lmds/dd/multiple/lmds/1bba/1bba.7520.pdb
lmds,1bba,data/raw/decoy_cache/decoys_r_us/lmds/dd/multiple/lmds/doc/pdb_orig/1bba.pdb,data/raw/decoy_cache/decoys_r_us/lmds/dd/multiple/lmds/1bba/1bba.7527.pdb
lmds,1bba,data/raw/decoy_cache/decoys_r_us/lmds/dd/multiple/lmds/doc/pdb_orig/1bba.pdb,data/raw/decoy_cache/decoys_r_us/lmds/dd/multiple/lmds/1bba/1bba.753.pdb
lmds,1bba,data/raw/decoy_cache/decoys_r_us/lmds/dd/multiple/lmds/doc/pdb_orig/1bba.pdb,data/raw/decoy_cache/decoys_r_us/lmds/dd/multiple/lmds/1bba/1bba.7568.pdb
lmds,1bba,data/raw/decoy_cache/decoys_r_us/lmds/dd/multiple/lmds/doc/pdb_orig/1bba.pdb,data/raw/decoy_cache/decoys_r_us/lmds/dd/multiple/lmds/1bba/1bba.757.pdb
lmds,1bba,data/raw/decoy_cache/decoys_r_us/lmds/dd/multiple/lmds/doc/pdb_orig/1bba.pdb,data/raw/decoy_cache/decoys_r_us/lmds/dd/multiple/lmds/1bba/1bba.7572.pdb
lmds,1bba,data/raw/decoy_cache/decoys_r_us/lmds/dd/multiple/lmds/doc/pdb_orig/1bba.pdb,data/raw/decoy_cache/decoys_r_us/lmds/dd/multiple/lmds/1bba/1bba.7577.pdb
lmds,1bba,data/raw/decoy_cache/decoys_r_us/lmds/dd/multiple/lmds/doc/pdb_orig/1bba.pdb,data/raw/decoy_cache/decoys_r_us/lmds/dd/multiple/lmds/1bba/1bba.7638.pdb
lmds,1bba,data/raw/decoy_cache/decoys_r_us/lmds/dd/multiple/lmds/doc/pdb_orig/1bba.pdb,data/raw/decoy_cache/decoys_r_us/lmds/dd/multiple/lmds/1bba/1bba.7641.pdb
lmds,1bba,data/raw/decoy_cache/decoys_r_us/lmds/dd/multiple/lmds/doc/pdb_orig/1bba.pdb,data/raw/decoy_cache/decoys_r_us/lmds/dd/multiple/lmds/1bba/1bba.7683.pdb
lmds,1bba,data/raw/decoy_cache/decoys_r_us/lmds/dd/multiple/lmds/doc/pdb_orig/1bba.pdb,data/raw/decoy_cache/decoys_r_us/lmds/dd/multiple/lmds/1bba/1bba.7692.pdb
lmds,1bba,data/raw/decoy_cache/decoys_r_us/lmds/dd/multiple/lmds/doc/pdb_orig/1bba.pdb,data/raw/decoy_cache/decoys_r_us/lmds/dd/multiple/lmds/1bba/1bba.77.pdb
lmds,1bba,data/raw/decoy_cache/decoys_r_us/lmds/dd/multiple/lmds/doc/pdb_orig/1bba.pdb,data/raw/decoy_cache/decoys_r_us/lmds/dd/multiple/lmds/1bba/1bba.7720.pdb
lmds,1bba,data/raw/decoy_cache/decoys_r_us/lmds/dd/multiple/lmds/doc/pdb_orig/1bba.pdb,data/raw/decoy_cache/decoys_r_us/lmds/dd/multiple/lmds/1bba/1bba.7735.pdb
lmds,1bba,data/raw/decoy_cache/decoys_r_us/lmds/dd/multiple/lmds/doc/pdb_orig/1bba.pdb,data/raw/decoy_cache/decoys_r_us/lmds/dd/multiple/lmds/1bba/1bba.7736.pdb
lmds,1bba,data/raw/decoy_cache/decoys_r_us/lmds/dd/multiple/lmds/doc/pdb_orig/1bba.pdb,data/raw/decoy_cache/decoys_r_us/lmds/dd/multiple/lmds/1bba/1bba.774.pdb
lmds,1bba,data/raw/decoy_cache/decoys_r_us/lmds/dd/multiple/lmds/doc/pdb_orig/1bba.pdb,data/raw/decoy_cache/decoys_r_us/lmds/dd/multiple/lmds/1bba/1bba.7748.pdb
lmds,1bba,data/raw/decoy_cache/decoys_r_us/lmds/dd/multiple/lmds/doc/pdb_orig/1bba.pdb,data/raw/decoy_cache/decoys_r_us/lmds/dd/multiple/lmds/1bba/1bba.7755.pdb
lmds,1bba,data/raw/decoy_cache/decoys_r_us/lmds/dd/multiple/lmds/doc/pdb_orig/1bba.pdb,data/raw/decoy_cache/decoys_r_us/lmds/dd/multiple/lmds/1bba/1bba.7756.pdb
lmds,1bba,data/raw/decoy_cache/decoys_r_us/lmds/dd/multiple/lmds/doc/pdb_orig/1bba.pdb,data/raw/decoy_cache/decoys_r_us/lmds/dd/multiple/lmds/1bba/1bba.7769.pdb
lmds,1bba,data/raw/decoy_cache/decoys_r_us/lmds/dd/multiple/lmds/doc/pdb_orig/1bba.pdb,data/raw/decoy_cache/decoys_r_us/lmds/dd/multiple/lmds/1bba/1bba.778.pdb
lmds,1bba,data/raw/decoy_cache/decoys_r_us/lmds/dd/multiple/lmds/doc/pdb_orig/1bba.pdb,data/raw/decoy_cache/decoys_r_us/lmds/dd/multiple/lmds/1bba/1bba.780.pdb
lmds,1bba,data/raw/decoy_cache/decoys_r_us/lmds/dd/multiple/lmds/doc/pdb_orig/1bba.pdb,data/raw/decoy_cache/decoys_r_us/lmds/dd/multiple/lmds/1bba/1bba.7817.pdb
lmds,1bba,data/raw/decoy_cache/decoys_r_us/lmds/dd/multiple/lmds/doc/pdb_orig/1bba.pdb,data/raw/decoy_cache/decoys_r_us/lmds/dd/multiple/lmds/1bba/1bba.7846.pdb
lmds,1bba,data/raw/decoy_cache/decoys_r_us/lmds/dd/multiple/lmds/doc/pdb_orig/1bba.pdb,data/raw/decoy_cache/decoys_r_us/lmds/dd/multiple/lmds/1bba/1bba.7884.pdb
lmds,1bba,data/raw/decoy_cache/decoys_r_us/lmds/dd/multiple/lmds/doc/pdb_orig/1bba.pdb,data/raw/decoy_cache/decoys_r_us/lmds/dd/multiple/lmds/1bba/1bba.7894.pdb
lmds,1bba,data/raw/decoy_cache/decoys_r_us/lmds/dd/multiple/lmds/doc/pdb_orig/1bba.pdb,data/raw/decoy_cache/decoys_r_us/lmds/dd/multiple/lmds/1bba/1bba.793.pdb
lmds,1bba,data/raw/decoy_cache/decoys_r_us/lmds/dd/multiple/lmds/doc/pdb_orig/1bba.pdb,data/raw/decoy_cache/decoys_r_us/lmds/dd/multiple/lmds/1bba/1bba.7946.pdb
lmds,1bba,data/raw/decoy_cache/decoys_r_us/lmds/dd/multiple/lmds/doc/pdb_orig/1bba.pdb,data/raw/decoy_cache/decoys_r_us/lmds/dd/multiple/lmds/1bba/1bba.7958.pdb
lmds,1bba,data/raw/decoy_cache/decoys_r_us/lmds/dd/multiple/lmds/doc/pdb_orig/1bba.pdb,data/raw/decoy_cache/decoys_r_us/lmds/dd/multiple/lmds/1bba/1bba.7985.pdb
lmds,1bba,data/raw/decoy_cache/decoys_r_us/lmds/dd/multiple/lmds/doc/pdb_orig/1bba.pdb,data/raw/decoy_cache/decoys_r_us/lmds/dd/multiple/lmds/1bba/1bba.8015.pdb
lmds,1bba,data/raw/decoy_cache/decoys_r_us/lmds/dd/multiple/lmds/doc/pdb_orig/1bba.pdb,data/raw/decoy_cache/decoys_r_us/lmds/dd/multiple/lmds/1bba/1bba.8018.pdb
lmds,1bba,data/raw/decoy_cache/decoys_r_us/lmds/dd/multiple/lmds/doc/pdb_orig/1bba.pdb,data/raw/decoy_cache/decoys_r_us/lmds/dd/multiple/lmds/1bba/1bba.8028.pdb
lmds,1bba,data/raw/decoy_cache/decoys_r_us/lmds/dd/multiple/lmds/doc/pdb_orig/1bba.pdb,data/raw/decoy_cache/decoys_r_us/lmds/dd/multiple/lmds/1bba/1bba.8037.pdb
lmds,1bba,data/raw/decoy_cache/decoys_r_us/lmds/dd/multiple/lmds/doc/pdb_orig/1bba.pdb,data/raw/decoy_cache/decoys_r_us/lmds/dd/multiple/lmds/1bba/1bba.8043.pdb
lmds,1bba,data/raw/decoy_cache/decoys_r_us/lmds/dd/multiple/lmds/doc/pdb_orig/1bba.pdb,data/raw/decoy_cache/decoys_r_us/lmds/dd/multiple/lmds/1bba/1bba.8063.pdb
lmds,1bba,data/raw/decoy_cache/decoys_r_us/lmds/dd/multiple/lmds/doc/pdb_orig/1bba.pdb,data/raw/decoy_cache/decoys_r_us/lmds/dd/multiple/lmds/1bba/1bba.808.pdb
lmds,1bba,data/raw/decoy_cache/decoys_r_us/lmds/dd/multiple/lmds/doc/pdb_orig/1bba.pdb,data/raw/decoy_cache/decoys_r_us/lmds/dd/multiple/lmds/1bba/1bba.809.pdb
lmds,1bba,data/raw/decoy_cache/decoys_r_us/lmds/dd/multiple/lmds/doc/pdb_orig/1bba.pdb,data/raw/decoy_cache/decoys_r_us/lmds/dd/multiple/lmds/1bba/1bba.8097.pdb
lmds,1bba,data/raw/decoy_cache/decoys_r_us/lmds/dd/multiple/lmds/doc/pdb_orig/1bba.pdb,data/raw/decoy_cache/decoys_r_us/lmds/dd/multiple/lmds/1bba/1bba.8107.pdb
lmds,1bba,data/raw/decoy_cache/decoys_r_us/lmds/dd/multiple/lmds/doc/pdb_orig/1bba.pdb,data/raw/decoy_cache/decoys_r_us/lmds/dd/multiple/lmds/1bba/1bba.8153.pdb
lmds,1bba,data/raw/decoy_cache/decoys_r_us/lmds/dd/multiple/lmds/doc/pdb_orig/1bba.pdb,data/raw/decoy_cache/decoys_r_us/lmds/dd/multiple/lmds/1bba/1bba.820.pdb
lmds,1bba,data/raw/decoy_cache/decoys_r_us/lmds/dd/multiple/lmds/doc/pdb_orig/1bba.pdb,data/raw/decoy_cache/decoys_r_us/lmds/dd/multiple/lmds/1bba/1bba.8204.pdb
lmds,1bba,data/raw/decoy_cache/decoys_r_us/lmds/dd/multiple/lmds/doc/pdb_orig/1bba.pdb,data/raw/decoy_cache/decoys_r_us/lmds/dd/multiple/lmds/1bba/1bba.8210.pdb
lmds,1bba,data/raw/decoy_cache/decoys_r_us/lmds/dd/multiple/lmds/doc/pdb_orig/1bba.pdb,data/raw/decoy_cache/decoys_r_us/lmds/dd/multiple/lmds/1bba/1bba.8245.pdb
lmds,1bba,data/raw/decoy_cache/decoys_r_us/lmds/dd/multiple/lmds/doc/pdb_orig/1bba.pdb,data/raw/decoy_cache/decoys_r_us/lmds/dd/multiple/lmds/1bba/1bba.8249.pdb
lmds,1bba,data/raw/decoy_cache/decoys_r_us/lmds/dd/multiple/lmds/doc/pdb_orig/1bba.pdb,data/raw/decoy_cache/decoys_r_us/lmds/dd/multiple/lmds/1bba/1bba.8265.pdb
lmds,1bba,data/raw/decoy_cache/decoys_r_us/lmds/dd/multiple/lmds/doc/pdb_orig/1bba.pdb,data/raw/decoy_cache/decoys_r_us/lmds/dd/multiple/lmds/1bba/1bba.8285.pdb
lmds,1bba,data/raw/decoy_cache/decoys_r_us/lmds/dd/multiple/lmds/doc/pdb_orig/1bba.pdb,data/raw/decoy_cache/decoys_r_us/lmds/dd/multiple/lmds/1bba/1bba.832.pdb
lmds,1bba,data/raw/decoy_cache/decoys_r_us/lmds/dd/multiple/lmds/doc/pdb_orig/1bba.pdb,data/raw/decoy_cache/decoys_r_us/lmds/dd/multiple/lmds/1bba/1bba.8320.pdb
lmds,1bba,data/raw/decoy_cache/decoys_r_us/lmds/dd/multiple/lmds/doc/pdb_orig/1bba.pdb,data/raw/decoy_cache/decoys_r_us/lmds/dd/multiple/lmds/1bba/1bba.8348.pdb
lmds,1bba,data/raw/decoy_cache/decoys_r_us/lmds/dd/multiple/lmds/doc/pdb_orig/1bba.pdb,data/raw/decoy_cache/decoys_r_us/lmds/dd/multiple/lmds/1bba/1bba.8358.pdb
lmds,1bba,data/raw/decoy_cache/decoys_r_us/lmds/dd/multiple/lmds/doc/pdb_orig/1bba.pdb,data/raw/decoy_cache/decoys_r_us/lmds/dd/multiple/lmds/1bba/1bba.8370.pdb
lmds,1bba,data/raw/decoy_cache/decoys_r_us/lmds/dd/multiple/lmds/doc/pdb_orig/1bba.pdb,data/raw/decoy_cache/decoys_r_us/lmds/dd/multiple/lmds/1bba/1bba.8404.pdb
lmds,1bba,data/raw/decoy_cache/decoys_r_us/lmds/dd/multiple/lmds/doc/pdb_orig/1bba.pdb,data/raw/decoy_cache/decoys_r_us/lmds/dd/multiple/lmds/1bba/1bba.8406.pdb
lmds,1bba,data/raw/decoy_cache/decoys_r_us/lmds/dd/multiple/lmds/doc/pdb_orig/1bba.pdb,data/raw/decoy_cache/decoys_r_us/lmds/dd/multiple/lmds/1bba/1bba.8504.pdb
lmds,1bba,data/raw/decoy_cache/decoys_r_us/lmds/dd/multiple/lmds/doc/pdb_orig/1bba.pdb,data/raw/decoy_cache/decoys_r_us/lmds/dd/multiple/lmds/1bba/1bba.851.pdb
lmds,1bba,data/raw/decoy_cache/decoys_r_us/lmds/dd/multiple/lmds/doc/pdb_orig/1bba.pdb,data/raw/decoy_cache/decoys_r_us/lmds/dd/multiple/lmds/1bba/1bba.8517.pdb
lmds,1bba,data/raw/decoy_cache/decoys_r_us/lmds/dd/multiple/lmds/doc/pdb_orig/1bba.pdb,data/raw/decoy_cache/decoys_r_us/lmds/dd/multiple/lmds/1bba/1bba.8522.pdb
lmds,1bba,data/raw/decoy_cache/decoys_r_us/lmds/dd/multiple/lmds/doc/pdb_orig/1bba.pdb,data/raw/decoy_cache/decoys_r_us/lmds/dd/multiple/lmds/1bba/1bba.8529.pdb
lmds,1bba,data/raw/decoy_cache/decoys_r_us/lmds/dd/multiple/lmds/doc/pdb_orig/1bba.pdb,data/raw/decoy_cache/decoys_r_us/lmds/dd/multiple/lmds/1bba/1bba.8570.pdb
lmds,1bba,data/raw/decoy_cache/decoys_r_us/lmds/dd/multiple/lmds/doc/pdb_orig/1bba.pdb,data/raw/decoy_cache/decoys_r_us/lmds/dd/multiple/lmds/1bba/1bba.8581.pdb
lmds,1bba,data/raw/decoy_cache/decoys_r_us/lmds/dd/multiple/lmds/doc/pdb_orig/1bba.pdb,data/raw/decoy_cache/decoys_r_us/lmds/dd/multiple/lmds/1bba/1bba.863.pdb
lmds,1bba,data/raw/decoy_cache/decoys_r_us/lmds/dd/multiple/lmds/doc/pdb_orig/1bba.pdb,data/raw/decoy_cache/decoys_r_us/lmds/dd/multiple/lmds/1bba/1bba.8638.pdb
lmds,1bba,data/raw/decoy_cache/decoys_r_us/lmds/dd/multiple/lmds/doc/pdb_orig/1bba.pdb,data/raw/decoy_cache/decoys_r_us/lmds/dd/multiple/lmds/1bba/1bba.8688.pdb
lmds,1bba,data/raw/decoy_cache/decoys_r_us/lmds/dd/multiple/lmds/doc/pdb_orig/1bba.pdb,data/raw/decoy_cache/decoys_r_us/lmds/dd/multiple/lmds/1bba/1bba.8696.pdb
lmds,1bba,data/raw/decoy_cache/decoys_r_us/lmds/dd/multiple/lmds/doc/pdb_orig/1bba.pdb,data/raw/decoy_cache/decoys_r_us/lmds/dd/multiple/lmds/1bba/1bba.871.pdb
lmds,1bba,data/raw/decoy_cache/decoys_r_us/lmds/dd/multiple/lmds/doc/pdb_orig/1bba.pdb,data/raw/decoy_cache/decoys_r_us/lmds/dd/multiple/lmds/1bba/1bba.8739.pdb
lmds,1bba,data/raw/decoy_cache/decoys_r_us/lmds/dd/multiple/lmds/doc/pdb_orig/1bba.pdb,data/raw/decoy_cache/decoys_r_us/lmds/dd/multiple/lmds/1bba/1bba.8751.pdb
lmds,1bba,data/raw/decoy_cache/decoys_r_us/lmds/dd/multiple/lmds/doc/pdb_orig/1bba.pdb,data/raw/decoy_cache/decoys_r_us/lmds/dd/multiple/lmds/1bba/1bba.8759.pdb
lmds,1bba,data/raw/decoy_cache/decoys_r_us/lmds/dd/multiple/lmds/doc/pdb_orig/1bba.pdb,data/raw/decoy_cache/decoys_r_us/lmds/dd/multiple/lmds/1bba/1bba.8810.pdb
lmds,1bba,data/raw/decoy_cache/decoys_r_us/lmds/dd/multiple/lmds/doc/pdb_orig/1bba.pdb,data/raw/decoy_cache/decoys_r_us/lmds/dd/multiple/lmds/1bba/1bba.8824.pdb
lmds,1bba,data/raw/decoy_cache/decoys_r_us/lmds/dd/multiple/lmds/doc/pdb_orig/1bba.pdb,data/raw/decoy_cache/decoys_r_us/lmds/dd/multiple/lmds/1bba/1bba.8835.pdb
lmds,1bba,data/raw/decoy_cache/decoys_r_us/lmds/dd/multiple/lmds/doc/pdb_orig/1bba.pdb,data/raw/decoy_cache/decoys_r_us/lmds/dd/multiple/lmds/1bba/1bba.8839.pdb
lmds,1bba,data/raw/decoy_cache/decoys_r_us/lmds/dd/multiple/lmds/doc/pdb_orig/1bba.pdb,data/raw/decoy_cache/decoys_r_us/lmds/dd/multiple/lmds/1bba/1bba.8862.pdb
lmds,1bba,data/raw/decoy_cache/decoys_r_us/lmds/dd/multiple/lmds/doc/pdb_orig/1bba.pdb,data/raw/decoy_cache/decoys_r_us/lmds/dd/multiple/lmds/1bba/1bba.889.pdb
lmds,1bba,data/raw/decoy_cache/decoys_r_us/lmds/dd/multiple/lmds/doc/pdb_orig/1bba.pdb,data/raw/decoy_cache/decoys_r_us/lmds/dd/multiple/lmds/1bba/1bba.8897.pdb
lmds,1bba,data/raw/decoy_cache/decoys_r_us/lmds/dd/multiple/lmds/doc/pdb_orig/1bba.pdb,data/raw/decoy_cache/decoys_r_us/lmds/dd/multiple/lmds/1bba/1bba.8921.pdb
lmds,1bba,data/raw/decoy_cache/decoys_r_us/lmds/dd/multiple/lmds/doc/pdb_orig/1bba.pdb,data/raw/decoy_cache/decoys_r_us/lmds/dd/multiple/lmds/1bba/1bba.8924.pdb
lmds,1bba,data/raw/decoy_cache/decoys_r_us/lmds/dd/multiple/lmds/doc/pdb_orig/1bba.pdb,data/raw/decoy_cache/decoys_r_us/lmds/dd/multiple/lmds/1bba/1bba.8951.pdb
lmds,1bba,data/raw/decoy_cache/decoys_r_us/lmds/dd/multiple/lmds/doc/pdb_orig/1bba.pdb,data/raw/decoy_cache/decoys_r_us/lmds/dd/multiple/lmds/1bba/1bba.8979.pdb
lmds,1bba,data/raw/decoy_cache/decoys_r_us/lmds/dd/multiple/lmds/doc/pdb_orig/1bba.pdb,data/raw/decoy_cache/decoys_r_us/lmds/dd/multiple/lmds/1bba/1bba.9043.pdb
lmds,1bba,data/raw/decoy_cache/decoys_r_us/lmds/dd/multiple/lmds/doc/pdb_orig/1bba.pdb,data/raw/decoy_cache/decoys_r_us/lmds/dd/multiple/lmds/1bba/1bba.9051.pdb
lmds,1bba,data/raw/decoy_cache/decoys_r_us/lmds/dd/multiple/lmds/doc/pdb_orig/1bba.pdb,data/raw/decoy_cache/decoys_r_us/lmds/dd/multiple/lmds/1bba/1bba.9086.pdb
lmds,1bba,data/raw/decoy_cache/decoys_r_us/lmds/dd/multiple/lmds/doc/pdb_orig/1bba.pdb,data/raw/decoy_cache/decoys_r_us/lmds/dd/multiple/lmds/1bba/1bba.9091.pdb
lmds,1bba,data/raw/decoy_cache/decoys_r_us/lmds/dd/multiple/lmds/doc/pdb_orig/1bba.pdb,data/raw/decoy_cache/decoys_r_us/lmds/dd/multiple/lmds/1bba/1bba.9110.pdb
lmds,1bba,data/raw/decoy_cache/decoys_r_us/lmds/dd/multiple/lmds/doc/pdb_orig/1bba.pdb,data/raw/decoy_cache/decoys_r_us/lmds/dd/multiple/lmds/1bba/1bba.9114.pdb
lmds,1bba,data/raw/decoy_cache/decoys_r_us/lmds/dd/multiple/lmds/doc/pdb_orig/1bba.pdb,data/raw/decoy_cache/decoys_r_us/lmds/dd/multiple/lmds/1bba/1bba.9135.pdb
lmds,1bba,data/raw/decoy_cache/decoys_r_us/lmds/dd/multiple/lmds/doc/pdb_orig/1bba.pdb,data/raw/decoy_cache/decoys_r_us/lmds/dd/multiple/lmds/1bba/1bba.9162.pdb
lmds,1bba,data/raw/decoy_cache/decoys_r_us/lmds/dd/multiple/lmds/doc/pdb_orig/1bba.pdb,data/raw/decoy_cache/decoys_r_us/lmds/dd/multiple/lmds/1bba/1bba.9163.pdb
lmds,1bba,data/raw/decoy_cache/decoys_r_us/lmds/dd/multiple/lmds/doc/pdb_orig/1bba.pdb,data/raw/decoy_cache/decoys_r_us/lmds/dd/multiple/lmds/1bba/1bba.9185.pdb
lmds,1bba,data/raw/decoy_cache/decoys_r_us/lmds/dd/multiple/lmds/doc/pdb_orig/1bba.pdb,data/raw/decoy_cache/decoys_r_us/lmds/dd/multiple/lmds/1bba/1bba.9187.pdb
lmds,1bba,data/raw/decoy_cache/decoys_r_us/lmds/dd/multiple/lmds/doc/pdb_orig/1bba.pdb,data/raw/decoy_cache/decoys_r_us/lmds/dd/multiple/lmds/1bba/1bba.9205.pdb
lmds,1bba,data/raw/decoy_cache/decoys_r_us/lmds/dd/multiple/lmds/doc/pdb_orig/1bba.pdb,data/raw/decoy_cache/decoys_r_us/lmds/dd/multiple/lmds/1bba/1bba.9206.pdb
lmds,1bba,data/raw/decoy_cache/decoys_r_us/lmds/dd/multiple/lmds/doc/pdb_orig/1bba.pdb,data/raw/decoy_cache/decoys_r_us/lmds/dd/multiple/lmds/1bba/1bba.9217.pdb
lmds,1bba,data/raw/decoy_cache/decoys_r_us/lmds/dd/multiple/lmds/doc/pdb_orig/1bba.pdb,data/raw/decoy_cache/decoys_r_us/lmds/dd/multiple/lmds/1bba/1bba.9250.pdb
lmds,1bba,data/raw/decoy_cache/decoys_r_us/lmds/dd/multiple/lmds/doc/pdb_orig/1bba.pdb,data/raw/decoy_cache/decoys_r_us/lmds/dd/multiple/lmds/1bba/1bba.9274.pdb
lmds,1bba,data/raw/decoy_cache/decoys_r_us/lmds/dd/multiple/lmds/doc/pdb_orig/1bba.pdb,data/raw/decoy_cache/decoys_r_us/lmds/dd/multiple/lmds/1bba/1bba.9298.pdb
lmds,1bba,data/raw/decoy_cache/decoys_r_us/lmds/dd/multiple/lmds/doc/pdb_orig/1bba.pdb,data/raw/decoy_cache/decoys_r_us/lmds/dd/multiple/lmds/1bba/1bba.9299.pdb
lmds,1bba,data/raw/decoy_cache/decoys_r_us/lmds/dd/multiple/lmds/doc/pdb_orig/1bba.pdb,data/raw/decoy_cache/decoys_r_us/lmds/dd/multiple/lmds/1bba/1bba.9304.pdb
lmds,1bba,data/raw/decoy_cache/decoys_r_us/lmds/dd/multiple/lmds/doc/pdb_orig/1bba.pdb,data/raw/decoy_cache/decoys_r_us/lmds/dd/multiple/lmds/1bba/1bba.9311.pdb
lmds,1bba,data/raw/decoy_cache/decoys_r_us/lmds/dd/multiple/lmds/doc/pdb_orig/1bba.pdb,data/raw/decoy_cache/decoys_r_us/lmds/dd/multiple/lmds/1bba/1bba.9328.pdb
lmds,1bba,data/raw/decoy_cache/decoys_r_us/lmds/dd/multiple/lmds/doc/pdb_orig/1bba.pdb,data/raw/decoy_cache/decoys_r_us/lmds/dd/multiple/lmds/1bba/1bba.9337.pdb
lmds,1bba,data/raw/decoy_cache/decoys_r_us/lmds/dd/multiple/lmds/doc/pdb_orig/1bba.pdb,data/raw/decoy_cache/decoys_r_us/lmds/dd/multiple/lmds/1bba/1bba.9338.pdb
lmds,1bba,data/raw/decoy_cache/decoys_r_us/lmds/dd/multiple/lmds/doc/pdb_orig/1bba.pdb,data/raw/decoy_cache/decoys_r_us/lmds/dd/multiple/lmds/1bba/1bba.935.pdb
lmds,1bba,data/raw/decoy_cache/decoys_r_us/lmds/dd/multiple/lmds/doc/pdb_orig/1bba.pdb,data/raw/decoy_cache/decoys_r_us/lmds/dd/multiple/lmds/1bba/1bba.9373.pdb
lmds,1bba,data/raw/decoy_cache/decoys_r_us/lmds/dd/multiple/lmds/doc/pdb_orig/1bba.pdb,data/raw/decoy_cache/decoys_r_us/lmds/dd/multiple/lmds/1bba/1bba.939.pdb
lmds,1bba,data/raw/decoy_cache/decoys_r_us/lmds/dd/multiple/lmds/doc/pdb_orig/1bba.pdb,data/raw/decoy_cache/decoys_r_us/lmds/dd/multiple/lmds/1bba/1bba.9400.pdb
lmds,1bba,data/raw/decoy_cache/decoys_r_us/lmds/dd/multiple/lmds/doc/pdb_orig/1bba.pdb,data/raw/decoy_cache/decoys_r_us/lmds/dd/multiple/lmds/1bba/1bba.9417.pdb
lmds,1bba,data/raw/decoy_cache/decoys_r_us/lmds/dd/multiple/lmds/doc/pdb_orig/1bba.pdb,data/raw/decoy_cache/decoys_r_us/lmds/dd/multiple/lmds/1bba/1bba.9425.pdb
lmds,1bba,data/raw/decoy_cache/decoys_r_us/lmds/dd/multiple/lmds/doc/pdb_orig/1bba.pdb,data/raw/decoy_cache/decoys_r_us/lmds/dd/multiple/lmds/1bba/1bba.9455.pdb
lmds,1bba,data/raw/decoy_cache/decoys_r_us/lmds/dd/multiple/lmds/doc/pdb_orig/1bba.pdb,data/raw/decoy_cache/decoys_r_us/lmds/dd/multiple/lmds/1bba/1bba.9465.pdb
lmds,1bba,data/raw/decoy_cache/decoys_r_us/lmds/dd/multiple/lmds/doc/pdb_orig/1bba.pdb,data/raw/decoy_cache/decoys_r_us/lmds/dd/multiple/lmds/1bba/1bba.9484.pdb
lmds,1bba,data/raw/decoy_cache/decoys_r_us/lmds/dd/multiple/lmds/doc/pdb_orig/1bba.pdb,data/raw/decoy_cache/decoys_r_us/lmds/dd/multiple/lmds/1bba/1bba.9515.pdb
lmds,1bba,data/raw/decoy_cache/decoys_r_us/lmds/dd/multiple/lmds/doc/pdb_orig/1bba.pdb,data/raw/decoy_cache/decoys_r_us/lmds/dd/multiple/lmds/1bba/1bba.955.pdb
lmds,1bba,data/raw/decoy_cache/decoys_r_us/lmds/dd/multiple/lmds/doc/pdb_orig/1bba.pdb,data/raw/decoy_cache/decoys_r_us/lmds/dd/multiple/lmds/1bba/1bba.9551.pdb
lmds,1bba,data/raw/decoy_cache/decoys_r_us/lmds/dd/multiple/lmds/doc/pdb_orig/1bba.pdb,data/raw/decoy_cache/decoys_r_us/lmds/dd/multiple/lmds/1bba/1bba.9553.pdb
lmds,1bba,data/raw/decoy_cache/decoys_r_us/lmds/dd/multiple/lmds/doc/pdb_orig/1bba.pdb,data/raw/decoy_cache/decoys_r_us/lmds/dd/multiple/lmds/1bba/1bba.9577.pdb
lmds,1bba,data/raw/decoy_cache/decoys_r_us/lmds/dd/multiple/lmds/doc/pdb_orig/1bba.pdb,data/raw/decoy_cache/decoys_r_us/lmds/dd/multiple/lmds/1bba/1bba.958.pdb
lmds,1bba,data/raw/decoy_cache/decoys_r_us/lmds/dd/multiple/lmds/doc/pdb_orig/1bba.pdb,data/raw/decoy_cache/decoys_r_us/lmds/dd/multiple/lmds/1bba/1bba.9584.pdb
lmds,1bba,data/raw/decoy_cache/decoys_r_us/lmds/dd/multiple/lmds/doc/pdb_orig/1bba.pdb,data/raw/decoy_cache/decoys_r_us/lmds/dd/multiple/lmds/1bba/1bba.9612.pdb
lmds,1bba,data/raw/decoy_cache/decoys_r_us/lmds/dd/multiple/lmds/doc/pdb_orig/1bba.pdb,data/raw/decoy_cache/decoys_r_us/lmds/dd/multiple/lmds/1bba/1bba.9630.pdb
lmds,1bba,data/raw/decoy_cache/decoys_r_us/lmds/dd/multiple/lmds/doc/pdb_orig/1bba.pdb,data/raw/decoy_cache/decoys_r_us/lmds/dd/multiple/lmds/1bba/1bba.9631.pdb
lmds,1bba,data/raw/decoy_cache/decoys_r_us/lmds/dd/multiple/lmds/doc/pdb_orig/1bba.pdb,data/raw/decoy_cache/decoys_r_us/lmds/dd/multiple/lmds/1bba/1bba.9666.pdb
lmds,1bba,data/raw/decoy_cache/decoys_r_us/lmds/dd/multiple/lmds/doc/pdb_orig/1bba.pdb,data/raw/decoy_cache/decoys_r_us/lmds/dd/multiple/lmds/1bba/1bba.9676.pdb
lmds,1bba,data/raw/decoy_cache/decoys_r_us/lmds/dd/multiple/lmds/doc/pdb_orig/1bba.pdb,data/raw/decoy_cache/decoys_r_us/lmds/dd/multiple/lmds/1bba/1bba.9699.pdb
lmds,1bba,data/raw/decoy_cache/decoys_r_us/lmds/dd/multiple/lmds/doc/pdb_orig/1bba.pdb,data/raw/decoy_cache/decoys_r_us/lmds/dd/multiple/lmds/1bba/1bba.9751.pdb
lmds,1bba,data/raw/decoy_cache/decoys_r_us/lmds/dd/multiple/lmds/doc/pdb_orig/1bba.pdb,data/raw/decoy_cache/decoys_r_us/lmds/dd/multiple/lmds/1bba/1bba.985.pdb
lmds,1bba,data/raw/decoy_cache/decoys_r_us/lmds/dd/multiple/lmds/doc/pdb_orig/1bba.pdb,data/raw/decoy_cache/decoys_r_us/lmds/dd/multiple/lmds/1bba/1bba.9870.pdb
lmds,1bba,data/raw/decoy_cache/decoys_r_us/lmds/dd/multiple/lmds/doc/pdb_orig/1bba.pdb,data/raw/decoy_cache/decoys_r_us/lmds/dd/multiple/lmds/1bba/1bba.9889.pdb
lmds,1bba,data/raw/decoy_cache/decoys_r_us/lmds/dd/multiple/lmds/doc/pdb_orig/1bba.pdb,data/raw/decoy_cache/decoys_r_us/lmds/dd/multiple/lmds/1bba/1bba.9898.pdb
lmds,1bba,data/raw/decoy_cache/decoys_r_us/lmds/dd/multiple/lmds/doc/pdb_orig/1bba.pdb,data/raw/decoy_cache/decoys_r_us/lmds/dd/multiple/lmds/1bba/1bba.9901.pdb
lmds,1bba,data/raw/decoy_cache/decoys_r_us/lmds/dd/multiple/lmds/doc/pdb_orig/1bba.pdb,data/raw/decoy_cache/decoys_r_us/lmds/dd/multiple/lmds/1bba/1bba.9931.pdb
lmds,1bba,data/raw/decoy_cache/decoys_r_us/lmds/dd/multiple/lmds/doc/pdb_orig/1bba.pdb,data/raw/decoy_cache/decoys_r_us/lmds/dd/multiple/lmds/1bba/1bba.9950.pdb
lmds,1bba,data/raw/decoy_cache/decoys_r_us/lmds/dd/multiple/lmds/doc/pdb_orig/1bba.pdb,data/raw/decoy_cache/decoys_r_us/lmds/dd/multiple/lmds/1bba/1bba.9962.pdb
lmds,1bba,data/raw/decoy_cache/decoys_r_us/lmds/dd/multiple/lmds/doc/pdb_orig/1bba.pdb,data/raw/decoy_cache/decoys_r_us/lmds/dd/multiple/lmds/1bba/1bba.998.pdb
lmds,1bba,data/raw/decoy_cache/decoys_r_us/lmds/dd/multiple/lmds/doc/pdb_orig/1bba.pdb,data/raw/decoy_cache/decoys_r_us/lmds/dd/multiple/lmds/1bba/1bba.pdb
lmds,1ctf,data/raw/decoy_cache/decoys_r_us/lmds/dd/multiple/lmds/doc/pdb_orig/1ctf.pdb,data/raw/decoy_cache/decoys_r_us/lmds/dd/multiple/lmds/1ctf/1ctf.10040.pdb
lmds,1ctf,data/raw/decoy_cache/decoys_r_us/lmds/dd/multiple/lmds/doc/pdb_orig/1ctf.pdb,data/raw/decoy_cache/decoys_r_us/lmds/dd/multiple/lmds/1ctf/1ctf.10165.pdb
lmds,1ctf,data/raw/decoy_cache/decoys_r_us/lmds/dd/multiple/lmds/doc/pdb_orig/1ctf.pdb,data/raw/decoy_cache/decoys_r_us/lmds/dd/multiple/lmds/1ctf/1ctf.10188.pdb
lmds,1ctf,data/raw/decoy_cache/decoys_r_us/lmds/dd/multiple/lmds/doc/pdb_orig/1ctf.pdb,data/raw/decoy_cache/decoys_r_us/lmds/dd/multiple/lmds/1ctf/1ctf.10191.pdb
lmds,1ctf,data/raw/decoy_cache/decoys_r_us/lmds/dd/multiple/lmds/doc/pdb_orig/1ctf.pdb,data/raw/decoy_cache/decoys_r_us/lmds/dd/multiple/lmds/1ctf/1ctf.10194.pdb
lmds,1ctf,data/raw/decoy_cache/decoys_r_us/lmds/dd/multiple/lmds/doc/pdb_orig/1ctf.pdb,data/raw/decoy_cache/decoys_r_us/lmds/dd/multiple/lmds/1ctf/1ctf.10196.pdb
lmds,1ctf,data/raw/decoy_cache/decoys_r_us/lmds/dd/multiple/lmds/doc/pdb_orig/1ctf.pdb,data/raw/decoy_cache/decoys_r_us/lmds/dd/multiple/lmds/1ctf/1ctf.10205.pdb
lmds,1ctf,data/raw/decoy_cache/decoys_r_us/lmds/dd/multiple/lmds/doc/pdb_orig/1ctf.pdb,data/raw/decoy_cache/decoys_r_us/lmds/dd/multiple/lmds/1ctf/1ctf.10265.pdb
lmds,1ctf,data/raw/decoy_cache/decoys_r_us/lmds/dd/multiple/lmds/doc/pdb_orig/1ctf.pdb,data/raw/decoy_cache/decoys_r_us/lmds/dd/multiple/lmds/1ctf/1ctf.10266.pdb
lmds,1ctf,data/raw/decoy_cache/decoys_r_us/lmds/dd/multiple/lmds/doc/pdb_orig/1ctf.pdb,data/raw/decoy_cache/decoys_r_us/lmds/dd/multiple/lmds/1ctf/1ctf.10294.pdb
lmds,1ctf,data/raw/decoy_cache/decoys_r_us/lmds/dd/multiple/lmds/doc/pdb_orig/1ctf.pdb,data/raw/decoy_cache/decoys_r_us/lmds/dd/multiple/lmds/1ctf/1ctf.10303.pdb
lmds,1ctf,data/raw/decoy_cache/decoys_r_us/lmds/dd/multiple/lmds/doc/pdb_orig/1ctf.pdb,data/raw/decoy_cache/decoys_r_us/lmds/dd/multiple/lmds/1ctf/1ctf.10364.pdb
lmds,1ctf,data/raw/decoy_cache/decoys_r_us/lmds/dd/multiple/lmds/doc/pdb_orig/1ctf.pdb,data/raw/decoy_cache/decoys_r_us/lmds/dd/multiple/lmds/1ctf/1ctf.10409.pdb
lmds,1ctf,data/raw/decoy_cache/decoys_r_us/lmds/dd/multiple/lmds/doc/pdb_orig/1ctf.pdb,data/raw/decoy_cache/decoys_r_us/lmds/dd/multiple/lmds/1ctf/1ctf.10466.pdb
lmds,1ctf,data/raw/decoy_cache/decoys_r_us/lmds/dd/multiple/lmds/doc/pdb_orig/1ctf.pdb,data/raw/decoy_cache/decoys_r_us/lmds/dd/multiple/lmds/1ctf/1ctf.10481.pdb
lmds,1ctf,data/raw/decoy_cache/decoys_r_us/lmds/dd/multiple/lmds/doc/pdb_orig/1ctf.pdb,data/raw/decoy_cache/decoys_r_us/lmds/dd/multiple/lmds/1ctf/1ctf.10510.pdb
lmds,1ctf,data/raw/decoy_cache/decoys_r_us/lmds/dd/multiple/lmds/doc/pdb_orig/1ctf.pdb,data/raw/decoy_cache/decoys_r_us/lmds/dd/multiple/lmds/1ctf/1ctf.10527.pdb
lmds,1ctf,data/raw/decoy_cache/decoys_r_us/lmds/dd/multiple/lmds/doc/pdb_orig/1ctf.pdb,data/raw/decoy_cache/decoys_r_us/lmds/dd/multiple/lmds/1ctf/1ctf.10549.pdb
lmds,1ctf,data/raw/decoy_cache/decoys_r_us/lmds/dd/multiple/lmds/doc/pdb_orig/1ctf.pdb,data/raw/decoy_cache/decoys_r_us/lmds/dd/multiple/lmds/1ctf/1ctf.128.pdb
lmds,1ctf,data/raw/decoy_cache/decoys_r_us/lmds/dd/multiple/lmds/doc/pdb_orig/1ctf.pdb,data/raw/decoy_cache/decoys_r_us/lmds/dd/multiple/lmds/1ctf/1ctf.149.pdb
lmds,1ctf,data/raw/decoy_cache/decoys_r_us/lmds/dd/multiple/lmds/doc/pdb_orig/1ctf.pdb,data/raw/decoy_cache/decoys_r_us/lmds/dd/multiple/lmds/1ctf/1ctf.15009.pdb
lmds,1ctf,data/raw/decoy_cache/decoys_r_us/lmds/dd/multiple/lmds/doc/pdb_orig/1ctf.pdb,data/raw/decoy_cache/decoys_r_us/lmds/dd/multiple/lmds/1ctf/1ctf.15130.pdb
lmds,1ctf,data/raw/decoy_cache/decoys_r_us/lmds/dd/multiple/lmds/doc/pdb_orig/1ctf.pdb,data/raw/decoy_cache/decoys_r_us/lmds/dd/multiple/lmds/1ctf/1ctf.15144.pdb
lmds,1ctf,data/raw/decoy_cache/decoys_r_us/lmds/dd/multiple/lmds/doc/pdb_orig/1ctf.pdb,data/raw/decoy_cache/decoys_r_us/lmds/dd/multiple/lmds/1ctf/1ctf.15171.pdb
lmds,1ctf,data/raw/decoy_cache/decoys_r_us/lmds/dd/multiple/lmds/doc/pdb_orig/1ctf.pdb,data/raw/decoy_cache/decoys_r_us/lmds/dd/multiple/lmds/1ctf/1ctf.15213.pdb
lmds,1ctf,data/raw/decoy_cache/decoys_r_us/lmds/dd/multiple/lmds/doc/pdb_orig/1ctf.pdb,data/raw/decoy_cache/decoys_r_us/lmds/dd/multiple/lmds/1ctf/1ctf.15293.pdb
lmds,1ctf,data/raw/decoy_cache/decoys_r_us/lmds/dd/multiple/lmds/doc/pdb_orig/1ctf.pdb,data/raw/decoy_cache/decoys_r_us/lmds/dd/multiple/lmds/1ctf/1ctf.15336.pdb
lmds,1ctf,data/raw/decoy_cache/decoys_r_us/lmds/dd/multiple/lmds/doc/pdb_orig/1ctf.pdb,data/raw/decoy_cache/decoys_r_us/lmds/dd/multiple/lmds/1ctf/1ctf.15351.pdb
lmds,1ctf,data/raw/decoy_cache/decoys_r_us/lmds/dd/multiple/lmds/doc/pdb_orig/1ctf.pdb,data/raw/decoy_cache/decoys_r_us/lmds/dd/multiple/lmds/1ctf/1ctf.15354.pdb
lmds,1ctf,data/raw/decoy_cache/decoys_r_us/lmds/dd/multiple/lmds/doc/pdb_orig/1ctf.pdb,data/raw/decoy_cache/decoys_r_us/lmds/dd/multiple/lmds/1ctf/1ctf.15435.pdb
lmds,1ctf,data/raw/decoy_cache/decoys_r_us/lmds/dd/multiple/lmds/doc/pdb_orig/1ctf.pdb,data/raw/decoy_cache/decoys_r_us/lmds/dd/multiple/lmds/1ctf/1ctf.15436.pdb
lmds,1ctf,data/raw/decoy_cache/decoys_r_us/lmds/dd/multiple/lmds/doc/pdb_orig/1ctf.pdb,data/raw/decoy_cache/decoys_r_us/lmds/dd/multiple/lmds/1ctf/1ctf.15460.pdb
lmds,1ctf,data/raw/decoy_cache/decoys_r_us/lmds/dd/multiple/lmds/doc/pdb_orig/1ctf.pdb,data/raw/decoy_cache/decoys_r_us/lmds/dd/multiple/lmds/1ctf/1ctf.15462.pdb
lmds,1ctf,data/raw/decoy_cache/decoys_r_us/lmds/dd/multiple/lmds/doc/pdb_orig/1ctf.pdb,data/raw/decoy_cache/decoys_r_us/lmds/dd/multiple/lmds/1ctf/1ctf.15533.pdb
lmds,1ctf,data/raw/decoy_cache/decoys_r_us/lmds/dd/multiple/lmds/doc/pdb_orig/1ctf.pdb,data/raw/decoy_cache/decoys_r_us/lmds/dd/multiple/lmds/1ctf/1ctf.15556.pdb
lmds,1ctf,data/raw/decoy_cache/decoys_r_us/lmds/dd/multiple/lmds/doc/pdb_orig/1ctf.pdb,data/raw/decoy_cache/decoys_r_us/lmds/dd/multiple/lmds/1ctf/1ctf.15579.pdb
lmds,1ctf,data/raw/decoy_cache/decoys_r_us/lmds/dd/multiple/lmds/doc/pdb_orig/1ctf.pdb,data/raw/decoy_cache/decoys_r_us/lmds/dd/multiple/lmds/1ctf/1ctf.15581.pdb
lmds,1ctf,data/raw/decoy_cache/decoys_r_us/lmds/dd/multiple/lmds/doc/pdb_orig/1ctf.pdb,data/raw/decoy_cache/decoys_r_us/lmds/dd/multiple/lmds/1ctf/1ctf.18.pdb
lmds,1ctf,data/raw/decoy_cache/decoys_r_us/lmds/dd/multiple/lmds/doc/pdb_orig/1ctf.pdb,data/raw/decoy_cache/decoys_r_us/lmds/dd/multiple/lmds/1ctf/1ctf.20020.pdb
lmds,1ctf,data/raw/decoy_cache/decoys_r_us/lmds/dd/multiple/lmds/doc/pdb_orig/1ctf.pdb,data/raw/decoy_cache/decoys_r_us/lmds/dd/multiple/lmds/1ctf/1ctf.20038.pdb
lmds,1ctf,data/raw/decoy_cache/decoys_r_us/lmds/dd/multiple/lmds/doc/pdb_orig/1ctf.pdb,data/raw/decoy_cache/decoys_r_us/lmds/dd/multiple/lmds/1ctf/1ctf.20070.pdb
lmds,1ctf,data/raw/decoy_cache/decoys_r_us/lmds/dd/multiple/lmds/doc/pdb_orig/1ctf.pdb,data/raw/decoy_cache/decoys_r_us/lmds/dd/multiple/lmds/1ctf/1ctf.20081.pdb
lmds,1ctf,data/raw/decoy_cache/decoys_r_us/lmds/dd/multiple/lmds/doc/pdb_orig/1ctf.pdb,data/raw/decoy_cache/decoys_r_us/lmds/dd/multiple/lmds/1ctf/1ctf.20082.pdb
lmds,1ctf,data/raw/decoy_cache/decoys_r_us/lmds/dd/multiple/lmds/doc/pdb_orig/1ctf.pdb,data/raw/decoy_cache/decoys_r_us/lmds/dd/multiple/lmds/1ctf/1ctf.20086.pdb
lmds,1ctf,data/raw/decoy_cache/decoys_r_us/lmds/dd/multiple/lmds/doc/pdb_orig/1ctf.pdb,data/raw/decoy_cache/decoys_r_us/lmds/dd/multiple/lmds/1ctf/1ctf.20136.pdb
lmds,1ctf,data/raw/decoy_cache/decoys_r_us/lmds/dd/multiple/lmds/doc/pdb_orig/1ctf.pdb,data/raw/decoy_cache/decoys_r_us/lmds/dd/multiple/lmds/1ctf/1ctf.20165.pdb
lmds,1ctf,data/raw/decoy_cache/decoys_r_us/lmds/dd/multiple/lmds/doc/pdb_orig/1ctf.pdb,data/raw/decoy_cache/decoys_r_us/lmds/dd/multiple/lmds/1ctf/1ctf.207.pdb
lmds,1ctf,data/raw/decoy_cache/decoys_r_us/lmds/dd/multiple/lmds/doc/pdb_orig/1ctf.pdb,data/raw/decoy_cache/decoys_r_us/lmds/dd/multiple/lmds/1ctf/1ctf.22.pdb
lmds,1ctf,data/raw/decoy_cache/decoys_r_us/lmds/dd/multiple/lmds/doc/pdb_orig/1ctf.pdb,data/raw/decoy_cache/decoys_r_us/lmds/dd/multiple/lmds/1ctf/1ctf.224.pdb
lmds,1ctf,data/raw/decoy_cache/decoys_r_us/lmds/dd/multiple/lmds/doc/pdb_orig/1ctf.pdb,data/raw/decoy_cache/decoys_r_us/lmds/dd/multiple/lmds/1ctf/1ctf.227.pdb
lmds,1ctf,data/raw/decoy_cache/decoys_r_us/lmds/dd/multiple/lmds/doc/pdb_orig/1ctf.pdb,data/raw/decoy_cache/decoys_r_us/lmds/dd/multiple/lmds/1ctf/1ctf.25003.pdb
lmds,1ctf,data/raw/decoy_cache/decoys_r_us/lmds/dd/multiple/lmds/doc/pdb_orig/1ctf.pdb,data/raw/decoy_cache/decoys_r_us/lmds/dd/multiple/lmds/1ctf/1ctf.25031.pdb
lmds,1ctf,data/raw/decoy_cache/decoys_r_us/lmds/dd/multiple/lmds/doc/pdb_orig/1ctf.pdb,data/raw/decoy_cache/decoys_r_us/lmds/dd/multiple/lmds/1ctf/1ctf.25055.pdb
lmds,1ctf,data/raw/decoy_cache/decoys_r_us/lmds/dd/multiple/lmds/doc/pdb_orig/1ctf.pdb,data/raw/decoy_cache/decoys_r_us/lmds/dd/multiple/lmds/1ctf/1ctf.25128.pdb
lmds,1ctf,data/raw/decoy_cache/decoys_r_us/lmds/dd/multiple/lmds/doc/pdb_orig/1ctf.pdb,data/raw/decoy_cache/decoys_r_us/lmds/dd/multiple/lmds/1ctf/1ctf.25139.pdb
lmds,1ctf,data/raw/decoy_cache/decoys_r_us/lmds/dd/multiple/lmds/doc/pdb_orig/1ctf.pdb,data/raw/decoy_cache/decoys_r_us/lmds/dd/multiple/lmds/1ctf/1ctf.280.pdb
lmds,1ctf,data/raw/decoy_cache/decoys_r_us/lmds/dd/multiple/lmds/doc/pdb_orig/1ctf.pdb,data/raw/decoy_cache/decoys_r_us/lmds/dd/multiple/lmds/1ctf/1ctf.30011.pdb
lmds,1ctf,data/raw/decoy_cache/decoys_r_us/lmds/dd/multiple/lmds/doc/pdb_orig/1ctf.pdb,data/raw/decoy_cache/decoys_r_us/lmds/dd/multiple/lmds/1ctf/1ctf.30022.pdb
lmds,1ctf,data/raw/decoy_cache/decoys_r_us/lmds/dd/multiple/lmds/doc/pdb_orig/1ctf.pdb,data/raw/decoy_cache/decoys_r_us/lmds/dd/multiple/lmds/1ctf/1ctf.30085.pdb
lmds,1ctf,data/raw/decoy_cache/decoys_r_us/lmds/dd/multiple/lmds/doc/pdb_orig/1ctf.pdb,data/raw/decoy_cache/decoys_r_us/lmds/dd/multiple/lmds/1ctf/1ctf.30087.pdb
lmds,1ctf,data/raw/decoy_cache/decoys_r_us/lmds/dd/multiple/lmds/doc/pdb_orig/1ctf.pdb,data/raw/decoy_cache/decoys_r_us/lmds/dd/multiple/lmds/1ctf/1ctf.30100.pdb
lmds,1ctf,data/raw/decoy_cache/decoys_r_us/lmds/dd/multiple/lmds/doc/pdb_orig/1ctf.pdb,data/raw/decoy_cache/decoys_r_us/lmds/dd/multiple/lmds/1ctf/1ctf.30148.pdb
lmds,1ctf,data/raw/decoy_cache/decoys_r_us/lmds/dd/multiple/lmds/doc/pdb_orig/1ctf.pdb,data/raw/decoy_cache/decoys_r_us/lmds/dd/multiple/lmds/1ctf/1ctf.30152.pdb
lmds,1ctf,data/raw/decoy_cache/decoys_r_us/lmds/dd/multiple/lmds/doc/pdb_orig/1ctf.pdb,data/raw/decoy_cache/decoys_r_us/lmds/dd/multiple/lmds/1ctf/1ctf.30164.pdb
lmds,1ctf,data/raw/decoy_cache/decoys_r_us/lmds/dd/multiple/lmds/doc/pdb_orig/1ctf.pdb,data/raw/decoy_cache/decoys_r_us/lmds/dd/multiple/lmds/1ctf/1ctf.30170.pdb
lmds,1ctf,data/raw/decoy_cache/decoys_r_us/lmds/dd/multiple/lmds/doc/pdb_orig/1ctf.pdb,data/raw/decoy_cache/decoys_r_us/lmds/dd/multiple/lmds/1ctf/1ctf.30192.pdb
lmds,1ctf,data/raw/decoy_cache/decoys_r_us/lmds/dd/multiple/lmds/doc/pdb_orig/1ctf.pdb,data/raw/decoy_cache/decoys_r_us/lmds/dd/multiple/lmds/1ctf/1ctf.30201.pdb
lmds,1ctf,data/raw/decoy_cache/decoys_r_us/lmds/dd/multiple/lmds/doc/pdb_orig/1ctf.pdb,data/raw/decoy_cache/decoys_r_us/lmds/dd/multiple/lmds/1ctf/1ctf.30228.pdb
lmds,1ctf,data/raw/decoy_cache/decoys_r_us/lmds/dd/multiple/lmds/doc/pdb_orig/1ctf.pdb,data/raw/decoy_cache/decoys_r_us/lmds/dd/multiple/lmds/1ctf/1ctf.30253.pdb
lmds,1ctf,data/raw/decoy_cache/decoys_r_us/lmds/dd/multiple/lmds/doc/pdb_orig/1ctf.pdb,data/raw/decoy_cache/decoys_r_us/lmds/dd/multiple/lmds/1ctf/1ctf.30275.pdb
lmds,1ctf,data/raw/decoy_cache/decoys_r_us/lmds/dd/multiple/lmds/doc/pdb_orig/1ctf.pdb,data/raw/decoy_cache/decoys_r_us/lmds/dd/multiple/lmds/1ctf/1ctf.30347.pdb
lmds,1ctf,data/raw/decoy_cache/decoys_r_us/lmds/dd/multiple/lmds/doc/pdb_orig/1ctf.pdb,data/raw/decoy_cache/decoys_r_us/lmds/dd/multiple/lmds/1ctf/1ctf.30381.pdb
lmds,1ctf,data/raw/decoy_cache/decoys_r_us/lmds/dd/multiple/lmds/doc/pdb_orig/1ctf.pdb,data/raw/decoy_cache/decoys_r_us/lmds/dd/multiple/lmds/1ctf/1ctf.30394.pdb
lmds,1ctf,data/raw/decoy_cache/decoys_r_us/lmds/dd/multiple/lmds/doc/pdb_orig/1ctf.pdb,data/raw/decoy_cache/decoys_r_us/lmds/dd/multiple/lmds/1ctf/1ctf.30395.pdb
lmds,1ctf,data/raw/decoy_cache/decoys_r_us/lmds/dd/multiple/lmds/doc/pdb_orig/1ctf.pdb,data/raw/decoy_cache/decoys_r_us/lmds/dd/multiple/lmds/1ctf/1ctf.30457.pdb
lmds,1ctf,data/raw/decoy_cache/decoys_r_us/lmds/dd/multiple/lmds/doc/pdb_orig/1ctf.pdb,data/raw/decoy_cache/decoys_r_us/lmds/dd/multiple/lmds/1ctf/1ctf.30461.pdb
lmds,1ctf,data/raw/decoy_cache/decoys_r_us/lmds/dd/multiple/lmds/doc/pdb_orig/1ctf.pdb,data/raw/decoy_cache/decoys_r_us/lmds/dd/multiple/lmds/1ctf/1ctf.30470.pdb
lmds,1ctf,data/raw/decoy_cache/decoys_r_us/lmds/dd/multiple/lmds/doc/pdb_orig/1ctf.pdb,data/raw/decoy_cache/decoys_r_us/lmds/dd/multiple/lmds/1ctf/1ctf.30473.pdb
lmds,1ctf,data/raw/decoy_cache/decoys_r_us/lmds/dd/multiple/lmds/doc/pdb_orig/1ctf.pdb,data/raw/decoy_cache/decoys_r_us/lmds/dd/multiple/lmds/1ctf/1ctf.30481.pdb
lmds,1ctf,data/raw/decoy_cache/decoys_r_us/lmds/dd/multiple/lmds/doc/pdb_orig/1ctf.pdb,data/raw/decoy_cache/decoys_r_us/lmds/dd/multiple/lmds/1ctf/1ctf.30486.pdb
lmds,1ctf,data/raw/decoy_cache/decoys_r_us/lmds/dd/multiple/lmds/doc/pdb_orig/1ctf.pdb,data/raw/decoy_cache/decoys_r_us/lmds/dd/multiple/lmds/1ctf/1ctf.30514.pdb
lmds,1ctf,data/raw/decoy_cache/decoys_r_us/lmds/dd/multiple/lmds/doc/pdb_orig/1ctf.pdb,data/raw/decoy_cache/decoys_r_us/lmds/dd/multiple/lmds/1ctf/1ctf.30522.pdb
lmds,1ctf,data/raw/decoy_cache/decoys_r_us/lmds/dd/multiple/lmds/doc/pdb_orig/1ctf.pdb,data/raw/decoy_cache/decoys_r_us/lmds/dd/multiple/lmds/1ctf/1ctf.30524.pdb
lmds,1ctf,data/raw/decoy_cache/decoys_r_us/lmds/dd/multiple/lmds/doc/pdb_orig/1ctf.pdb,data/raw/decoy_cache/decoys_r_us/lmds/dd/multiple/lmds/1ctf/1ctf.30533.pdb
lmds,1ctf,data/raw/decoy_cache/decoys_r_us/lmds/dd/multiple/lmds/doc/pdb_orig/1ctf.pdb,data/raw/decoy_cache/decoys_r_us/lmds/dd/multiple/lmds/1ctf/1ctf.30534.pdb
lmds,1ctf,data/raw/decoy_cache/decoys_r_us/lmds/dd/multiple/lmds/doc/pdb_orig/1ctf.pdb,data/raw/decoy_cache/decoys_r_us/lmds/dd/multiple/lmds/1ctf/1ctf.30539.pdb
lmds,1ctf,data/raw/decoy_cache/decoys_r_us/lmds/dd/multiple/lmds/doc/pdb_orig/1ctf.pdb,data/raw/decoy_cache/decoys_r_us/lmds/dd/multiple/lmds/1ctf/1ctf.30547.pdb
lmds,1ctf,data/raw/decoy_cache/decoys_r_us/lmds/dd/multiple/lmds/doc/pdb_orig/1ctf.pdb,data/raw/decoy_cache/decoys_r_us/lmds/dd/multiple/lmds/1ctf/1ctf.30548.pdb
lmds,1ctf,data/raw/decoy_cache/decoys_r_us/lmds/dd/multiple/lmds/doc/pdb_orig/1ctf.pdb,data/raw/decoy_cache/decoys_r_us/lmds/dd/multiple/lmds/1ctf/1ctf.30626.pdb
lmds,1ctf,data/raw/decoy_cache/decoys_r_us/lmds/dd/multiple/lmds/doc/pdb_orig/1ctf.pdb,data/raw/decoy_cache/decoys_r_us/lmds/dd/multiple/lmds/1ctf/1ctf.30641.pdb
lmds,1ctf,data/raw/decoy_cache/decoys_r_us/lmds/dd/multiple/lmds/doc/pdb_orig/1ctf.pdb,data/raw/decoy_cache/decoys_r_us/lmds/dd/multiple/lmds/1ctf/1ctf.30643.pdb
lmds,1ctf,data/raw/decoy_cache/decoys_r_us/lmds/dd/multiple/lmds/doc/pdb_orig/1ctf.pdb,data/raw/decoy_cache/decoys_r_us/lmds/dd/multiple/lmds/1ctf/1ctf.30648.pdb
lmds,1ctf,data/raw/decoy_cache/decoys_r_us/lmds/dd/multiple/lmds/doc/pdb_orig/1ctf.pdb,data/raw/decoy_cache/decoys_r_us/lmds/dd/multiple/lmds/1ctf/1ctf.30670.pdb
lmds,1ctf,data/raw/decoy_cache/decoys_r_us/lmds/dd/multiple/lmds/doc/pdb_orig/1ctf.pdb,data/raw/decoy_cache/decoys_r_us/lmds/dd/multiple/lmds/1ctf/1ctf.30681.pdb
lmds,1ctf,data/raw/decoy_cache/decoys_r_us/lmds/dd/multiple/lmds/doc/pdb_orig/1ctf.pdb,data/raw/decoy_cache/decoys_r_us/lmds/dd/multiple/lmds/1ctf/1ctf.30690.pdb
lmds,1ctf,data/raw/decoy_cache/decoys_r_us/lmds/dd/multiple/lmds/doc/pdb_orig/1ctf.pdb,data/raw/decoy_cache/decoys_r_us/lmds/dd/multiple/lmds/1ctf/1ctf.30717.pdb
lmds,1ctf,data/raw/decoy_cache/decoys_r_us/lmds/dd/multiple/lmds/doc/pdb_orig/1ctf.pdb,data/raw/decoy_cache/decoys_r_us/lmds/dd/multiple/lmds/1ctf/1ctf.30721.pdb
lmds,1ctf,data/raw/decoy_cache/decoys_r_us/lmds/dd/multiple/lmds/doc/pdb_orig/1ctf.pdb,data/raw/decoy_cache/decoys_r_us/lmds/dd/multiple/lmds/1ctf/1ctf.30763.pdb
lmds,1ctf,data/raw/decoy_cache/decoys_r_us/lmds/dd/multiple/lmds/doc/pdb_orig/1ctf.pdb,data/raw/decoy_cache/decoys_r_us/lmds/dd/multiple/lmds/1ctf/1ctf.30771.pdb
lmds,1ctf,data/raw/decoy_cache/decoys_r_us/lmds/dd/multiple/lmds/doc/pdb_orig/1ctf.pdb,data/raw/decoy_cache/decoys_r_us/lmds/dd/multiple/lmds/1ctf/1ctf.30778.pdb
lmds,1ctf,data/raw/decoy_cache/decoys_r_us/lmds/dd/multiple/lmds/doc/pdb_orig/1ctf.pdb,data/raw/decoy_cache/decoys_r_us/lmds/dd/multiple/lmds/1ctf/1ctf.30784.pdb
lmds,1ctf,data/raw/decoy_cache/decoys_r_us/lmds/dd/multiple/lmds/doc/pdb_orig/1ctf.pdb,data/raw/decoy_cache/decoys_r_us/lmds/dd/multiple/lmds/1ctf/1ctf.30788.pdb
lmds,1ctf,data/raw/decoy_cache/decoys_r_us/lmds/dd/multiple/lmds/doc/pdb_orig/1ctf.pdb,data/raw/decoy_cache/decoys_r_us/lmds/dd/multiple/lmds/1ctf/1ctf.30811.pdb
lmds,1ctf,data/raw/decoy_cache/decoys_r_us/lmds/dd/multiple/lmds/doc/pdb_orig/1ctf.pdb,data/raw/decoy_cache/decoys_r_us/lmds/dd/multiple/lmds/1ctf/1ctf.30841.pdb
lmds,1ctf,data/raw/decoy_cache/decoys_r_us/lmds/dd/multiple/lmds/doc/pdb_orig/1ctf.pdb,data/raw/decoy_cache/decoys_r_us/lmds/dd/multiple/lmds/1ctf/1ctf.30846.pdb
lmds,1ctf,data/raw/decoy_cache/decoys_r_us/lmds/dd/multiple/lmds/doc/pdb_orig/1ctf.pdb,data/raw/decoy_cache/decoys_r_us/lmds/dd/multiple/lmds/1ctf/1ctf.30856.pdb
lmds,1ctf,data/raw/decoy_cache/decoys_r_us/lmds/dd/multiple/lmds/doc/pdb_orig/1ctf.pdb,data/raw/decoy_cache/decoys_r_us/lmds/dd/multiple/lmds/1ctf/1ctf.30886.pdb
lmds,1ctf,data/raw/decoy_cache/decoys_r_us/lmds/dd/multiple/lmds/doc/pdb_orig/1ctf.pdb,data/raw/decoy_cache/decoys_r_us/lmds/dd/multiple/lmds/1ctf/1ctf.30889.pdb
lmds,1ctf,data/raw/decoy_cache/decoys_r_us/lmds/dd/multiple/lmds/doc/pdb_orig/1ctf.pdb,data/raw/decoy_cache/decoys_r_us/lmds/dd/multiple/lmds/1ctf/1ctf.30919.pdb
lmds,1ctf,data/raw/decoy_cache/decoys_r_us/lmds/dd/multiple/lmds/doc/pdb_orig/1ctf.pdb,data/raw/decoy_cache/decoys_r_us/lmds/dd/multiple/lmds/1ctf/1ctf.30940.pdb
lmds,1ctf,data/raw/decoy_cache/decoys_r_us/lmds/dd/multiple/lmds/doc/pdb_orig/1ctf.pdb,data/raw/decoy_cache/decoys_r_us/lmds/dd/multiple/lmds/1ctf/1ctf.30945.pdb
lmds,1ctf,data/raw/decoy_cache/decoys_r_us/lmds/dd/multiple/lmds/doc/pdb_orig/1ctf.pdb,data/raw/decoy_cache/decoys_r_us/lmds/dd/multiple/lmds/1ctf/1ctf.324.pdb
lmds,1ctf,data/raw/decoy_cache/decoys_r_us/lmds/dd/multiple/lmds/doc/pdb_orig/1ctf.pdb,data/raw/decoy_cache/decoys_r_us/lmds/dd/multiple/lmds/1ctf/1ctf.326.pdb
lmds,1ctf,data/raw/decoy_cache/decoys_r_us/lmds/dd/multiple/lmds/doc/pdb_orig/1ctf.pdb,data/raw/decoy_cache/decoys_r_us/lmds/dd/multiple/lmds/1ctf/1ctf.33.pdb
lmds,1ctf,data/raw/decoy_cache/decoys_r_us/lmds/dd/multiple/lmds/doc/pdb_orig/1ctf.pdb,data/raw/decoy_cache/decoys_r_us/lmds/dd/multiple/lmds/1ctf/1ctf.330.pdb
lmds,1ctf,data/raw/decoy_cache/decoys_r_us/lmds/dd/multiple/lmds/doc/pdb_orig/1ctf.pdb,data/raw/decoy_cache/decoys_r_us/lmds/dd/multiple/lmds/1ctf/1ctf.332.pdb
lmds,1ctf,data/raw/decoy_cache/decoys_r_us/lmds/dd/multiple/lmds/doc/pdb_orig/1ctf.pdb,data/raw/decoy_cache/decoys_r_us/lmds/dd/multiple/lmds/1ctf/1ctf.34.pdb
lmds,1ctf,data/raw/decoy_cache/decoys_r_us/lmds/dd/multiple/lmds/doc/pdb_orig/1ctf.pdb,data/raw/decoy_cache/decoys_r_us/lmds/dd/multiple/lmds/1ctf/1ctf.35017.pdb
lmds,1ctf,data/raw/decoy_cache/decoys_r_us/lmds/dd/multiple/lmds/doc/pdb_orig/1ctf.pdb,data/raw/decoy_cache/decoys_r_us/lmds/dd/multiple/lmds/1ctf/1ctf.35059.pdb
lmds,1ctf,data/raw/decoy_cache/decoys_r_us/lmds/dd/multiple/lmds/doc/pdb_orig/1ctf.pdb,data/raw/decoy_cache/decoys_r_us/lmds/dd/multiple/lmds/1ctf/1ctf.35070.pdb
lmds,1ctf,data/raw/decoy_cache/decoys_r_us/lmds/dd/multiple/lmds/doc/pdb_orig/1ctf.pdb,data/raw/decoy_cache/decoys_r_us/lmds/dd/multiple/lmds/1ctf/1ctf.35071.pdb
lmds,1ctf,data/raw/decoy_cache/decoys_r_us/lmds/dd/multiple/lmds/doc/pdb_orig/1ctf.pdb,data/raw/decoy_cache/decoys_r_us/lmds/dd/multiple/lmds/1ctf/1ctf.35085.pdb
lmds,1ctf,data/raw/decoy_cache/decoys_r_us/lmds/dd/multiple/lmds/doc/pdb_orig/1ctf.pdb,data/raw/decoy_cache/decoys_r_us/lmds/dd/multiple/lmds/1ctf/1ctf.35090.pdb
lmds,1ctf,data/raw/decoy_cache/decoys_r_us/lmds/dd/multiple/lmds/doc/pdb_orig/1ctf.pdb,data/raw/decoy_cache/decoys_r_us/lmds/dd/multiple/lmds/1ctf/1ctf.35101.pdb
lmds,1ctf,data/raw/decoy_cache/decoys_r_us/lmds/dd/multiple/lmds/doc/pdb_orig/1ctf.pdb,data/raw/decoy_cache/decoys_r_us/lmds/dd/multiple/lmds/1ctf/1ctf.35169.pdb
lmds,1ctf,data/raw/decoy_cache/decoys_r_us/lmds/dd/multiple/lmds/doc/pdb_orig/1ctf.pdb,data/raw/decoy_cache/decoys_r_us/lmds/dd/multiple/lmds/1ctf/1ctf.35182.pdb
lmds,1ctf,data/raw/decoy_cache/decoys_r_us/lmds/dd/multiple/lmds/doc/pdb_orig/1ctf.pdb,data/raw/decoy_cache/decoys_r_us/lmds/dd/multiple/lmds/1ctf/1ctf.35216.pdb
lmds,1ctf,data/raw/decoy_cache/decoys_r_us/lmds/dd/multiple/lmds/doc/pdb_orig/1ctf.pdb,data/raw/decoy_cache/decoys_r_us/lmds/dd/multiple/lmds/1ctf/1ctf.35225.pdb
lmds,1ctf,data/raw/decoy_cache/decoys_r_us/lmds/dd/multiple/lmds/doc/pdb_orig/1ctf.pdb,data/raw/decoy_cache/decoys_r_us/lmds/dd/multiple/lmds/1ctf/1ctf.35240.pdb
lmds,1ctf,data/raw/decoy_cache/decoys_r_us/lmds/dd/multiple/lmds/doc/pdb_orig/1ctf.pdb,data/raw/decoy_cache/decoys_r_us/lmds/dd/multiple/lmds/1ctf/1ctf.35241.pdb
lmds,1ctf,data/raw/decoy_cache/decoys_r_us/lmds/dd/multiple/lmds/doc/pdb_orig/1ctf.pdb,data/raw/decoy_cache/decoys_r_us/lmds/dd/multiple/lmds/1ctf/1ctf.35260.pdb
lmds,1ctf,data/raw/decoy_cache/decoys_r_us/lmds/dd/multiple/lmds/doc/pdb_orig/1ctf.pdb,data/raw/decoy_cache/decoys_r_us/lmds/dd/multiple/lmds/1ctf/1ctf.35274.pdb
lmds,1ctf,data/raw/decoy_cache/decoys_r_us/lmds/dd/multiple/lmds/doc/pdb_orig/1ctf.pdb,data/raw/decoy_cache/decoys_r_us/lmds/dd/multiple/lmds/1ctf/1ctf.35286.pdb
lmds,1ctf,data/raw/decoy_cache/decoys_r_us/lmds/dd/multiple/lmds/doc/pdb_orig/1ctf.pdb,data/raw/decoy_cache/decoys_r_us/lmds/dd/multiple/lmds/1ctf/1ctf.35299.pdb
lmds,1ctf,data/raw/decoy_cache/decoys_r_us/lmds/dd/multiple/lmds/doc/pdb_orig/1ctf.pdb,data/raw/decoy_cache/decoys_r_us/lmds/dd/multiple/lmds/1ctf/1ctf.35304.pdb
lmds,1ctf,data/raw/decoy_cache/decoys_r_us/lmds/dd/multiple/lmds/doc/pdb_orig/1ctf.pdb,data/raw/decoy_cache/decoys_r_us/lmds/dd/multiple/lmds/1ctf/1ctf.35333.pdb
lmds,1ctf,data/raw/decoy_cache/decoys_r_us/lmds/dd/multiple/lmds/doc/pdb_orig/1ctf.pdb,data/raw/decoy_cache/decoys_r_us/lmds/dd/multiple/lmds/1ctf/1ctf.35388.pdb
lmds,1ctf,data/raw/decoy_cache/decoys_r_us/lmds/dd/multiple/lmds/doc/pdb_orig/1ctf.pdb,data/raw/decoy_cache/decoys_r_us/lmds/dd/multiple/lmds/1ctf/1ctf.35395.pdb
lmds,1ctf,data/raw/decoy_cache/decoys_r_us/lmds/dd/multiple/lmds/doc/pdb_orig/1ctf.pdb,data/raw/decoy_cache/decoys_r_us/lmds/dd/multiple/lmds/1ctf/1ctf.35403.pdb
lmds,1ctf,data/raw/decoy_cache/decoys_r_us/lmds/dd/multiple/lmds/doc/pdb_orig/1ctf.pdb,data/raw/decoy_cache/decoys_r_us/lmds/dd/multiple/lmds/1ctf/1ctf.35410.pdb
lmds,1ctf,data/raw/decoy_cache/decoys_r_us/lmds/dd/multiple/lmds/doc/pdb_orig/1ctf.pdb,data/raw/decoy_cache/decoys_r_us/lmds/dd/multiple/lmds/1ctf/1ctf.35419.pdb
lmds,1ctf,data/raw/decoy_cache/decoys_r_us/lmds/dd/multiple/lmds/doc/pdb_orig/1ctf.pdb,data/raw/decoy_cache/decoys_r_us/lmds/dd/multiple/lmds/1ctf/1ctf.35445.pdb
lmds,1ctf,data/raw/decoy_cache/decoys_r_us/lmds/dd/multiple/lmds/doc/pdb_orig/1ctf.pdb,data/raw/decoy_cache/decoys_r_us/lmds/dd/multiple/lmds/1ctf/1ctf.35449.pdb
lmds,1ctf,data/raw/decoy_cache/decoys_r_us/lmds/dd/multiple/lmds/doc/pdb_orig/1ctf.pdb,data/raw/decoy_cache/decoys_r_us/lmds/dd/multiple/lmds/1ctf/1ctf.35453.pdb
lmds,1ctf,data/raw/decoy_cache/decoys_r_us/lmds/dd/multiple/lmds/doc/pdb_orig/1ctf.pdb,data/raw/decoy_cache/decoys_r_us/lmds/dd/multiple/lmds/1ctf/1ctf.35461.pdb
lmds,1ctf,data/raw/decoy_cache/decoys_r_us/lmds/dd/multiple/lmds/doc/pdb_orig/1ctf.pdb,data/raw/decoy_cache/decoys_r_us/lmds/dd/multiple/lmds/1ctf/1ctf.35507.pdb
lmds,1ctf,data/raw/decoy_cache/decoys_r_us/lmds/dd/multiple/lmds/doc/pdb_orig/1ctf.pdb,data/raw/decoy_cache/decoys_r_us/lmds/dd/multiple/lmds/1ctf/1ctf.35511.pdb
lmds,1ctf,data/raw/decoy_cache/decoys_r_us/lmds/dd/multiple/lmds/doc/pdb_orig/1ctf.pdb,data/raw/decoy_cache/decoys_r_us/lmds/dd/multiple/lmds/1ctf/1ctf.35611.pdb
lmds,1ctf,data/raw/decoy_cache/decoys_r_us/lmds/dd/multiple/lmds/doc/pdb_orig/1ctf.pdb,data/raw/decoy_cache/decoys_r_us/lmds/dd/multiple/lmds/1ctf/1ctf.35625.pdb
lmds,1ctf,data/raw/decoy_cache/decoys_r_us/lmds/dd/multiple/lmds/doc/pdb_orig/1ctf.pdb,data/raw/decoy_cache/decoys_r_us/lmds/dd/multiple/lmds/1ctf/1ctf.35635.pdb
lmds,1ctf,data/raw/decoy_cache/decoys_r_us/lmds/dd/multiple/lmds/doc/pdb_orig/1ctf.pdb,data/raw/decoy_cache/decoys_r_us/lmds/dd/multiple/lmds/1ctf/1ctf.35654.pdb
lmds,1ctf,data/raw/decoy_cache/decoys_r_us/lmds/dd/multiple/lmds/doc/pdb_orig/1ctf.pdb,data/raw/decoy_cache/decoys_r_us/lmds/dd/multiple/lmds/1ctf/1ctf.35665.pdb
lmds,1ctf,data/raw/decoy_cache/decoys_r_us/lmds/dd/multiple/lmds/doc/pdb_orig/1ctf.pdb,data/raw/decoy_cache/decoys_r_us/lmds/dd/multiple/lmds/1ctf/1ctf.35675.pdb
lmds,1ctf,data/raw/decoy_cache/decoys_r_us/lmds/dd/multiple/lmds/doc/pdb_orig/1ctf.pdb,data/raw/decoy_cache/decoys_r_us/lmds/dd/multiple/lmds/1ctf/1ctf.35680.pdb
lmds,1ctf,data/raw/decoy_cache/decoys_r_us/lmds/dd/multiple/lmds/doc/pdb_orig/1ctf.pdb,data/raw/decoy_cache/decoys_r_us/lmds/dd/multiple/lmds/1ctf/1ctf.35692.pdb
lmds,1ctf,data/raw/decoy_cache/decoys_r_us/lmds/dd/multiple/lmds/doc/pdb_orig/1ctf.pdb,data/raw/decoy_cache/decoys_r_us/lmds/dd/multiple/lmds/1ctf/1ctf.35704.pdb
lmds,1ctf,data/raw/decoy_cache/decoys_r_us/lmds/dd/multiple/lmds/doc/pdb_orig/1ctf.pdb,data/raw/decoy_cache/decoys_r_us/lmds/dd/multiple/lmds/1ctf/1ctf.35726.pdb
lmds,1ctf,data/raw/decoy_cache/decoys_r_us/lmds/dd/multiple/lmds/doc/pdb_orig/1ctf.pdb,data/raw/decoy_cache/decoys_r_us/lmds/dd/multiple/lmds/1ctf/1ctf.35737.pdb
lmds,1ctf,data/raw/decoy_cache/decoys_r_us/lmds/dd/multiple/lmds/doc/pdb_orig/1ctf.pdb,data/raw/decoy_cache/decoys_r_us/lmds/dd/multiple/lmds/1ctf/1ctf.35738.pdb
lmds,1ctf,data/raw/decoy_cache/decoys_r_us/lmds/dd/multiple/lmds/doc/pdb_orig/1ctf.pdb,data/raw/decoy_cache/decoys_r_us/lmds/dd/multiple/lmds/1ctf/1ctf.35748.pdb
lmds,1ctf,data/raw/decoy_cache/decoys_r_us/lmds/dd/multiple/lmds/doc/pdb_orig/1ctf.pdb,data/raw/decoy_cache/decoys_r_us/lmds/dd/multiple/lmds/1ctf/1ctf.35800.pdb
lmds,1ctf,data/raw/decoy_cache/decoys_r_us/lmds/dd/multiple/lmds/doc/pdb_orig/1ctf.pdb,data/raw/decoy_cache/decoys_r_us/lmds/dd/multiple/lmds/1ctf/1ctf.35837.pdb
lmds,1ctf,data/raw/decoy_cache/decoys_r_us/lmds/dd/multiple/lmds/doc/pdb_orig/1ctf.pdb,data/raw/decoy_cache/decoys_r_us/lmds/dd/multiple/lmds/1ctf/1ctf.35846.pdb
lmds,1ctf,data/raw/decoy_cache/decoys_r_us/lmds/dd/multiple/lmds/doc/pdb_orig/1ctf.pdb,data/raw/decoy_cache/decoys_r_us/lmds/dd/multiple/lmds/1ctf/1ctf.35857.pdb
lmds,1ctf,data/raw/decoy_cache/decoys_r_us/lmds/dd/multiple/lmds/doc/pdb_orig/1ctf.pdb,data/raw/decoy_cache/decoys_r_us/lmds/dd/multiple/lmds/1ctf/1ctf.35871.pdb
lmds,1ctf,data/raw/decoy_cache/decoys_r_us/lmds/dd/multiple/lmds/doc/pdb_orig/1ctf.pdb,data/raw/decoy_cache/decoys_r_us/lmds/dd/multiple/lmds/1ctf/1ctf.35914.pdb
lmds,1ctf,data/raw/decoy_cache/decoys_r_us/lmds/dd/multiple/lmds/doc/pdb_orig/1ctf.pdb,data/raw/decoy_cache/decoys_r_us/lmds/dd/multiple/lmds/1ctf/1ctf.35915.pdb
lmds,1ctf,data/raw/decoy_cache/decoys_r_us/lmds/dd/multiple/lmds/doc/pdb_orig/1ctf.pdb,data/raw/decoy_cache/decoys_r_us/lmds/dd/multiple/lmds/1ctf/1ctf.37.pdb
lmds,1ctf,data/raw/decoy_cache/decoys_r_us/lmds/dd/multiple/lmds/doc/pdb_orig/1ctf.pdb,data/raw/decoy_cache/decoys_r_us/lmds/dd/multiple/lmds/1ctf/1ctf.371.pdb
lmds,1ctf,data/raw/decoy_cache/decoys_r_us/lmds/dd/multiple/lmds/doc/pdb_orig/1ctf.pdb,data/raw/decoy_cache/decoys_r_us/lmds/dd/multiple/lmds/1ctf/1ctf.380.pdb
lmds,1ctf,data/raw/decoy_cache/decoys_r_us/lmds/dd/multiple/lmds/doc/pdb_orig/1ctf.pdb,data/raw/decoy_cache/decoys_r_us/lmds/dd/multiple/lmds/1ctf/1ctf.383.pdb
lmds,1ctf,data/raw/decoy_cache/decoys_r_us/lmds/dd/multiple/lmds/doc/pdb_orig/1ctf.pdb,data/raw/decoy_cache/decoys_r_us/lmds/dd/multiple/lmds/1ctf/1ctf.40039.pdb
lmds,1ctf,data/raw/decoy_cache/decoys_r_us/lmds/dd/multiple/lmds/doc/pdb_orig/1ctf.pdb,data/raw/decoy_cache/decoys_r_us/lmds/dd/multiple/lmds/1ctf/1ctf.40056.pdb
lmds,1ctf,data/raw/decoy_cache/decoys_r_us/lmds/dd/multiple/lmds/doc/pdb_orig/1ctf.pdb,data/raw/decoy_cache/decoys_r_us/lmds/dd/multiple/lmds/1ctf/1ctf.40079.pdb
lmds,1ctf,data/raw/decoy_cache/decoys_r_us/lmds/dd/multiple/lmds/doc/pdb_orig/1ctf.pdb,data/raw/decoy_cache/decoys_r_us/lmds/dd/multiple/lmds/1ctf/1ctf.40097.pdb
lmds,1ctf,data/raw/decoy_cache/decoys_r_us/lmds/dd/multiple/lmds/doc/pdb_orig/1ctf.pdb,data/raw/decoy_cache/decoys_r_us/lmds/dd/multiple/lmds/1ctf/1ctf.40107.pdb
lmds,1ctf,data/raw/decoy_cache/decoys_r_us/lmds/dd/multiple/lmds/doc/pdb_orig/1ctf.pdb,data/raw/decoy_cache/decoys_r_us/lmds/dd/multiple/lmds/1ctf/1ctf.40118.pdb
lmds,1ctf,data/raw/decoy_cache/decoys_r_us/lmds/dd/multiple/lmds/doc/pdb_orig/1ctf.pdb,data/raw/decoy_cache/decoys_r_us/lmds/dd/multiple/lmds/1ctf/1ctf.40133.pdb
lmds,1ctf,data/raw/decoy_cache/decoys_r_us/lmds/dd/multiple/lmds/doc/pdb_orig/1ctf.pdb,data/raw/decoy_cache/decoys_r_us/lmds/dd/multiple/lmds/1ctf/1ctf.40161.pdb
lmds,1ctf,data/raw/decoy_cache/decoys_r_us/lmds/dd/multiple/lmds/doc/pdb_orig/1ctf.pdb,data/raw/decoy_cache/decoys_r_us/lmds/dd/multiple/lmds/1ctf/1ctf.40185.pdb
lmds,1ctf,data/raw/decoy_cache/decoys_r_us/lmds/dd/multiple/lmds/doc/pdb_orig/1ctf.pdb,data/raw/decoy_cache/decoys_r_us/lmds/dd/multiple/lmds/1ctf/1ctf.40201.pdb
lmds,1ctf,data/raw/decoy_cache/decoys_r_us/lmds/dd/multiple/lmds/doc/pdb_orig/1ctf.pdb,data/raw/decoy_cache/decoys_r_us/lmds/dd/multiple/lmds/1ctf/1ctf.40221.pdb
lmds,1ctf,data/raw/decoy_cache/decoys_r_us/lmds/dd/multiple/lmds/doc/pdb_orig/1ctf.pdb,data/raw/decoy_cache/decoys_r_us/lmds/dd/multiple/lmds/1ctf/1ctf.40276.pdb
lmds,1ctf,data/raw/decoy_cache/decoys_r_us/lmds/dd/multiple/lmds/doc/pdb_orig/1ctf.pdb,data/raw/decoy_cache/decoys_r_us/lmds/dd/multiple/lmds/1ctf/1ctf.40322.pdb
lmds,1ctf,data/raw/decoy_cache/decoys_r_us/lmds/dd/multiple/lmds/doc/pdb_orig/1ctf.pdb,data/raw/decoy_cache/decoys_r_us/lmds/dd/multiple/lmds/1ctf/1ctf.40330.pdb
lmds,1ctf,data/raw/decoy_cache/decoys_r_us/lmds/dd/multiple/lmds/doc/pdb_orig/1ctf.pdb,data/raw/decoy_cache/decoys_r_us/lmds/dd/multiple/lmds/1ctf/1ctf.40331.pdb
lmds,1ctf,data/raw/decoy_cache/decoys_r_us/lmds/dd/multiple/lmds/doc/pdb_orig/1ctf.pdb,data/raw/decoy_cache/decoys_r_us/lmds/dd/multiple/lmds/1ctf/1ctf.40350.pdb
lmds,1ctf,data/raw/decoy_cache/decoys_r_us/lmds/dd/multiple/lmds/doc/pdb_orig/1ctf.pdb,data/raw/decoy_cache/decoys_r_us/lmds/dd/multiple/lmds/1ctf/1ctf.40357.pdb
lmds,1ctf,data/raw/decoy_cache/decoys_r_us/lmds/dd/multiple/lmds/doc/pdb_orig/1ctf.pdb,data/raw/decoy_cache/decoys_r_us/lmds/dd/multiple/lmds/1ctf/1ctf.40370.pdb
lmds,1ctf,data/raw/decoy_cache/decoys_r_us/lmds/dd/multiple/lmds/doc/pdb_orig/1ctf.pdb,data/raw/decoy_cache/decoys_r_us/lmds/dd/multiple/lmds/1ctf/1ctf.40372.pdb
lmds,1ctf,data/raw/decoy_cache/decoys_r_us/lmds/dd/multiple/lmds/doc/pdb_orig/1ctf.pdb,data/raw/decoy_cache/decoys_r_us/lmds/dd/multiple/lmds/1ctf/1ctf.40409.pdb
lmds,1ctf,data/raw/decoy_cache/decoys_r_us/lmds/dd/multiple/lmds/doc/pdb_orig/1ctf.pdb,data/raw/decoy_cache/decoys_r_us/lmds/dd/multiple/lmds/1ctf/1ctf.40439.pdb
lmds,1ctf,data/raw/decoy_cache/decoys_r_us/lmds/dd/multiple/lmds/doc/pdb_orig/1ctf.pdb,data/raw/decoy_cache/decoys_r_us/lmds/dd/multiple/lmds/1ctf/1ctf.40502.pdb
lmds,1ctf,data/raw/decoy_cache/decoys_r_us/lmds/dd/multiple/lmds/doc/pdb_orig/1ctf.pdb,data/raw/decoy_cache/decoys_r_us/lmds/dd/multiple/lmds/1ctf/1ctf.40529.pdb
lmds,1ctf,data/raw/decoy_cache/decoys_r_us/lmds/dd/multiple/lmds/doc/pdb_orig/1ctf.pdb,data/raw/decoy_cache/decoys_r_us/lmds/dd/multiple/lmds/1ctf/1ctf.40545.pdb
lmds,1ctf,data/raw/decoy_cache/decoys_r_us/lmds/dd/multiple/lmds/doc/pdb_orig/1ctf.pdb,data/raw/decoy_cache/decoys_r_us/lmds/dd/multiple/lmds/1ctf/1ctf.40568.pdb
lmds,1ctf,data/raw/decoy_cache/decoys_r_us/lmds/dd/multiple/lmds/doc/pdb_orig/1ctf.pdb,data/raw/decoy_cache/decoys_r_us/lmds/dd/multiple/lmds/1ctf/1ctf.40592.pdb
lmds,1ctf,data/raw/decoy_cache/decoys_r_us/lmds/dd/multiple/lmds/doc/pdb_orig/1ctf.pdb,data/raw/decoy_cache/decoys_r_us/lmds/dd/multiple/lmds/1ctf/1ctf.40599.pdb
lmds,1ctf,data/raw/decoy_cache/decoys_r_us/lmds/dd/multiple/lmds/doc/pdb_orig/1ctf.pdb,data/raw/decoy_cache/decoys_r_us/lmds/dd/multiple/lmds/1ctf/1ctf.40649.pdb
lmds,1ctf,data/raw/decoy_cache/decoys_r_us/lmds/dd/multiple/lmds/doc/pdb_orig/1ctf.pdb,data/raw/decoy_cache/decoys_r_us/lmds/dd/multiple/lmds/1ctf/1ctf.40667.pdb
lmds,1ctf,data/raw/decoy_cache/decoys_r_us/lmds/dd/multiple/lmds/doc/pdb_orig/1ctf.pdb,data/raw/decoy_cache/decoys_r_us/lmds/dd/multiple/lmds/1ctf/1ctf.40698.pdb
lmds,1ctf,data/raw/decoy_cache/decoys_r_us/lmds/dd/multiple/lmds/doc/pdb_orig/1ctf.pdb,data/raw/decoy_cache/decoys_r_us/lmds/dd/multiple/lmds/1ctf/1ctf.40705.pdb
lmds,1ctf,data/raw/decoy_cache/decoys_r_us/lmds/dd/multiple/lmds/doc/pdb_orig/1ctf.pdb,data/raw/decoy_cache/decoys_r_us/lmds/dd/multiple/lmds/1ctf/1ctf.40719.pdb
lmds,1ctf,data/raw/decoy_cache/decoys_r_us/lmds/dd/multiple/lmds/doc/pdb_orig/1ctf.pdb,data/raw/decoy_cache/decoys_r_us/lmds/dd/multiple/lmds/1ctf/1ctf.40751.pdb
lmds,1ctf,data/raw/decoy_cache/decoys_r_us/lmds/dd/multiple/lmds/doc/pdb_orig/1ctf.pdb,data/raw/decoy_cache/decoys_r_us/lmds/dd/multiple/lmds/1ctf/1ctf.40757.pdb
lmds,1ctf,data/raw/decoy_cache/decoys_r_us/lmds/dd/multiple/lmds/doc/pdb_orig/1ctf.pdb,data/raw/decoy_cache/decoys_r_us/lmds/dd/multiple/lmds/1ctf/1ctf.40774.pdb
lmds,1ctf,data/raw/decoy_cache/decoys_r_us/lmds/dd/multiple/lmds/doc/pdb_orig/1ctf.pdb,data/raw/decoy_cache/decoys_r_us/lmds/dd/multiple/lmds/1ctf/1ctf.40784.pdb
lmds,1ctf,data/raw/decoy_cache/decoys_r_us/lmds/dd/multiple/lmds/doc/pdb_orig/1ctf.pdb,data/raw/decoy_cache/decoys_r_us/lmds/dd/multiple/lmds/1ctf/1ctf.40794.pdb
lmds,1ctf,data/raw/decoy_cache/decoys_r_us/lmds/dd/multiple/lmds/doc/pdb_orig/1ctf.pdb,data/raw/decoy_cache/decoys_r_us/lmds/dd/multiple/lmds/1ctf/1ctf.40799.pdb
lmds,1ctf,data/raw/decoy_cache/decoys_r_us/lmds/dd/multiple/lmds/doc/pdb_orig/1ctf.pdb,data/raw/decoy_cache/decoys_r_us/lmds/dd/multiple/lmds/1ctf/1ctf.40828.pdb
lmds,1ctf,data/raw/decoy_cache/decoys_r_us/lmds/dd/multiple/lmds/doc/pdb_orig/1ctf.pdb,data/raw/decoy_cache/decoys_r_us/lmds/dd/multiple/lmds/1ctf/1ctf.40840.pdb
lmds,1ctf,data/raw/decoy_cache/decoys_r_us/lmds/dd/multiple/lmds/doc/pdb_orig/1ctf.pdb,data/raw/decoy_cache/decoys_r_us/lmds/dd/multiple/lmds/1ctf/1ctf.40875.pdb
lmds,1ctf,data/raw/decoy_cache/decoys_r_us/lmds/dd/multiple/lmds/doc/pdb_orig/1ctf.pdb,data/raw/decoy_cache/decoys_r_us/lmds/dd/multiple/lmds/1ctf/1ctf.40929.pdb
lmds,1ctf,data/raw/decoy_cache/decoys_r_us/lmds/dd/multiple/lmds/doc/pdb_orig/1ctf.pdb,data/raw/decoy_cache/decoys_r_us/lmds/dd/multiple/lmds/1ctf/1ctf.40959.pdb
lmds,1ctf,data/raw/decoy_cache/decoys_r_us/lmds/dd/multiple/lmds/doc/pdb_orig/1ctf.pdb,data/raw/decoy_cache/decoys_r_us/lmds/dd/multiple/lmds/1ctf/1ctf.40963.pdb
lmds,1ctf,data/raw/decoy_cache/decoys_r_us/lmds/dd/multiple/lmds/doc/pdb_orig/1ctf.pdb,data/raw/decoy_cache/decoys_r_us/lmds/dd/multiple/lmds/1ctf/1ctf.40965.pdb
lmds,1ctf,data/raw/decoy_cache/decoys_r_us/lmds/dd/multiple/lmds/doc/pdb_orig/1ctf.pdb,data/raw/decoy_cache/decoys_r_us/lmds/dd/multiple/lmds/1ctf/1ctf.40975.pdb
lmds,1ctf,data/raw/decoy_cache/decoys_r_us/lmds/dd/multiple/lmds/doc/pdb_orig/1ctf.pdb,data/raw/decoy_cache/decoys_r_us/lmds/dd/multiple/lmds/1ctf/1ctf.40977.pdb
lmds,1ctf,data/raw/decoy_cache/decoys_r_us/lmds/dd/multiple/lmds/doc/pdb_orig/1ctf.pdb,data/raw/decoy_cache/decoys_r_us/lmds/dd/multiple/lmds/1ctf/1ctf.41000.pdb
lmds,1ctf,data/raw/decoy_cache/decoys_r_us/lmds/dd/multiple/lmds/doc/pdb_orig/1ctf.pdb,data/raw/decoy_cache/decoys_r_us/lmds/dd/multiple/lmds/1ctf/1ctf.41027.pdb
lmds,1ctf,data/raw/decoy_cache/decoys_r_us/lmds/dd/multiple/lmds/doc/pdb_orig/1ctf.pdb,data/raw/decoy_cache/decoys_r_us/lmds/dd/multiple/lmds/1ctf/1ctf.411.pdb
lmds,1ctf,data/raw/decoy_cache/decoys_r_us/lmds/dd/multiple/lmds/doc/pdb_orig/1ctf.pdb,data/raw/decoy_cache/decoys_r_us/lmds/dd/multiple/lmds/1ctf/1ctf.41103.pdb
lmds,1ctf,data/raw/decoy_cache/decoys_r_us/lmds/dd/multiple/lmds/doc/pdb_orig/1ctf.pdb,data/raw/decoy_cache/decoys_r_us/lmds/dd/multiple/lmds/1ctf/1ctf.41112.pdb
lmds,1ctf,data/raw/decoy_cache/decoys_r_us/lmds/dd/multiple/lmds/doc/pdb_orig/1ctf.pdb,data/raw/decoy_cache/decoys_r_us/lmds/dd/multiple/lmds/1ctf/1ctf.41139.pdb
lmds,1ctf,data/raw/decoy_cache/decoys_r_us/lmds/dd/multiple/lmds/doc/pdb_orig/1ctf.pdb,data/raw/decoy_cache/decoys_r_us/lmds/dd/multiple/lmds/1ctf/1ctf.41153.pdb
lmds,1ctf,data/raw/decoy_cache/decoys_r_us/lmds/dd/multiple/lmds/doc/pdb_orig/1ctf.pdb,data/raw/decoy_cache/decoys_r_us/lmds/dd/multiple/lmds/1ctf/1ctf.41179.pdb
lmds,1ctf,data/raw/decoy_cache/decoys_r_us/lmds/dd/multiple/lmds/doc/pdb_orig/1ctf.pdb,data/raw/decoy_cache/decoys_r_us/lmds/dd/multiple/lmds/1ctf/1ctf.41194.pdb
lmds,1ctf,data/raw/decoy_cache/decoys_r_us/lmds/dd/multiple/lmds/doc/pdb_orig/1ctf.pdb,data/raw/decoy_cache/decoys_r_us/lmds/dd/multiple/lmds/1ctf/1ctf.41217.pdb
lmds,1ctf,data/raw/decoy_cache/decoys_r_us/lmds/dd/multiple/lmds/doc/pdb_orig/1ctf.pdb,data/raw/decoy_cache/decoys_r_us/lmds/dd/multiple/lmds/1ctf/1ctf.41218.pdb
lmds,1ctf,data/raw/decoy_cache/decoys_r_us/lmds/dd/multiple/lmds/doc/pdb_orig/1ctf.pdb,data/raw/decoy_cache/decoys_r_us/lmds/dd/multiple/lmds/1ctf/1ctf.41302.pdb
lmds,1ctf,data/raw/decoy_cache/decoys_r_us/lmds/dd/multiple/lmds/doc/pdb_orig/1ctf.pdb,data/raw/decoy_cache/decoys_r_us/lmds/dd/multiple/lmds/1ctf/1ctf.41313.pdb
lmds,1ctf,data/raw/decoy_cache/decoys_r_us/lmds/dd/multiple/lmds/doc/pdb_orig/1ctf.pdb,data/raw/decoy_cache/decoys_r_us/lmds/dd/multiple/lmds/1ctf/1ctf.41324.pdb
lmds,1ctf,data/raw/decoy_cache/decoys_r_us/lmds/dd/multiple/lmds/doc/pdb_orig/1ctf.pdb,data/raw/decoy_cache/decoys_r_us/lmds/dd/multiple/lmds/1ctf/1ctf.41368.pdb
lmds,1ctf,data/raw/decoy_cache/decoys_r_us/lmds/dd/multiple/lmds/doc/pdb_orig/1ctf.pdb,data/raw/decoy_cache/decoys_r_us/lmds/dd/multiple/lmds/1ctf/1ctf.41375.pdb
lmds,1ctf,data/raw/decoy_cache/decoys_r_us/lmds/dd/multiple/lmds/doc/pdb_orig/1ctf.pdb,data/raw/decoy_cache/decoys_r_us/lmds/dd/multiple/lmds/1ctf/1ctf.41401.pdb
lmds,1ctf,data/raw/decoy_cache/decoys_r_us/lmds/dd/multiple/lmds/doc/pdb_orig/1ctf.pdb,data/raw/decoy_cache/decoys_r_us/lmds/dd/multiple/lmds/1ctf/1ctf.41423.pdb
lmds,1ctf,data/raw/decoy_cache/decoys_r_us/lmds/dd/multiple/lmds/doc/pdb_orig/1ctf.pdb,data/raw/decoy_cache/decoys_r_us/lmds/dd/multiple/lmds/1ctf/1ctf.41479.pdb
lmds,1ctf,data/raw/decoy_cache/decoys_r_us/lmds/dd/multiple/lmds/doc/pdb_orig/1ctf.pdb,data/raw/decoy_cache/decoys_r_us/lmds/dd/multiple/lmds/1ctf/1ctf.41509.pdb
lmds,1ctf,data/raw/decoy_cache/decoys_r_us/lmds/dd/multiple/lmds/doc/pdb_orig/1ctf.pdb,data/raw/decoy_cache/decoys_r_us/lmds/dd/multiple/lmds/1ctf/1ctf.41515.pdb
lmds,1ctf,data/raw/decoy_cache/decoys_r_us/lmds/dd/multiple/lmds/doc/pdb_orig/1ctf.pdb,data/raw/decoy_cache/decoys_r_us/lmds/dd/multiple/lmds/1ctf/1ctf.41529.pdb
lmds,1ctf,data/raw/decoy_cache/decoys_r_us/lmds/dd/multiple/lmds/doc/pdb_orig/1ctf.pdb,data/raw/decoy_cache/decoys_r_us/lmds/dd/multiple/lmds/1ctf/1ctf.41548.pdb
lmds,1ctf,data/raw/decoy_cache/decoys_r_us/lmds/dd/multiple/lmds/doc/pdb_orig/1ctf.pdb,data/raw/decoy_cache/decoys_r_us/lmds/dd/multiple/lmds/1ctf/1ctf.41549.pdb
lmds,1ctf,data/raw/decoy_cache/decoys_r_us/lmds/dd/multiple/lmds/doc/pdb_orig/1ctf.pdb,data/raw/decoy_cache/decoys_r_us/lmds/dd/multiple/lmds/1ctf/1ctf.41569.pdb
lmds,1ctf,data/raw/decoy_cache/decoys_r_us/lmds/dd/multiple/lmds/doc/pdb_orig/1ctf.pdb,data/raw/decoy_cache/decoys_r_us/lmds/dd/multiple/lmds/1ctf/1ctf.41609.pdb
lmds,1ctf,data/raw/decoy_cache/decoys_r_us/lmds/dd/multiple/lmds/doc/pdb_orig/1ctf.pdb,data/raw/decoy_cache/decoys_r_us/lmds/dd/multiple/lmds/1ctf/1ctf.41616.pdb
lmds,1ctf,data/raw/decoy_cache/decoys_r_us/lmds/dd/multiple/lmds/doc/pdb_orig/1ctf.pdb,data/raw/decoy_cache/decoys_r_us/lmds/dd/multiple/lmds/1ctf/1ctf.41641.pdb
lmds,1ctf,data/raw/decoy_cache/decoys_r_us/lmds/dd/multiple/lmds/doc/pdb_orig/1ctf.pdb,data/raw/decoy_cache/decoys_r_us/lmds/dd/multiple/lmds/1ctf/1ctf.41656.pdb
lmds,1ctf,data/raw/decoy_cache/decoys_r_us/lmds/dd/multiple/lmds/doc/pdb_orig/1ctf.pdb,data/raw/decoy_cache/decoys_r_us/lmds/dd/multiple/lmds/1ctf/1ctf.41680.pdb
lmds,1ctf,data/raw/decoy_cache/decoys_r_us/lmds/dd/multiple/lmds/doc/pdb_orig/1ctf.pdb,data/raw/decoy_cache/decoys_r_us/lmds/dd/multiple/lmds/1ctf/1ctf.41695.pdb
lmds,1ctf,data/raw/decoy_cache/decoys_r_us/lmds/dd/multiple/lmds/doc/pdb_orig/1ctf.pdb,data/raw/decoy_cache/decoys_r_us/lmds/dd/multiple/lmds/1ctf/1ctf.41701.pdb
lmds,1ctf,data/raw/decoy_cache/decoys_r_us/lmds/dd/multiple/lmds/doc/pdb_orig/1ctf.pdb,data/raw/decoy_cache/decoys_r_us/lmds/dd/multiple/lmds/1ctf/1ctf.41703.pdb
lmds,1ctf,data/raw/decoy_cache/decoys_r_us/lmds/dd/multiple/lmds/doc/pdb_orig/1ctf.pdb,data/raw/decoy_cache/decoys_r_us/lmds/dd/multiple/lmds/1ctf/1ctf.41706.pdb
lmds,1ctf,data/raw/decoy_cache/decoys_r_us/lmds/dd/multiple/lmds/doc/pdb_orig/1ctf.pdb,data/raw/decoy_cache/decoys_r_us/lmds/dd/multiple/lmds/1ctf/1ctf.41726.pdb
lmds,1ctf,data/raw/decoy_cache/decoys_r_us/lmds/dd/multiple/lmds/doc/pdb_orig/1ctf.pdb,data/raw/decoy_cache/decoys_r_us/lmds/dd/multiple/lmds/1ctf/1ctf.41746.pdb
lmds,1ctf,data/raw/decoy_cache/decoys_r_us/lmds/dd/multiple/lmds/doc/pdb_orig/1ctf.pdb,data/raw/decoy_cache/decoys_r_us/lmds/dd/multiple/lmds/1ctf/1ctf.41756.pdb
lmds,1ctf,data/raw/decoy_cache/decoys_r_us/lmds/dd/multiple/lmds/doc/pdb_orig/1ctf.pdb,data/raw/decoy_cache/decoys_r_us/lmds/dd/multiple/lmds/1ctf/1ctf.41783.pdb
lmds,1ctf,data/raw/decoy_cache/decoys_r_us/lmds/dd/multiple/lmds/doc/pdb_orig/1ctf.pdb,data/raw/decoy_cache/decoys_r_us/lmds/dd/multiple/lmds/1ctf/1ctf.41791.pdb
lmds,1ctf,data/raw/decoy_cache/decoys_r_us/lmds/dd/multiple/lmds/doc/pdb_orig/1ctf.pdb,data/raw/decoy_cache/decoys_r_us/lmds/dd/multiple/lmds/1ctf/1ctf.41825.pdb
lmds,1ctf,data/raw/decoy_cache/decoys_r_us/lmds/dd/multiple/lmds/doc/pdb_orig/1ctf.pdb,data/raw/decoy_cache/decoys_r_us/lmds/dd/multiple/lmds/1ctf/1ctf.41826.pdb
lmds,1ctf,data/raw/decoy_cache/decoys_r_us/lmds/dd/multiple/lmds/doc/pdb_orig/1ctf.pdb,data/raw/decoy_cache/decoys_r_us/lmds/dd/multiple/lmds/1ctf/1ctf.41841.pdb
lmds,1ctf,data/raw/decoy_cache/decoys_r_us/lmds/dd/multiple/lmds/doc/pdb_orig/1ctf.pdb,data/raw/decoy_cache/decoys_r_us/lmds/dd/multiple/lmds/1ctf/1ctf.41848.pdb
lmds,1ctf,data/raw/decoy_cache/decoys_r_us/lmds/dd/multiple/lmds/doc/pdb_orig/1ctf.pdb,data/raw/decoy_cache/decoys_r_us/lmds/dd/multiple/lmds/1ctf/1ctf.41998.pdb
lmds,1ctf,data/raw/decoy_cache/decoys_r_us/lmds/dd/multiple/lmds/doc/pdb_orig/1ctf.pdb,data/raw/decoy_cache/decoys_r_us/lmds/dd/multiple/lmds/1ctf/1ctf.42000.pdb
lmds,1ctf,data/raw/decoy_cache/decoys_r_us/lmds/dd/multiple/lmds/doc/pdb_orig/1ctf.pdb,data/raw/decoy_cache/decoys_r_us/lmds/dd/multiple/lmds/1ctf/1ctf.42051.pdb
lmds,1ctf,data/raw/decoy_cache/decoys_r_us/lmds/dd/multiple/lmds/doc/pdb_orig/1ctf.pdb,data/raw/decoy_cache/decoys_r_us/lmds/dd/multiple/lmds/1ctf/1ctf.42068.pdb
lmds,1ctf,data/raw/decoy_cache/decoys_r_us/lmds/dd/multiple/lmds/doc/pdb_orig/1ctf.pdb,data/raw/decoy_cache/decoys_r_us/lmds/dd/multiple/lmds/1ctf/1ctf.42074.pdb
lmds,1ctf,data/raw/decoy_cache/decoys_r_us/lmds/dd/multiple/lmds/doc/pdb_orig/1ctf.pdb,data/raw/decoy_cache/decoys_r_us/lmds/dd/multiple/lmds/1ctf/1ctf.42077.pdb
lmds,1ctf,data/raw/decoy_cache/decoys_r_us/lmds/dd/multiple/lmds/doc/pdb_orig/1ctf.pdb,data/raw/decoy_cache/decoys_r_us/lmds/dd/multiple/lmds/1ctf/1ctf.42086.pdb
lmds,1ctf,data/raw/decoy_cache/decoys_r_us/lmds/dd/multiple/lmds/doc/pdb_orig/1ctf.pdb,data/raw/decoy_cache/decoys_r_us/lmds/dd/multiple/lmds/1ctf/1ctf.450.pdb
lmds,1ctf,data/raw/decoy_cache/decoys_r_us/lmds/dd/multiple/lmds/doc/pdb_orig/1ctf.pdb,data/raw/decoy_cache/decoys_r_us/lmds/dd/multiple/lmds/1ctf/1ctf.45066.pdb
lmds,1ctf,data/raw/decoy_cache/decoys_r_us/lmds/dd/multiple/lmds/doc/pdb_orig/1ctf.pdb,data/raw/decoy_cache/decoys_r_us/lmds/dd/multiple/lmds/1ctf/1ctf.45074.pdb
lmds,1ctf,data/raw/decoy_cache/decoys_r_us/lmds/dd/multiple/lmds/doc/pdb_orig/1ctf.pdb,data/raw/decoy_cache/decoys_r_us/lmds/dd/multiple/lmds/1ctf/1ctf.45147.pdb
lmds,1ctf,data/raw/decoy_cache/decoys_r_us/lmds/dd/multiple/lmds/doc/pdb_orig/1ctf.pdb,data/raw/decoy_cache/decoys_r_us/lmds/dd/multiple/lmds/1ctf/1ctf.45183.pdb
lmds,1ctf,data/raw/decoy_cache/decoys_r_us/lmds/dd/multiple/lmds/doc/pdb_orig/1ctf.pdb,data/raw/decoy_cache/decoys_r_us/lmds/dd/multiple/lmds/1ctf/1ctf.45189.pdb
lmds,1ctf,data/raw/decoy_cache/decoys_r_us/lmds/dd/multiple/lmds/doc/pdb_orig/1ctf.pdb,data/raw/decoy_cache/decoys_r_us/lmds/dd/multiple/lmds/1ctf/1ctf.45197.pdb
lmds,1ctf,data/raw/decoy_cache/decoys_r_us/lmds/dd/multiple/lmds/doc/pdb_orig/1ctf.pdb,data/raw/decoy_cache/decoys_r_us/lmds/dd/multiple/lmds/1ctf/1ctf.45201.pdb
lmds,1ctf,data/raw/decoy_cache/decoys_r_us/lmds/dd/multiple/lmds/doc/pdb_orig/1ctf.pdb,data/raw/decoy_cache/decoys_r_us/lmds/dd/multiple/lmds/1ctf/1ctf.45209.pdb
lmds,1ctf,data/raw/decoy_cache/decoys_r_us/lmds/dd/multiple/lmds/doc/pdb_orig/1ctf.pdb,data/raw/decoy_cache/decoys_r_us/lmds/dd/multiple/lmds/1ctf/1ctf.45210.pdb
lmds,1ctf,data/raw/decoy_cache/decoys_r_us/lmds/dd/multiple/lmds/doc/pdb_orig/1ctf.pdb,data/raw/decoy_cache/decoys_r_us/lmds/dd/multiple/lmds/1ctf/1ctf.45226.pdb
lmds,1ctf,data/raw/decoy_cache/decoys_r_us/lmds/dd/multiple/lmds/doc/pdb_orig/1ctf.pdb,data/raw/decoy_cache/decoys_r_us/lmds/dd/multiple/lmds/1ctf/1ctf.45228.pdb
lmds,1ctf,data/raw/decoy_cache/decoys_r_us/lmds/dd/multiple/lmds/doc/pdb_orig/1ctf.pdb,data/raw/decoy_cache/decoys_r_us/lmds/dd/multiple/lmds/1ctf/1ctf.45251.pdb
lmds,1ctf,data/raw/decoy_cache/decoys_r_us/lmds/dd/multiple/lmds/doc/pdb_orig/1ctf.pdb,data/raw/decoy_cache/decoys_r_us/lmds/dd/multiple/lmds/1ctf/1ctf.45271.pdb
lmds,1ctf,data/raw/decoy_cache/decoys_r_us/lmds/dd/multiple/lmds/doc/pdb_orig/1ctf.pdb,data/raw/decoy_cache/decoys_r_us/lmds/dd/multiple/lmds/1ctf/1ctf.45289.pdb
lmds,1ctf,data/raw/decoy_cache/decoys_r_us/lmds/dd/multiple/lmds/doc/pdb_orig/1ctf.pdb,data/raw/decoy_cache/decoys_r_us/lmds/dd/multiple/lmds/1ctf/1ctf.45304.pdb
lmds,1ctf,data/raw/decoy_cache/decoys_r_us/lmds/dd/multiple/lmds/doc/pdb_orig/1ctf.pdb,data/raw/decoy_cache/decoys_r_us/lmds/dd/multiple/lmds/1ctf/1ctf.45313.pdb
lmds,1ctf,data/raw/decoy_cache/decoys_r_us/lmds/dd/multiple/lmds/doc/pdb_orig/1ctf.pdb,data/raw/decoy_cache/decoys_r_us/lmds/dd/multiple/lmds/1ctf/1ctf.45321.pdb
lmds,1ctf,data/raw/decoy_cache/decoys_r_us/lmds/dd/multiple/lmds/doc/pdb_orig/1ctf.pdb,data/raw/decoy_cache/decoys_r_us/lmds/dd/multiple/lmds/1ctf/1ctf.45334.pdb
lmds,1ctf,data/raw/decoy_cache/decoys_r_us/lmds/dd/multiple/lmds/doc/pdb_orig/1ctf.pdb,data/raw/decoy_cache/decoys_r_us/lmds/dd/multiple/lmds/1ctf/1ctf.45353.pdb
lmds,1ctf,data/raw/decoy_cache/decoys_r_us/lmds/dd/multiple/lmds/doc/pdb_orig/1ctf.pdb,data/raw/decoy_cache/decoys_r_us/lmds/dd/multiple/lmds/1ctf/1ctf.45534.pdb
lmds,1ctf,data/raw/decoy_cache/decoys_r_us/lmds/dd/multiple/lmds/doc/pdb_orig/1ctf.pdb,data/raw/decoy_cache/decoys_r_us/lmds/dd/multiple/lmds/1ctf/1ctf.45540.pdb
lmds,1ctf,data/raw/decoy_cache/decoys_r_us/lmds/dd/multiple/lmds/doc/pdb_orig/1ctf.pdb,data/raw/decoy_cache/decoys_r_us/lmds/dd/multiple/lmds/1ctf/1ctf.460.pdb
lmds,1ctf,data/raw/decoy_cache/decoys_r_us/lmds/dd/multiple/lmds/doc/pdb_orig/1ctf.pdb,data/raw/decoy_cache/decoys_r_us/lmds/dd/multiple/lmds/1ctf/1ctf.50016.pdb
lmds,1ctf,data/raw/decoy_cache/decoys_r_us/lmds/dd/multiple/lmds/doc/pdb_orig/1ctf.pdb,data/raw/decoy_cache/decoys_r_us/lmds/dd/multiple/lmds/1ctf/1ctf.50036.pdb
lmds,1ctf,data/raw/decoy_cache/decoys_r_us/lmds/dd/multiple/lmds/doc/pdb_orig/1ctf.pdb,data/raw/decoy_cache/decoys_r_us/lmds/dd/multiple/lmds/1ctf/1ctf.50044.pdb
lmds,1ctf,data/raw/decoy_cache/decoys_r_us/lmds/dd/multiple/lmds/doc/pdb_orig/1ctf.pdb,data/raw/decoy_cache/decoys_r_us/lmds/dd/multiple/lmds/1ctf/1ctf.50058.pdb
lmds,1ctf,data/raw/decoy_cache/decoys_r_us/lmds/dd/multiple/lmds/doc/pdb_orig/1ctf.pdb,data/raw/decoy_cache/decoys_r_us/lmds/dd/multiple/lmds/1ctf/1ctf.50068.pdb
lmds,1ctf,data/raw/decoy_cache/decoys_r_us/lmds/dd/multiple/lmds/doc/pdb_orig/1ctf.pdb,data/raw/decoy_cache/decoys_r_us/lmds/dd/multiple/lmds/1ctf/1ctf.50091.pdb
lmds,1ctf,data/raw/decoy_cache/decoys_r_us/lmds/dd/multiple/lmds/doc/pdb_orig/1ctf.pdb,data/raw/decoy_cache/decoys_r_us/lmds/dd/multiple/lmds/1ctf/1ctf.50094.pdb
lmds,1ctf,data/raw/decoy_cache/decoys_r_us/lmds/dd/multiple/lmds/doc/pdb_orig/1ctf.pdb,data/raw/decoy_cache/decoys_r_us/lmds/dd/multiple/lmds/1ctf/1ctf.50118.pdb
lmds,1ctf,data/raw/decoy_cache/decoys_r_us/lmds/dd/multiple/lmds/doc/pdb_orig/1ctf.pdb,data/raw/decoy_cache/decoys_r_us/lmds/dd/multiple/lmds/1ctf/1ctf.50140.pdb
lmds,1ctf,data/raw/decoy_cache/decoys_r_us/lmds/dd/multiple/lmds/doc/pdb_orig/1ctf.pdb,data/raw/decoy_cache/decoys_r_us/lmds/dd/multiple/lmds/1ctf/1ctf.5017.pdb
lmds,1ctf,data/raw/decoy_cache/decoys_r_us/lmds/dd/multiple/lmds/doc/pdb_orig/1ctf.pdb,data/raw/decoy_cache/decoys_r_us/lmds/dd/multiple/lmds/1ctf/1ctf.50172.pdb
lmds,1ctf,data/raw/decoy_cache/decoys_r_us/lmds/dd/multiple/lmds/doc/pdb_orig/1ctf.pdb,data/raw/decoy_cache/decoys_r_us/lmds/dd/multiple/lmds/1ctf/1ctf.50197.pdb
lmds,1ctf,data/raw/decoy_cache/decoys_r_us/lmds/dd/multiple/lmds/doc/pdb_orig/1ctf.pdb,data/raw/decoy_cache/decoys_r_us/lmds/dd/multiple/lmds/1ctf/1ctf.50216.pdb
lmds,1ctf,data/raw/decoy_cache/decoys_r_us/lmds/dd/multiple/lmds/doc/pdb_orig/1ctf.pdb,data/raw/decoy_cache/decoys_r_us/lmds/dd/multiple/lmds/1ctf/1ctf.50225.pdb
lmds,1ctf,data/raw/decoy_cache/decoys_r_us/lmds/dd/multiple/lmds/doc/pdb_orig/1ctf.pdb,data/raw/decoy_cache/decoys_r_us/lmds/dd/multiple/lmds/1ctf/1ctf.50275.pdb
lmds,1ctf,data/raw/decoy_cache/decoys_r_us/lmds/dd/multiple/lmds/doc/pdb_orig/1ctf.pdb,data/raw/decoy_cache/decoys_r_us/lmds/dd/multiple/lmds/1ctf/1ctf.50284.pdb
lmds,1ctf,data/raw/decoy_cache/decoys_r_us/lmds/dd/multiple/lmds/doc/pdb_orig/1ctf.pdb,data/raw/decoy_cache/decoys_r_us/lmds/dd/multiple/lmds/1ctf/1ctf.50289.pdb
lmds,1ctf,data/raw/decoy_cache/decoys_r_us/lmds/dd/multiple/lmds/doc/pdb_orig/1ctf.pdb,data/raw/decoy_cache/decoys_r_us/lmds/dd/multiple/lmds/1ctf/1ctf.50297.pdb
lmds,1ctf,data/raw/decoy_cache/decoys_r_us/lmds/dd/multiple/lmds/doc/pdb_orig/1ctf.pdb,data/raw/decoy_cache/decoys_r_us/lmds/dd/multiple/lmds/1ctf/1ctf.50303.pdb
lmds,1ctf,data/raw/decoy_cache/decoys_r_us/lmds/dd/multiple/lmds/doc/pdb_orig/1ctf.pdb,data/raw/decoy_cache/decoys_r_us/lmds/dd/multiple/lmds/1ctf/1ctf.50309.pdb
lmds,1ctf,data/raw/decoy_cache/decoys_r_us/lmds/dd/multiple/lmds/doc/pdb_orig/1ctf.pdb,data/raw/decoy_cache/decoys_r_us/lmds/dd/multiple/lmds/1ctf/1ctf.50310.pdb
lmds,1ctf,data/raw/decoy_cache/decoys_r_us/lmds/dd/multiple/lmds/doc/pdb_orig/1ctf.pdb,data/raw/decoy_cache/decoys_r_us/lmds/dd/multiple/lmds/1ctf/1ctf.50349.pdb
lmds,1ctf,data/raw/decoy_cache/decoys_r_us/lmds/dd/multiple/lmds/doc/pdb_orig/1ctf.pdb,data/raw/decoy_cache/decoys_r_us/lmds/dd/multiple/lmds/1ctf/1ctf.5035.pdb
lmds,1ctf,data/raw/decoy_cache/decoys_r_us/lmds/dd/multiple/lmds/doc/pdb_orig/1ctf.pdb,data/raw/decoy_cache/decoys_r_us/lmds/dd/multiple/lmds/1ctf/1ctf.50356.pdb
lmds,1ctf,data/raw/decoy_cache/decoys_r_us/lmds/dd/multiple/lmds/doc/pdb_orig/1ctf.pdb,data/raw/decoy_cache/decoys_r_us/lmds/dd/multiple/lmds/1ctf/1ctf.50429.pdb
lmds,1ctf,data/raw/decoy_cache/decoys_r_us/lmds/dd/multiple/lmds/doc/pdb_orig/1ctf.pdb,data/raw/decoy_cache/decoys_r_us/lmds/dd/multiple/lmds/1ctf/1ctf.50436.pdb
lmds,1ctf,data/raw/decoy_cache/decoys_r_us/lmds/dd/multiple/lmds/doc/pdb_orig/1ctf.pdb,data/raw/decoy_cache/decoys_r_us/lmds/dd/multiple/lmds/1ctf/1ctf.50459.pdb
lmds,1ctf,data/raw/decoy_cache/decoys_r_us/lmds/dd/multiple/lmds/doc/pdb_orig/1ctf.pdb,data/raw/decoy_cache/decoys_r_us/lmds/dd/multiple/lmds/1ctf/1ctf.50478.pdb
lmds,1ctf,data/raw/decoy_cache/decoys_r_us/lmds/dd/multiple/lmds/doc/pdb_orig/1ctf.pdb,data/raw/decoy_cache/decoys_r_us/lmds/dd/multiple/lmds/1ctf/1ctf.507.pdb
lmds,1ctf,data/raw/decoy_cache/decoys_r_us/lmds/dd/multiple/lmds/doc/pdb_orig/1ctf.pdb,data/raw/decoy_cache/decoys_r_us/lmds/dd/multiple/lmds/1ctf/1ctf.509.pdb
lmds,1ctf,data/raw/decoy_cache/decoys_r_us/lmds/dd/multiple/lmds/doc/pdb_orig/1ctf.pdb,data/raw/decoy_cache/decoys_r_us/lmds/dd/multiple/lmds/1ctf/1ctf.5091.pdb
lmds,1ctf,data/raw/decoy_cache/decoys_r_us/lmds/dd/multiple/lmds/doc/pdb_orig/1ctf.pdb,data/raw/decoy_cache/decoys_r_us/lmds/dd/multiple/lmds/1ctf/1ctf.5123.pdb
lmds,1ctf,data/raw/decoy_cache/decoys_r_us/lmds/dd/multiple/lmds/doc/pdb_orig/1ctf.pdb,data/raw/decoy_cache/decoys_r_us/lmds/dd/multiple/lmds/1ctf/1ctf.515.pdb
lmds,1ctf,data/raw/decoy_cache/decoys_r_us/lmds/dd/multiple/lmds/doc/pdb_orig/1ctf.pdb,data/raw/decoy_cache/decoys_r_us/lmds/dd/multiple/lmds/1ctf/1ctf.5164.pdb
lmds,1ctf,data/raw/decoy_cache/decoys_r_us/lmds/dd/multiple/lmds/doc/pdb_orig/1ctf.pdb,data/raw/decoy_cache/decoys_r_us/lmds/dd/multiple/lmds/1ctf/1ctf.5210.pdb
lmds,1ctf,data/raw/decoy_cache/decoys_r_us/lmds/dd/multiple/lmds/doc/pdb_orig/1ctf.pdb,data/raw/decoy_cache/decoys_r_us/lmds/dd/multiple/lmds/1ctf/1ctf.5224.pdb
lmds,1ctf,data/raw/decoy_cache/decoys_r_us/lmds/dd/multiple/lmds/doc/pdb_orig/1ctf.pdb,data/raw/decoy_cache/decoys_r_us/lmds/dd/multiple/lmds/1ctf/1ctf.5236.pdb
lmds,1ctf,data/raw/decoy_cache/decoys_r_us/lmds/dd/multiple/lmds/doc/pdb_orig/1ctf.pdb,data/raw/decoy_cache/decoys_r_us/lmds/dd/multiple/lmds/1ctf/1ctf.524.pdb
lmds,1ctf,data/raw/decoy_cache/decoys_r_us/lmds/dd/multiple/lmds/doc/pdb_orig/1ctf.pdb,data/raw/decoy_cache/decoys_r_us/lmds/dd/multiple/lmds/1ctf/1ctf.5279.pdb
lmds,1ctf,data/raw/decoy_cache/decoys_r_us/lmds/dd/multiple/lmds/doc/pdb_orig/1ctf.pdb,data/raw/decoy_cache/decoys_r_us/lmds/dd/multiple/lmds/1ctf/1ctf.529.pdb
lmds,1ctf,data/raw/decoy_cache/decoys_r_us/lmds/dd/multiple/lmds/doc/pdb_orig/1ctf.pdb,data/raw/decoy_cache/decoys_r_us/lmds/dd/multiple/lmds/1ctf/1ctf.5303.pdb
lmds,1ctf,data/raw/decoy_cache/decoys_r_us/lmds/dd/multiple/lmds/doc/pdb_orig/1ctf.pdb,data/raw/decoy_cache/decoys_r_us/lmds/dd/multiple/lmds/1ctf/1ctf.5325.pdb
lmds,1ctf,data/raw/decoy_cache/decoys_r_us/lmds/dd/multiple/lmds/doc/pdb_orig/1ctf.pdb,data/raw/decoy_cache/decoys_r_us/lmds/dd/multiple/lmds/1ctf/1ctf.533.pdb
lmds,1ctf,data/raw/decoy_cache/decoys_r_us/lmds/dd/multiple/lmds/doc/pdb_orig/1ctf.pdb,data/raw/decoy_cache/decoys_r_us/lmds/dd/multiple/lmds/1ctf/1ctf.5353.pdb
lmds,1ctf,data/raw/decoy_cache/decoys_r_us/lmds/dd/multiple/lmds/doc/pdb_orig/1ctf.pdb,data/raw/decoy_cache/decoys_r_us/lmds/dd/multiple/lmds/1ctf/1ctf.5374.pdb
lmds,1ctf,data/raw/decoy_cache/decoys_r_us/lmds/dd/multiple/lmds/doc/pdb_orig/1ctf.pdb,data/raw/decoy_cache/decoys_r_us/lmds/dd/multiple/lmds/1ctf/1ctf.538.pdb
lmds,1ctf,data/raw/decoy_cache/decoys_r_us/lmds/dd/multiple/lmds/doc/pdb_orig/1ctf.pdb,data/raw/decoy_cache/decoys_r_us/lmds/dd/multiple/lmds/1ctf/1ctf.5397.pdb
lmds,1ctf,data/raw/decoy_cache/decoys_r_us/lmds/dd/multiple/lmds/doc/pdb_orig/1ctf.pdb,data/raw/decoy_cache/decoys_r_us/lmds/dd/multiple/lmds/1ctf/1ctf.5423.pdb
lmds,1ctf,data/raw/decoy_cache/decoys_r_us/lmds/dd/multiple/lmds/doc/pdb_orig/1ctf.pdb,data/raw/decoy_cache/decoys_r_us/lmds/dd/multiple/lmds/1ctf/1ctf.5446.pdb
lmds,1ctf,data/raw/decoy_cache/decoys_r_us/lmds/dd/multiple/lmds/doc/pdb_orig/1ctf.pdb,data/raw/decoy_cache/decoys_r_us/lmds/dd/multiple/lmds/1ctf/1ctf.5459.pdb
lmds,1ctf,data/raw/decoy_cache/decoys_r_us/lmds/dd/multiple/lmds/doc/pdb_orig/1ctf.pdb,data/raw/decoy_cache/decoys_r_us/lmds/dd/multiple/lmds/1ctf/1ctf.5465.pdb
lmds,1ctf,data/raw/decoy_cache/decoys_r_us/lmds/dd/multiple/lmds/doc/pdb_orig/1ctf.pdb,data/raw/decoy_cache/decoys_r_us/lmds/dd/multiple/lmds/1ctf/1ctf.5468.pdb
lmds,1ctf,data/raw/decoy_cache/decoys_r_us/lmds/dd/multiple/lmds/doc/pdb_orig/1ctf.pdb,data/raw/decoy_cache/decoys_r_us/lmds/dd/multiple/lmds/1ctf/1ctf.5471.pdb
lmds,1ctf,data/raw/decoy_cache/decoys_r_us/lmds/dd/multiple/lmds/doc/pdb_orig/1ctf.pdb,data/raw/decoy_cache/decoys_r_us/lmds/dd/multiple/lmds/1ctf/1ctf.5474.pdb
lmds,1ctf,data/raw/decoy_cache/decoys_r_us/lmds/dd/multiple/lmds/doc/pdb_orig/1ctf.pdb,data/raw/decoy_cache/decoys_r_us/lmds/dd/multiple/lmds/1ctf/1ctf.55045.pdb
lmds,1ctf,data/raw/decoy_cache/decoys_r_us/lmds/dd/multiple/lmds/doc/pdb_orig/1ctf.pdb,data/raw/decoy_cache/decoys_r_us/lmds/dd/multiple/lmds/1ctf/1ctf.55073.pdb
lmds,1ctf,data/raw/decoy_cache/decoys_r_us/lmds/dd/multiple/lmds/doc/pdb_orig/1ctf.pdb,data/raw/decoy_cache/decoys_r_us/lmds/dd/multiple/lmds/1ctf/1ctf.55074.pdb
lmds,1ctf,data/raw/decoy_cache/decoys_r_us/lmds/dd/multiple/lmds/doc/pdb_orig/1ctf.pdb,data/raw/decoy_cache/decoys_r_us/lmds/dd/multiple/lmds/1ctf/1ctf.55084.pdb
lmds,1ctf,data/raw/decoy_cache/decoys_r_us/lmds/dd/multiple/lmds/doc/pdb_orig/1ctf.pdb,data/raw/decoy_cache/decoys_r_us/lmds/dd/multiple/lmds/1ctf/1ctf.5509.pdb
lmds,1ctf,data/raw/decoy_cache/decoys_r_us/lmds/dd/multiple/lmds/doc/pdb_orig/1ctf.pdb,data/raw/decoy_cache/decoys_r_us/lmds/dd/multiple/lmds/1ctf/1ctf.55103.pdb
lmds,1ctf,data/raw/decoy_cache/decoys_r_us/lmds/dd/multiple/lmds/doc/pdb_orig/1ctf.pdb,data/raw/decoy_cache/decoys_r_us/lmds/dd/multiple/lmds/1ctf/1ctf.55108.pdb
lmds,1ctf,data/raw/decoy_cache/decoys_r_us/lmds/dd/multiple/lmds/doc/pdb_orig/1ctf.pdb,data/raw/decoy_cache/decoys_r_us/lmds/dd/multiple/lmds/1ctf/1ctf.55140.pdb
lmds,1ctf,data/raw/decoy_cache/decoys_r_us/lmds/dd/multiple/lmds/doc/pdb_orig/1ctf.pdb,data/raw/decoy_cache/decoys_r_us/lmds/dd/multiple/lmds/1ctf/1ctf.55149.pdb
lmds,1ctf,data/raw/decoy_cache/decoys_r_us/lmds/dd/multiple/lmds/doc/pdb_orig/1ctf.pdb,data/raw/decoy_cache/decoys_r_us/lmds/dd/multiple/lmds/1ctf/1ctf.55175.pdb
lmds,1ctf,data/raw/decoy_cache/decoys_r_us/lmds/dd/multiple/lmds/doc/pdb_orig/1ctf.pdb,data/raw/decoy_cache/decoys_r_us/lmds/dd/multiple/lmds/1ctf/1ctf.5518.pdb
lmds,1ctf,data/raw/decoy_cache/decoys_r_us/lmds/dd/multiple/lmds/doc/pdb_orig/1ctf.pdb,data/raw/decoy_cache/decoys_r_us/lmds/dd/multiple/lmds/1ctf/1ctf.55186.pdb
lmds,1ctf,data/raw/decoy_cache/decoys_r_us/lmds/dd/multiple/lmds/doc/pdb_orig/1ctf.pdb,data/raw/decoy_cache/decoys_r_us/lmds/dd/multiple/lmds/1ctf/1ctf.55188.pdb
lmds,1ctf,data/raw/decoy_cache/decoys_r_us/lmds/dd/multiple/lmds/doc/pdb_orig/1ctf.pdb,data/raw/decoy_cache/decoys_r_us/lmds/dd/multiple/lmds/1ctf/1ctf.55197.pdb
lmds,1ctf,data/raw/decoy_cache/decoys_r_us/lmds/dd/multiple/lmds/doc/pdb_orig/1ctf.pdb,data/raw/decoy_cache/decoys_r_us/lmds/dd/multiple/lmds/1ctf/1ctf.55211.pdb
lmds,1ctf,data/raw/decoy_cache/decoys_r_us/lmds/dd/multiple/lmds/doc/pdb_orig/1ctf.pdb,data/raw/decoy_cache/decoys_r_us/lmds/dd/multiple/lmds/1ctf/1ctf.55234.pdb
lmds,1ctf,data/raw/decoy_cache/decoys_r_us/lmds/dd/multiple/lmds/doc/pdb_orig/1ctf.pdb,data/raw/decoy_cache/decoys_r_us/lmds/dd/multiple/lmds/1ctf/1ctf.55237.pdb
lmds,1ctf,data/raw/decoy_cache/decoys_r_us/lmds/dd/multiple/lmds/doc/pdb_orig/1ctf.pdb,data/raw/decoy_cache/decoys_r_us/lmds/dd/multiple/lmds/1ctf/1ctf.55238.pdb
lmds,1ctf,data/raw/decoy_cache/decoys_r_us/lmds/dd/multiple/lmds/doc/pdb_orig/1ctf.pdb,data/raw/decoy_cache/decoys_r_us/lmds/dd/multiple/lmds/1ctf/1ctf.55274.pdb
lmds,1ctf,data/raw/decoy_cache/decoys_r_us/lmds/dd/multiple/lmds/doc/pdb_orig/1ctf.pdb,data/raw/decoy_cache/decoys_r_us/lmds/dd/multiple/lmds/1ctf/1ctf.55284.pdb
lmds,1ctf,data/raw/decoy_cache/decoys_r_us/lmds/dd/multiple/lmds/doc/pdb_orig/1ctf.pdb,data/raw/decoy_cache/decoys_r_us/lmds/dd/multiple/lmds/1ctf/1ctf.55302.pdb
lmds,1ctf,data/raw/decoy_cache/decoys_r_us/lmds/dd/multiple/lmds/doc/pdb_orig/1ctf.pdb,data/raw/decoy_cache/decoys_r_us/lmds/dd/multiple/lmds/1ctf/1ctf.55316.pdb
lmds,1ctf,data/raw/decoy_cache/decoys_r_us/lmds/dd/multiple/lmds/doc/pdb_orig/1ctf.pdb,data/raw/decoy_cache/decoys_r_us/lmds/dd/multiple/lmds/1ctf/1ctf.55347.pdb
lmds,1ctf,data/raw/decoy_cache/decoys_r_us/lmds/dd/multiple/lmds/doc/pdb_orig/1ctf.pdb,data/raw/decoy_cache/decoys_r_us/lmds/dd/multiple/lmds/1ctf/1ctf.55391.pdb
lmds,1ctf,data/raw/decoy_cache/decoys_r_us/lmds/dd/multiple/lmds/doc/pdb_orig/1ctf.pdb,data/raw/decoy_cache/decoys_r_us/lmds/dd/multiple/lmds/1ctf/1ctf.55401.pdb
lmds,1ctf,data/raw/decoy_cache/decoys_r_us/lmds/dd/multiple/lmds/doc/pdb_orig/1ctf.pdb,data/raw/decoy_cache/decoys_r_us/lmds/dd/multiple/lmds/1ctf/1ctf.55435.pdb
lmds,1ctf,data/raw/decoy_cache/decoys_r_us/lmds/dd/multiple/lmds/doc/pdb_orig/1ctf.pdb,data/raw/decoy_cache/decoys_r_us/lmds/dd/multiple/lmds/1ctf/1ctf.55452.pdb
lmds,1ctf,data/raw/decoy_cache/decoys_r_us/lmds/dd/multiple/lmds/doc/pdb_orig/1ctf.pdb,data/raw/decoy_cache/decoys_r_us/lmds/dd/multiple/lmds/1ctf/1ctf.55497.pdb
lmds,1ctf,data/raw/decoy_cache/decoys_r_us/lmds/dd/multiple/lmds/doc/pdb_orig/1ctf.pdb,data/raw/decoy_cache/decoys_r_us/lmds/dd/multiple/lmds/1ctf/1ctf.55499.pdb
lmds,1ctf,data/raw/decoy_cache/decoys_r_us/lmds/dd/multiple/lmds/doc/pdb_orig/1ctf.pdb,data/raw/decoy_cache/decoys_r_us/lmds/dd/multiple/lmds/1ctf/1ctf.5577.pdb
lmds,1ctf,data/raw/decoy_cache/decoys_r_us/lmds/dd/multiple/lmds/doc/pdb_orig/1ctf.pdb,data/raw/decoy_cache/decoys_r_us/lmds/dd/multiple/lmds/1ctf/1ctf.559.pdb
lmds,1ctf,data/raw/decoy_cache/decoys_r_us/lmds/dd/multiple/lmds/doc/pdb_orig/1ctf.pdb,data/raw/decoy_cache/decoys_r_us/lmds/dd/multiple/lmds/1ctf/1ctf.5623.pdb
lmds,1ctf,data/raw/decoy_cache/decoys_r_us/lmds/dd/multiple/lmds/doc/pdb_orig/1ctf.pdb,data/raw/decoy_cache/decoys_r_us/lmds/dd/multiple/lmds/1ctf/1ctf.5631.pdb
lmds,1ctf,data/raw/decoy_cache/decoys_r_us/lmds/dd/multiple/lmds/doc/pdb_orig/1ctf.pdb,data/raw/decoy_cache/decoys_r_us/lmds/dd/multiple/lmds/1ctf/1ctf.5654.pdb
lmds,1ctf,data/raw/decoy_cache/decoys_r_us/lmds/dd/multiple/lmds/doc/pdb_orig/1ctf.pdb,data/raw/decoy_cache/decoys_r_us/lmds/dd/multiple/lmds/1ctf/1ctf.5665.pdb
lmds,1ctf,data/raw/decoy_cache/decoys_r_us/lmds/dd/multiple/lmds/doc/pdb_orig/1ctf.pdb,data/raw/decoy_cache/decoys_r_us/lmds/dd/multiple/lmds/1ctf/1ctf.5689.pdb
lmds,1ctf,data/raw/decoy_cache/decoys_r_us/lmds/dd/multiple/lmds/doc/pdb_orig/1ctf.pdb,data/raw/decoy_cache/decoys_r_us/lmds/dd/multiple/lmds/1ctf/1ctf.5755.pdb
lmds,1ctf,data/raw/decoy_cache/decoys_r_us/lmds/dd/multiple/lmds/doc/pdb_orig/1ctf.pdb,data/raw/decoy_cache/decoys_r_us/lmds/dd/multiple/lmds/1ctf/1ctf.5765.pdb
lmds,1ctf,data/raw/decoy_cache/decoys_r_us/lmds/dd/multiple/lmds/doc/pdb_orig/1ctf.pdb,data/raw/decoy_cache/decoys_r_us/lmds/dd/multiple/lmds/1ctf/1ctf.5775.pdb
lmds,1ctf,data/raw/decoy_cache/decoys_r_us/lmds/dd/multiple/lmds/doc/pdb_orig/1ctf.pdb,data/raw/decoy_cache/decoys_r_us/lmds/dd/multiple/lmds/1ctf/1ctf.5781.pdb
lmds,1ctf,data/raw/decoy_cache/decoys_r_us/lmds/dd/multiple/lmds/doc/pdb_orig/1ctf.pdb,data/raw/decoy_cache/decoys_r_us/lmds/dd/multiple/lmds/1ctf/1ctf.5792.pdb
lmds,1ctf,data/raw/decoy_cache/decoys_r_us/lmds/dd/multiple/lmds/doc/pdb_orig/1ctf.pdb,data/raw/decoy_cache/decoys_r_us/lmds/dd/multiple/lmds/1ctf/1ctf.5826.pdb
lmds,1ctf,data/raw/decoy_cache/decoys_r_us/lmds/dd/multiple/lmds/doc/pdb_orig/1ctf.pdb,data/raw/decoy_cache/decoys_r_us/lmds/dd/multiple/lmds/1ctf/1ctf.5829.pdb
lmds,1ctf,data/raw/decoy_cache/decoys_r_us/lmds/dd/multiple/lmds/doc/pdb_orig/1ctf.pdb,data/raw/decoy_cache/decoys_r_us/lmds/dd/multiple/lmds/1ctf/1ctf.598.pdb
lmds,1ctf,data/raw/decoy_cache/decoys_r_us/lmds/dd/multiple/lmds/doc/pdb_orig/1ctf.pdb,data/raw/decoy_cache/decoys_r_us/lmds/dd/multiple/lmds/1ctf/1ctf.60010.pdb
lmds,1ctf,data/raw/decoy_cache/decoys_r_us/lmds/dd/multiple/lmds/doc/pdb_orig/1ctf.pdb,data/raw/decoy_cache/decoys_r_us/lmds/dd/multiple/lmds/1ctf/1ctf.60015.pdb
lmds,1ctf,data/raw/decoy_cache/decoys_r_us/lmds/dd/multiple/lmds/doc/pdb_orig/1ctf.pdb,data/raw/decoy_cache/decoys_r_us/lmds/dd/multiple/lmds/1ctf/1ctf.60023.pdb
lmds,1ctf,data/raw/decoy_cache/decoys_r_us/lmds/dd/multiple/lmds/doc/pdb_orig/1ctf.pdb,data/raw/decoy_cache/decoys_r_us/lmds/dd/multiple/lmds/1ctf/1ctf.60035.pdb
lmds,1ctf,data/raw/decoy_cache/decoys_r_us/lmds/dd/multiple/lmds/doc/pdb_orig/1ctf.pdb,data/raw/decoy_cache/decoys_r_us/lmds/dd/multiple/lmds/1ctf/1ctf.60072.pdb
lmds,1ctf,data/raw/decoy_cache/decoys_r_us/lmds/dd/multiple/lmds/doc/pdb_orig/1ctf.pdb,data/raw/decoy_cache/decoys_r_us/lmds/dd/multiple/lmds/1ctf/1ctf.60078.pdb
lmds,1ctf,data/raw/decoy_cache/decoys_r_us/lmds/dd/multiple/lmds/doc/pdb_orig/1ctf.pdb,data/raw/decoy_cache/decoys_r_us/lmds/dd/multiple/lmds/1ctf/1ctf.60082.pdb
lmds,1ctf,data/raw/decoy_cache/decoys_r_us/lmds/dd/multiple/lmds/doc/pdb_orig/1ctf.pdb,data/raw/decoy_cache/decoys_r_us/lmds/dd/multiple/lmds/1ctf/1ctf.60148.pdb
lmds,1ctf,data/raw/decoy_cache/decoys_r_us/lmds/dd/multiple/lmds/doc/pdb_orig/1ctf.pdb,data/raw/decoy_cache/decoys_r_us/lmds/dd/multiple/lmds/1ctf/1ctf.60154.pdb
lmds,1ctf,data/raw/decoy_cache/decoys_r_us/lmds/dd/multiple/lmds/doc/pdb_orig/1ctf.pdb,data/raw/decoy_cache/decoys_r_us/lmds/dd/multiple/lmds/1ctf/1ctf.60174.pdb
lmds,1ctf,data/raw/decoy_cache/decoys_r_us/lmds/dd/multiple/lmds/doc/pdb_orig/1ctf.pdb,data/raw/decoy_cache/decoys_r_us/lmds/dd/multiple/lmds/1ctf/1ctf.60181.pdb
lmds,1ctf,data/raw/decoy_cache/decoys_r_us/lmds/dd/multiple/lmds/doc/pdb_orig/1ctf.pdb,data/raw/decoy_cache/decoys_r_us/lmds/dd/multiple/lmds/1ctf/1ctf.60187.pdb
lmds,1ctf,data/raw/decoy_cache/decoys_r_us/lmds/dd/multiple/lmds/doc/pdb_orig/1ctf.pdb,data/raw/decoy_cache/decoys_r_us/lmds/dd/multiple/lmds/1ctf/1ctf.60204.pdb
lmds,1ctf,data/raw/decoy_cache/decoys_r_us/lmds/dd/multiple/lmds/doc/pdb_orig/1ctf.pdb,data/raw/decoy_cache/decoys_r_us/lmds/dd/multiple/lmds/1ctf/1ctf.60220.pdb
lmds,1ctf,data/raw/decoy_cache/decoys_r_us/lmds/dd/multiple/lmds/doc/pdb_orig/1ctf.pdb,data/raw/decoy_cache/decoys_r_us/lmds/dd/multiple/lmds/1ctf/1ctf.60289.pdb
lmds,1ctf,data/raw/decoy_cache/decoys_r_us/lmds/dd/multiple/lmds/doc/pdb_orig/1ctf.pdb,data/raw/decoy_cache/decoys_r_us/lmds/dd/multiple/lmds/1ctf/1ctf.60294.pdb
lmds,1ctf,data/raw/decoy_cache/decoys_r_us/lmds/dd/multiple/lmds/doc/pdb_orig/1ctf.pdb,data/raw/decoy_cache/decoys_r_us/lmds/dd/multiple/lmds/1ctf/1ctf.60296.pdb
lmds,1ctf,data/raw/decoy_cache/decoys_r_us/lmds/dd/multiple/lmds/doc/pdb_orig/1ctf.pdb,data/raw/decoy_cache/decoys_r_us/lmds/dd/multiple/lmds/1ctf/1ctf.60303.pdb
lmds,1ctf,data/raw/decoy_cache/decoys_r_us/lmds/dd/multiple/lmds/doc/pdb_orig/1ctf.pdb,data/raw/decoy_cache/decoys_r_us/lmds/dd/multiple/lmds/1ctf/1ctf.60363.pdb
lmds,1ctf,data/raw/decoy_cache/decoys_r_us/lmds/dd/multiple/lmds/doc/pdb_orig/1ctf.pdb,data/raw/decoy_cache/decoys_r_us/lmds/dd/multiple/lmds/1ctf/1ctf.60381.pdb
lmds,1ctf,data/raw/decoy_cache/decoys_r_us/lmds/dd/multiple/lmds/doc/pdb_orig/1ctf.pdb,data/raw/decoy_cache/decoys_r_us/lmds/dd/multiple/lmds/1ctf/1ctf.60388.pdb
lmds,1ctf,data/raw/decoy_cache/decoys_r_us/lmds/dd/multiple/lmds/doc/pdb_orig/1ctf.pdb,data/raw/decoy_cache/decoys_r_us/lmds/dd/multiple/lmds/1ctf/1ctf.60392.pdb
lmds,1ctf,data/raw/decoy_cache/decoys_r_us/lmds/dd/multiple/lmds/doc/pdb_orig/1ctf.pdb,data/raw/decoy_cache/decoys_r_us/lmds/dd/multiple/lmds/1ctf/1ctf.60423.pdb
lmds,1ctf,data/raw/decoy_cache/decoys_r_us/lmds/dd/multiple/lmds/doc/pdb_orig/1ctf.pdb,data/raw/decoy_cache/decoys_r_us/lmds/dd/multiple/lmds/1ctf/1ctf.60464.pdb
lmds,1ctf,data/raw/decoy_cache/decoys_r_us/lmds/dd/multiple/lmds/doc/pdb_orig/1ctf.pdb,data/raw/decoy_cache/decoys_r_us/lmds/dd/multiple/lmds/1ctf/1ctf.60483.pdb
lmds,1ctf,data/raw/decoy_cache/decoys_r_us/lmds/dd/multiple/lmds/doc/pdb_orig/1ctf.pdb,data/raw/decoy_cache/decoys_r_us/lmds/dd/multiple/lmds/1ctf/1ctf.60505.pdb
lmds,1ctf,data/raw/decoy_cache/decoys_r_us/lmds/dd/multiple/lmds/doc/pdb_orig/1ctf.pdb,data/raw/decoy_cache/decoys_r_us/lmds/dd/multiple/lmds/1ctf/1ctf.60556.pdb
lmds,1ctf,data/raw/decoy_cache/decoys_r_us/lmds/dd/multiple/lmds/doc/pdb_orig/1ctf.pdb,data/raw/decoy_cache/decoys_r_us/lmds/dd/multiple/lmds/1ctf/1ctf.60573.pdb
lmds,1ctf,data/raw/decoy_cache/decoys_r_us/lmds/dd/multiple/lmds/doc/pdb_orig/1ctf.pdb,data/raw/decoy_cache/decoys_r_us/lmds/dd/multiple/lmds/1ctf/1ctf.60579.pdb
lmds,1ctf,data/raw/decoy_cache/decoys_r_us/lmds/dd/multiple/lmds/doc/pdb_orig/1ctf.pdb,data/raw/decoy_cache/decoys_r_us/lmds/dd/multiple/lmds/1ctf/1ctf.60580.pdb
lmds,1ctf,data/raw/decoy_cache/decoys_r_us/lmds/dd/multiple/lmds/doc/pdb_orig/1ctf.pdb,data/raw/decoy_cache/decoys_r_us/lmds/dd/multiple/lmds/1ctf/1ctf.60594.pdb
lmds,1ctf,data/raw/decoy_cache/decoys_r_us/lmds/dd/multiple/lmds/doc/pdb_orig/1ctf.pdb,data/raw/decoy_cache/decoys_r_us/lmds/dd/multiple/lmds/1ctf/1ctf.60630.pdb
lmds,1ctf,data/raw/decoy_cache/decoys_r_us/lmds/dd/multiple/lmds/doc/pdb_orig/1ctf.pdb,data/raw/decoy_cache/decoys_r_us/lmds/dd/multiple/lmds/1ctf/1ctf.60664.pdb
lmds,1ctf,data/raw/decoy_cache/decoys_r_us/lmds/dd/multiple/lmds/doc/pdb_orig/1ctf.pdb,data/raw/decoy_cache/decoys_r_us/lmds/dd/multiple/lmds/1ctf/1ctf.60690.pdb
lmds,1ctf,data/raw/decoy_cache/decoys_r_us/lmds/dd/multiple/lmds/doc/pdb_orig/1ctf.pdb,data/raw/decoy_cache/decoys_r_us/lmds/dd/multiple/lmds/1ctf/1ctf.607.pdb
lmds,1ctf,data/raw/decoy_cache/decoys_r_us/lmds/dd/multiple/lmds/doc/pdb_orig/1ctf.pdb,data/raw/decoy_cache/decoys_r_us/lmds/dd/multiple/lmds/1ctf/1ctf.60700.pdb
lmds,1ctf,data/raw/decoy_cache/decoys_r_us/lmds/dd/multiple/lmds/doc/pdb_orig/1ctf.pdb,data/raw/decoy_cache/decoys_r_us/lmds/dd/multiple/lmds/1ctf/1ctf.60722.pdb
lmds,1ctf,data/raw/decoy_cache/decoys_r_us/lmds/dd/multiple/lmds/doc/pdb_orig/1ctf.pdb,data/raw/decoy_cache/decoys_r_us/lmds/dd/multiple/lmds/1ctf/1ctf.60730.pdb
lmds,1ctf,data/raw/decoy_cache/decoys_r_us/lmds/dd/multiple/lmds/doc/pdb_orig/1ctf.pdb,data/raw/decoy_cache/decoys_r_us/lmds/dd/multiple/lmds/1ctf/1ctf.60764.pdb
lmds,1ctf,data/raw/decoy_cache/decoys_r_us/lmds/dd/multiple/lmds/doc/pdb_orig/1ctf.pdb,data/raw/decoy_cache/decoys_r_us/lmds/dd/multiple/lmds/1ctf/1ctf.60767.pdb
lmds,1ctf,data/raw/decoy_cache/decoys_r_us/lmds/dd/multiple/lmds/doc/pdb_orig/1ctf.pdb,data/raw/decoy_cache/decoys_r_us/lmds/dd/multiple/lmds/1ctf/1ctf.60805.pdb
lmds,1ctf,data/raw/decoy_cache/decoys_r_us/lmds/dd/multiple/lmds/doc/pdb_orig/1ctf.pdb,data/raw/decoy_cache/decoys_r_us/lmds/dd/multiple/lmds/1ctf/1ctf.60817.pdb
lmds,1ctf,data/raw/decoy_cache/decoys_r_us/lmds/dd/multiple/lmds/doc/pdb_orig/1ctf.pdb,data/raw/decoy_cache/decoys_r_us/lmds/dd/multiple/lmds/1ctf/1ctf.60823.pdb
lmds,1ctf,data/raw/decoy_cache/decoys_r_us/lmds/dd/multiple/lmds/doc/pdb_orig/1ctf.pdb,data/raw/decoy_cache/decoys_r_us/lmds/dd/multiple/lmds/1ctf/1ctf.64.pdb
lmds,1ctf,data/raw/decoy_cache/decoys_r_us/lmds/dd/multiple/lmds/doc/pdb_orig/1ctf.pdb,data/raw/decoy_cache/decoys_r_us/lmds/dd/multiple/lmds/1ctf/1ctf.645.pdb
lmds,1ctf,data/raw/decoy_cache/decoys_r_us/lmds/dd/multiple/lmds/doc/pdb_orig/1ctf.pdb,data/raw/decoy_cache/decoys_r_us/lmds/dd/multiple/lmds/1ctf/1ctf.65016.pdb
lmds,1ctf,data/raw/decoy_cache/decoys_r_us/lmds/dd/multiple/lmds/doc/pdb_orig/1ctf.pdb,data/raw/decoy_cache/decoys_r_us/lmds/dd/multiple/lmds/1ctf/1ctf.65037.pdb
lmds,1ctf,data/raw/decoy_cache/decoys_r_us/lmds/dd/multiple/lmds/doc/pdb_orig/1ctf.pdb,data/raw/decoy_cache/decoys_r_us/lmds/dd/multiple/lmds/1ctf/1ctf.65076.pdb
lmds,1ctf,data/raw/decoy_cache/decoys_r_us/lmds/dd/multiple/lmds/doc/pdb_orig/1ctf.pdb,data/raw/decoy_cache/decoys_r_us/lmds/dd/multiple/lmds/1ctf/1ctf.65079.pdb
lmds,1ctf,data/raw/decoy_cache/decoys_r_us/lmds/dd/multiple/lmds/doc/pdb_orig/1ctf.pdb,data/raw/decoy_cache/decoys_r_us/lmds/dd/multiple/lmds/1ctf/1ctf.65084.pdb
lmds,1ctf,data/raw/decoy_cache/decoys_r_us/lmds/dd/multiple/lmds/doc/pdb_orig/1ctf.pdb,data/raw/decoy_cache/decoys_r_us/lmds/dd/multiple/lmds/1ctf/1ctf.65126.pdb
lmds,1ctf,data/raw/decoy_cache/decoys_r_us/lmds/dd/multiple/lmds/doc/pdb_orig/1ctf.pdb,data/raw/decoy_cache/decoys_r_us/lmds/dd/multiple/lmds/1ctf/1ctf.65139.pdb
lmds,1ctf,data/raw/decoy_cache/decoys_r_us/lmds/dd/multiple/lmds/doc/pdb_orig/1ctf.pdb,data/raw/decoy_cache/decoys_r_us/lmds/dd/multiple/lmds/1ctf/1ctf.65142.pdb
lmds,1ctf,data/raw/decoy_cache/decoys_r_us/lmds/dd/multiple/lmds/doc/pdb_orig/1ctf.pdb,data/raw/decoy_cache/decoys_r_us/lmds/dd/multiple/lmds/1ctf/1ctf.65162.pdb
lmds,1ctf,data/raw/decoy_cache/decoys_r_us/lmds/dd/multiple/lmds/doc/pdb_orig/1ctf.pdb,data/raw/decoy_cache/decoys_r_us/lmds/dd/multiple/lmds/1ctf/1ctf.65163.pdb
lmds,1ctf,data/raw/decoy_cache/decoys_r_us/lmds/dd/multiple/lmds/doc/pdb_orig/1ctf.pdb,data/raw/decoy_cache/decoys_r_us/lmds/dd/multiple/lmds/1ctf/1ctf.65188.pdb
lmds,1ctf,data/raw/decoy_cache/decoys_r_us/lmds/dd/multiple/lmds/doc/pdb_orig/1ctf.pdb,data/raw/decoy_cache/decoys_r_us/lmds/dd/multiple/lmds/1ctf/1ctf.65201.pdb
lmds,1ctf,data/raw/decoy_cache/decoys_r_us/lmds/dd/multiple/lmds/doc/pdb_orig/1ctf.pdb,data/raw/decoy_cache/decoys_r_us/lmds/dd/multiple/lmds/1ctf/1ctf.65211.pdb
lmds,1ctf,data/raw/decoy_cache/decoys_r_us/lmds/dd/multiple/lmds/doc/pdb_orig/1ctf.pdb,data/raw/decoy_cache/decoys_r_us/lmds/dd/multiple/lmds/1ctf/1ctf.65220.pdb
lmds,1ctf,data/raw/decoy_cache/decoys_r_us/lmds/dd/multiple/lmds/doc/pdb_orig/1ctf.pdb,data/raw/decoy_cache/decoys_r_us/lmds/dd/multiple/lmds/1ctf/1ctf.65257.pdb
lmds,1ctf,data/raw/decoy_cache/decoys_r_us/lmds/dd/multiple/lmds/doc/pdb_orig/1ctf.pdb,data/raw/decoy_cache/decoys_r_us/lmds/dd/multiple/lmds/1ctf/1ctf.65285.pdb
lmds,1ctf,data/raw/decoy_cache/decoys_r_us/lmds/dd/multiple/lmds/doc/pdb_orig/1ctf.pdb,data/raw/decoy_cache/decoys_r_us/lmds/dd/multiple/lmds/1ctf/1ctf.65301.pdb
lmds,1ctf,data/raw/decoy_cache/decoys_r_us/lmds/dd/multiple/lmds/doc/pdb_orig/1ctf.pdb,data/raw/decoy_cache/decoys_r_us/lmds/dd/multiple/lmds/1ctf/1ctf.65310.pdb
lmds,1ctf,data/raw/decoy_cache/decoys_r_us/lmds/dd/multiple/lmds/doc/pdb_orig/1ctf.pdb,data/raw/decoy_cache/decoys_r_us/lmds/dd/multiple/lmds/1ctf/1ctf.65326.pdb
lmds,1ctf,data/raw/decoy_cache/decoys_r_us/lmds/dd/multiple/lmds/doc/pdb_orig/1ctf.pdb,data/raw/decoy_cache/decoys_r_us/lmds/dd/multiple/lmds/1ctf/1ctf.65329.pdb
lmds,1ctf,data/raw/decoy_cache/decoys_r_us/lmds/dd/multiple/lmds/doc/pdb_orig/1ctf.pdb,data/raw/decoy_cache/decoys_r_us/lmds/dd/multiple/lmds/1ctf/1ctf.65359.pdb
lmds,1ctf,data/raw/decoy_cache/decoys_r_us/lmds/dd/multiple/lmds/doc/pdb_orig/1ctf.pdb,data/raw/decoy_cache/decoys_r_us/lmds/dd/multiple/lmds/1ctf/1ctf.65382.pdb
lmds,1ctf,data/raw/decoy_cache/decoys_r_us/lmds/dd/multiple/lmds/doc/pdb_orig/1ctf.pdb,data/raw/decoy_cache/decoys_r_us/lmds/dd/multiple/lmds/1ctf/1ctf.65404.pdb
lmds,1ctf,data/raw/decoy_cache/decoys_r_us/lmds/dd/multiple/lmds/doc/pdb_orig/1ctf.pdb,data/raw/decoy_cache/decoys_r_us/lmds/dd/multiple/lmds/1ctf/1ctf.65405.pdb
lmds,1ctf,data/raw/decoy_cache/decoys_r_us/lmds/dd/multiple/lmds/doc/pdb_orig/1ctf.pdb,data/raw/decoy_cache/decoys_r_us/lmds/dd/multiple/lmds/1ctf/1ctf.65434.pdb
lmds,1ctf,data/raw/decoy_cache/decoys_r_us/lmds/dd/multiple/lmds/doc/pdb_orig/1ctf.pdb,data/raw/decoy_cache/decoys_r_us/lmds/dd/multiple/lmds/1ctf/1ctf.65460.pdb
lmds,1ctf,data/raw/decoy_cache/decoys_r_us/lmds/dd/multiple/lmds/doc/pdb_orig/1ctf.pdb,data/raw/decoy_cache/decoys_r_us/lmds/dd/multiple/lmds/1ctf/1ctf.65470.pdb
lmds,1ctf,data/raw/decoy_cache/decoys_r_us/lmds/dd/multiple/lmds/doc/pdb_orig/1ctf.pdb,data/raw/decoy_cache/decoys_r_us/lmds/dd/multiple/lmds/1ctf/1ctf.65478.pdb
lmds,1ctf,data/raw/decoy_cache/decoys_r_us/lmds/dd/multiple/lmds/doc/pdb_orig/1ctf.pdb,data/raw/decoy_cache/decoys_r_us/lmds/dd/multiple/lmds/1ctf/1ctf.65483.pdb
lmds,1ctf,data/raw/decoy_cache/decoys_r_us/lmds/dd/multiple/lmds/doc/pdb_orig/1ctf.pdb,data/raw/decoy_cache/decoys_r_us/lmds/dd/multiple/lmds/1ctf/1ctf.65503.pdb
lmds,1ctf,data/raw/decoy_cache/decoys_r_us/lmds/dd/multiple/lmds/doc/pdb_orig/1ctf.pdb,data/raw/decoy_cache/decoys_r_us/lmds/dd/multiple/lmds/1ctf/1ctf.65525.pdb
lmds,1ctf,data/raw/decoy_cache/decoys_r_us/lmds/dd/multiple/lmds/doc/pdb_orig/1ctf.pdb,data/raw/decoy_cache/decoys_r_us/lmds/dd/multiple/lmds/1ctf/1ctf.65538.pdb
lmds,1ctf,data/raw/decoy_cache/decoys_r_us/lmds/dd/multiple/lmds/doc/pdb_orig/1ctf.pdb,data/raw/decoy_cache/decoys_r_us/lmds/dd/multiple/lmds/1ctf/1ctf.65567.pdb
lmds,1ctf,data/raw/decoy_cache/decoys_r_us/lmds/dd/multiple/lmds/doc/pdb_orig/1ctf.pdb,data/raw/decoy_cache/decoys_r_us/lmds/dd/multiple/lmds/1ctf/1ctf.65576.pdb
lmds,1ctf,data/raw/decoy_cache/decoys_r_us/lmds/dd/multiple/lmds/doc/pdb_orig/1ctf.pdb,data/raw/decoy_cache/decoys_r_us/lmds/dd/multiple/lmds/1ctf/1ctf.65581.pdb
lmds,1ctf,data/raw/decoy_cache/decoys_r_us/lmds/dd/multiple/lmds/doc/pdb_orig/1ctf.pdb,data/raw/decoy_cache/decoys_r_us/lmds/dd/multiple/lmds/1ctf/1ctf.65583.pdb
lmds,1ctf,data/raw/decoy_cache/decoys_r_us/lmds/dd/multiple/lmds/doc/pdb_orig/1ctf.pdb,data/raw/decoy_cache/decoys_r_us/lmds/dd/multiple/lmds/1ctf/1ctf.65589.pdb
lmds,1ctf,data/raw/decoy_cache/decoys_r_us/lmds/dd/multiple/lmds/doc/pdb_orig/1ctf.pdb,data/raw/decoy_cache/decoys_r_us/lmds/dd/multiple/lmds/1ctf/1ctf.65629.pdb
lmds,1ctf,data/raw/decoy_cache/decoys_r_us/lmds/dd/multiple/lmds/doc/pdb_orig/1ctf.pdb,data/raw/decoy_cache/decoys_r_us/lmds/dd/multiple/lmds/1ctf/1ctf.65644.pdb
lmds,1ctf,data/raw/decoy_cache/decoys_r_us/lmds/dd/multiple/lmds/doc/pdb_orig/1ctf.pdb,data/raw/decoy_cache/decoys_r_us/lmds/dd/multiple/lmds/1ctf/1ctf.65667.pdb
lmds,1ctf,data/raw/decoy_cache/decoys_r_us/lmds/dd/multiple/lmds/doc/pdb_orig/1ctf.pdb,data/raw/decoy_cache/decoys_r_us/lmds/dd/multiple/lmds/1ctf/1ctf.65675.pdb
lmds,1ctf,data/raw/decoy_cache/decoys_r_us/lmds/dd/multiple/lmds/doc/pdb_orig/1ctf.pdb,data/raw/decoy_cache/decoys_r_us/lmds/dd/multiple/lmds/1ctf/1ctf.65684.pdb
lmds,1ctf,data/raw/decoy_cache/decoys_r_us/lmds/dd/multiple/lmds/doc/pdb_orig/1ctf.pdb,data/raw/decoy_cache/decoys_r_us/lmds/dd/multiple/lmds/1ctf/1ctf.65700.pdb
lmds,1ctf,data/raw/decoy_cache/decoys_r_us/lmds/dd/multiple/lmds/doc/pdb_orig/1ctf.pdb,data/raw/decoy_cache/decoys_r_us/lmds/dd/multiple/lmds/1ctf/1ctf.65736.pdb
lmds,1ctf,data/raw/decoy_cache/decoys_r_us/lmds/dd/multiple/lmds/doc/pdb_orig/1ctf.pdb,data/raw/decoy_cache/decoys_r_us/lmds/dd/multiple/lmds/1ctf/1ctf.65783.pdb
lmds,1ctf,data/raw/decoy_cache/decoys_r_us/lmds/dd/multiple/lmds/doc/pdb_orig/1ctf.pdb,data/raw/decoy_cache/decoys_r_us/lmds/dd/multiple/lmds/1ctf/1ctf.65792.pdb
lmds,1ctf,data/raw/decoy_cache/decoys_r_us/lmds/dd/multiple/lmds/doc/pdb_orig/1ctf.pdb,data/raw/decoy_cache/decoys_r_us/lmds/dd/multiple/lmds/1ctf/1ctf.65795.pdb
lmds,1ctf,data/raw/decoy_cache/decoys_r_us/lmds/dd/multiple/lmds/doc/pdb_orig/1ctf.pdb,data/raw/decoy_cache/decoys_r_us/lmds/dd/multiple/lmds/1ctf/1ctf.65832.pdb
lmds,1ctf,data/raw/decoy_cache/decoys_r_us/lmds/dd/multiple/lmds/doc/pdb_orig/1ctf.pdb,data/raw/decoy_cache/decoys_r_us/lmds/dd/multiple/lmds/1ctf/1ctf.65835.pdb
lmds,1ctf,data/raw/decoy_cache/decoys_r_us/lmds/dd/multiple/lmds/doc/pdb_orig/1ctf.pdb,data/raw/decoy_cache/decoys_r_us/lmds/dd/multiple/lmds/1ctf/1ctf.65853.pdb
lmds,1ctf,data/raw/decoy_cache/decoys_r_us/lmds/dd/multiple/lmds/doc/pdb_orig/1ctf.pdb,data/raw/decoy_cache/decoys_r_us/lmds/dd/multiple/lmds/1ctf/1ctf.65872.pdb
lmds,1ctf,data/raw/decoy_cache/decoys_r_us/lmds/dd/multiple/lmds/doc/pdb_orig/1ctf.pdb,data/raw/decoy_cache/decoys_r_us/lmds/dd/multiple/lmds/1ctf/1ctf.65890.pdb
lmds,1ctf,data/raw/decoy_cache/decoys_r_us/lmds/dd/multiple/lmds/doc/pdb_orig/1ctf.pdb,data/raw/decoy_cache/decoys_r_us/lmds/dd/multiple/lmds/1ctf/1ctf.65946.pdb
lmds,1ctf,data/raw/decoy_cache/decoys_r_us/lmds/dd/multiple/lmds/doc/pdb_orig/1ctf.pdb,data/raw/decoy_cache/decoys_r_us/lmds/dd/multiple/lmds/1ctf/1ctf.65949.pdb
lmds,1ctf,data/raw/decoy_cache/decoys_r_us/lmds/dd/multiple/lmds/doc/pdb_orig/1ctf.pdb,data/raw/decoy_cache/decoys_r_us/lmds/dd/multiple/lmds/1ctf/1ctf.65960.pdb
lmds,1ctf,data/raw/decoy_cache/decoys_r_us/lmds/dd/multiple/lmds/doc/pdb_orig/1ctf.pdb,data/raw/decoy_cache/decoys_r_us/lmds/dd/multiple/lmds/1ctf/1ctf.669.pdb
lmds,1ctf,data/raw/decoy_cache/decoys_r_us/lmds/dd/multiple/lmds/doc/pdb_orig/1ctf.pdb,data/raw/decoy_cache/decoys_r_us/lmds/dd/multiple/lmds/1ctf/1ctf.728.pdb
lmds,1ctf,data/raw/decoy_cache/decoys_r_us/lmds/dd/multiple/lmds/doc/pdb_orig/1ctf.pdb,data/raw/decoy_cache/decoys_r_us/lmds/dd/multiple/lmds/1ctf/1ctf.75.pdb
lmds,1ctf,data/raw/decoy_cache/decoys_r_us/lmds/dd/multiple/lmds/doc/pdb_orig/1ctf.pdb,data/raw/decoy_cache/decoys_r_us/lmds/dd/multiple/lmds/1ctf/1ctf.783.pdb
lmds,1ctf,data/raw/decoy_cache/decoys_r_us/lmds/dd/multiple/lmds/doc/pdb_orig/1ctf.pdb,data/raw/decoy_cache/decoys_r_us/lmds/dd/multiple/lmds/1ctf/1ctf.800.pdb
lmds,1ctf,data/raw/decoy_cache/decoys_r_us/lmds/dd/multiple/lmds/doc/pdb_orig/1ctf.pdb,data/raw/decoy_cache/decoys_r_us/lmds/dd/multiple/lmds/1ctf/1ctf.817.pdb
lmds,1ctf,data/raw/decoy_cache/decoys_r_us/lmds/dd/multiple/lmds/doc/pdb_orig/1ctf.pdb,data/raw/decoy_cache/decoys_r_us/lmds/dd/multiple/lmds/1ctf/1ctf.818.pdb
lmds,1ctf,data/raw/decoy_cache/decoys_r_us/lmds/dd/multiple/lmds/doc/pdb_orig/1ctf.pdb,data/raw/decoy_cache/decoys_r_us/lmds/dd/multiple/lmds/1ctf/1ctf.93.pdb
lmds,1ctf,data/raw/decoy_cache/decoys_r_us/lmds/dd/multiple/lmds/doc/pdb_orig/1ctf.pdb,data/raw/decoy_cache/decoys_r_us/lmds/dd/multiple/lmds/1ctf/1ctf.pdb
lmds,1dtk,data/raw/decoy_cache/decoys_r_us/lmds/dd/multiple/lmds/doc/pdb_orig/1dtk.pdb,data/raw/decoy_cache/decoys_r_us/lmds/dd/multiple/lmds/1dtk/1dtk.10000.pdb
lmds,1dtk,data/raw/decoy_cache/decoys_r_us/lmds/dd/multiple/lmds/doc/pdb_orig/1dtk.pdb,data/raw/decoy_cache/decoys_r_us/lmds/dd/multiple/lmds/1dtk/1dtk.10014.pdb
lmds,1dtk,data/raw/decoy_cache/decoys_r_us/lmds/dd/multiple/lmds/doc/pdb_orig/1dtk.pdb,data/raw/decoy_cache/decoys_r_us/lmds/dd/multiple/lmds/1dtk/1dtk.10050.pdb
lmds,1dtk,data/raw/decoy_cache/decoys_r_us/lmds/dd/multiple/lmds/doc/pdb_orig/1dtk.pdb,data/raw/decoy_cache/decoys_r_us/lmds/dd/multiple/lmds/1dtk/1dtk.10065.pdb
lmds,1dtk,data/raw/decoy_cache/decoys_r_us/lmds/dd/multiple/lmds/doc/pdb_orig/1dtk.pdb,data/raw/decoy_cache/decoys_r_us/lmds/dd/multiple/lmds/1dtk/1dtk.10107.pdb
lmds,1dtk,data/raw/decoy_cache/decoys_r_us/lmds/dd/multiple/lmds/doc/pdb_orig/1dtk.pdb,data/raw/decoy_cache/decoys_r_us/lmds/dd/multiple/lmds/1dtk/1dtk.10151.pdb
lmds,1dtk,data/raw/decoy_cache/decoys_r_us/lmds/dd/multiple/lmds/doc/pdb_orig/1dtk.pdb,data/raw/decoy_cache/decoys_r_us/lmds/dd/multiple/lmds/1dtk/1dtk.10192.pdb
lmds,1dtk,data/raw/decoy_cache/decoys_r_us/lmds/dd/multiple/lmds/doc/pdb_orig/1dtk.pdb,data/raw/decoy_cache/decoys_r_us/lmds/dd/multiple/lmds/1dtk/1dtk.10209.pdb
lmds,1dtk,data/raw/decoy_cache/decoys_r_us/lmds/dd/multiple/lmds/doc/pdb_orig/1dtk.pdb,data/raw/decoy_cache/decoys_r_us/lmds/dd/multiple/lmds/1dtk/1dtk.10240.pdb
lmds,1dtk,data/raw/decoy_cache/decoys_r_us/lmds/dd/multiple/lmds/doc/pdb_orig/1dtk.pdb,data/raw/decoy_cache/decoys_r_us/lmds/dd/multiple/lmds/1dtk/1dtk.10263.pdb
lmds,1dtk,data/raw/decoy_cache/decoys_r_us/lmds/dd/multiple/lmds/doc/pdb_orig/1dtk.pdb,data/raw/decoy_cache/decoys_r_us/lmds/dd/multiple/lmds/1dtk/1dtk.10278.pdb
lmds,1dtk,data/raw/decoy_cache/decoys_r_us/lmds/dd/multiple/lmds/doc/pdb_orig/1dtk.pdb,data/raw/decoy_cache/decoys_r_us/lmds/dd/multiple/lmds/1dtk/1dtk.10286.pdb
lmds,1dtk,data/raw/decoy_cache/decoys_r_us/lmds/dd/multiple/lmds/doc/pdb_orig/1dtk.pdb,data/raw/decoy_cache/decoys_r_us/lmds/dd/multiple/lmds/1dtk/1dtk.10302.pdb
lmds,1dtk,data/raw/decoy_cache/decoys_r_us/lmds/dd/multiple/lmds/doc/pdb_orig/1dtk.pdb,data/raw/decoy_cache/decoys_r_us/lmds/dd/multiple/lmds/1dtk/1dtk.10320.pdb
lmds,1dtk,data/raw/decoy_cache/decoys_r_us/lmds/dd/multiple/lmds/doc/pdb_orig/1dtk.pdb,data/raw/decoy_cache/decoys_r_us/lmds/dd/multiple/lmds/1dtk/1dtk.10334.pdb
lmds,1dtk,data/raw/decoy_cache/decoys_r_us/lmds/dd/multiple/lmds/doc/pdb_orig/1dtk.pdb,data/raw/decoy_cache/decoys_r_us/lmds/dd/multiple/lmds/1dtk/1dtk.10335.pdb
lmds,1dtk,data/raw/decoy_cache/decoys_r_us/lmds/dd/multiple/lmds/doc/pdb_orig/1dtk.pdb,data/raw/decoy_cache/decoys_r_us/lmds/dd/multiple/lmds/1dtk/1dtk.10376.pdb
lmds,1dtk,data/raw/decoy_cache/decoys_r_us/lmds/dd/multiple/lmds/doc/pdb_orig/1dtk.pdb,data/raw/decoy_cache/decoys_r_us/lmds/dd/multiple/lmds/1dtk/1dtk.10398.pdb
lmds,1dtk,data/raw/decoy_cache/decoys_r_us/lmds/dd/multiple/lmds/doc/pdb_orig/1dtk.pdb,data/raw/decoy_cache/decoys_r_us/lmds/dd/multiple/lmds/1dtk/1dtk.10557.pdb
lmds,1dtk,data/raw/decoy_cache/decoys_r_us/lmds/dd/multiple/lmds/doc/pdb_orig/1dtk.pdb,data/raw/decoy_cache/decoys_r_us/lmds/dd/multiple/lmds/1dtk/1dtk.10678.pdb
lmds,1dtk,data/raw/decoy_cache/decoys_r_us/lmds/dd/multiple/lmds/doc/pdb_orig/1dtk.pdb,data/raw/decoy_cache/decoys_r_us/lmds/dd/multiple/lmds/1dtk/1dtk.10704.pdb
lmds,1dtk,data/raw/decoy_cache/decoys_r_us/lmds/dd/multiple/lmds/doc/pdb_orig/1dtk.pdb,data/raw/decoy_cache/decoys_r_us/lmds/dd/multiple/lmds/1dtk/1dtk.10780.pdb
lmds,1dtk,data/raw/decoy_cache/decoys_r_us/lmds/dd/multiple/lmds/doc/pdb_orig/1dtk.pdb,data/raw/decoy_cache/decoys_r_us/lmds/dd/multiple/lmds/1dtk/1dtk.10794.pdb
lmds,1dtk,data/raw/decoy_cache/decoys_r_us/lmds/dd/multiple/lmds/doc/pdb_orig/1dtk.pdb,data/raw/decoy_cache/decoys_r_us/lmds/dd/multiple/lmds/1dtk/1dtk.10874.pdb
lmds,1dtk,data/raw/decoy_cache/decoys_r_us/lmds/dd/multiple/lmds/doc/pdb_orig/1dtk.pdb,data/raw/decoy_cache/decoys_r_us/lmds/dd/multiple/lmds/1dtk/1dtk.10879.pdb
lmds,1dtk,data/raw/decoy_cache/decoys_r_us/lmds/dd/multiple/lmds/doc/pdb_orig/1dtk.pdb,data/raw/decoy_cache/decoys_r_us/lmds/dd/multiple/lmds/1dtk/1dtk.10943.pdb
lmds,1dtk,data/raw/decoy_cache/decoys_r_us/lmds/dd/multiple/lmds/doc/pdb_orig/1dtk.pdb,data/raw/decoy_cache/decoys_r_us/lmds/dd/multiple/lmds/1dtk/1dtk.11221.pdb
lmds,1dtk,data/raw/decoy_cache/decoys_r_us/lmds/dd/multiple/lmds/doc/pdb_orig/1dtk.pdb,data/raw/decoy_cache/decoys_r_us/lmds/dd/multiple/lmds/1dtk/1dtk.11223.pdb
lmds,1dtk,data/raw/decoy_cache/decoys_r_us/lmds/dd/multiple/lmds/doc/pdb_orig/1dtk.pdb,data/raw/decoy_cache/decoys_r_us/lmds/dd/multiple/lmds/1dtk/1dtk.11343.pdb
lmds,1dtk,data/raw/decoy_cache/decoys_r_us/lmds/dd/multiple/lmds/doc/pdb_orig/1dtk.pdb,data/raw/decoy_cache/decoys_r_us/lmds/dd/multiple/lmds/1dtk/1dtk.11381.pdb
lmds,1dtk,data/raw/decoy_cache/decoys_r_us/lmds/dd/multiple/lmds/doc/pdb_orig/1dtk.pdb,data/raw/decoy_cache/decoys_r_us/lmds/dd/multiple/lmds/1dtk/1dtk.11402.pdb
lmds,1dtk,data/raw/decoy_cache/decoys_r_us/lmds/dd/multiple/lmds/doc/pdb_orig/1dtk.pdb,data/raw/decoy_cache/decoys_r_us/lmds/dd/multiple/lmds/1dtk/1dtk.11410.pdb
lmds,1dtk,data/raw/decoy_cache/decoys_r_us/lmds/dd/multiple/lmds/doc/pdb_orig/1dtk.pdb,data/raw/decoy_cache/decoys_r_us/lmds/dd/multiple/lmds/1dtk/1dtk.11415.pdb
lmds,1dtk,data/raw/decoy_cache/decoys_r_us/lmds/dd/multiple/lmds/doc/pdb_orig/1dtk.pdb,data/raw/decoy_cache/decoys_r_us/lmds/dd/multiple/lmds/1dtk/1dtk.11430.pdb
lmds,1dtk,data/raw/decoy_cache/decoys_r_us/lmds/dd/multiple/lmds/doc/pdb_orig/1dtk.pdb,data/raw/decoy_cache/decoys_r_us/lmds/dd/multiple/lmds/1dtk/1dtk.11526.pdb
lmds,1dtk,data/raw/decoy_cache/decoys_r_us/lmds/dd/multiple/lmds/doc/pdb_orig/1dtk.pdb,data/raw/decoy_cache/decoys_r_us/lmds/dd/multiple/lmds/1dtk/1dtk.11530.pdb
lmds,1dtk,data/raw/decoy_cache/decoys_r_us/lmds/dd/multiple/lmds/doc/pdb_orig/1dtk.pdb,data/raw/decoy_cache/decoys_r_us/lmds/dd/multiple/lmds/1dtk/1dtk.11656.pdb
lmds,1dtk,data/raw/decoy_cache/decoys_r_us/lmds/dd/multiple/lmds/doc/pdb_orig/1dtk.pdb,data/raw/decoy_cache/decoys_r_us/lmds/dd/multiple/lmds/1dtk/1dtk.11713.pdb
lmds,1dtk,data/raw/decoy_cache/decoys_r_us/lmds/dd/multiple/lmds/doc/pdb_orig/1dtk.pdb,data/raw/decoy_cache/decoys_r_us/lmds/dd/multiple/lmds/1dtk/1dtk.11767.pdb
lmds,1dtk,data/raw/decoy_cache/decoys_r_us/lmds/dd/multiple/lmds/doc/pdb_orig/1dtk.pdb,data/raw/decoy_cache/decoys_r_us/lmds/dd/multiple/lmds/1dtk/1dtk.11821.pdb
lmds,1dtk,data/raw/decoy_cache/decoys_r_us/lmds/dd/multiple/lmds/doc/pdb_orig/1dtk.pdb,data/raw/decoy_cache/decoys_r_us/lmds/dd/multiple/lmds/1dtk/1dtk.11894.pdb
lmds,1dtk,data/raw/decoy_cache/decoys_r_us/lmds/dd/multiple/lmds/doc/pdb_orig/1dtk.pdb,data/raw/decoy_cache/decoys_r_us/lmds/dd/multiple/lmds/1dtk/1dtk.11897.pdb
lmds,1dtk,data/raw/decoy_cache/decoys_r_us/lmds/dd/multiple/lmds/doc/pdb_orig/1dtk.pdb,data/raw/decoy_cache/decoys_r_us/lmds/dd/multiple/lmds/1dtk/1dtk.11910.pdb
lmds,1dtk,data/raw/decoy_cache/decoys_r_us/lmds/dd/multiple/lmds/doc/pdb_orig/1dtk.pdb,data/raw/decoy_cache/decoys_r_us/lmds/dd/multiple/lmds/1dtk/1dtk.11953.pdb
lmds,1dtk,data/raw/decoy_cache/decoys_r_us/lmds/dd/multiple/lmds/doc/pdb_orig/1dtk.pdb,data/raw/decoy_cache/decoys_r_us/lmds/dd/multiple/lmds/1dtk/1dtk.11971.pdb
lmds,1dtk,data/raw/decoy_cache/decoys_r_us/lmds/dd/multiple/lmds/doc/pdb_orig/1dtk.pdb,data/raw/decoy_cache/decoys_r_us/lmds/dd/multiple/lmds/1dtk/1dtk.12035.pdb
lmds,1dtk,data/raw/decoy_cache/decoys_r_us/lmds/dd/multiple/lmds/doc/pdb_orig/1dtk.pdb,data/raw/decoy_cache/decoys_r_us/lmds/dd/multiple/lmds/1dtk/1dtk.12052.pdb
lmds,1dtk,data/raw/decoy_cache/decoys_r_us/lmds/dd/multiple/lmds/doc/pdb_orig/1dtk.pdb,data/raw/decoy_cache/decoys_r_us/lmds/dd/multiple/lmds/1dtk/1dtk.12067.pdb
lmds,1dtk,data/raw/decoy_cache/decoys_r_us/lmds/dd/multiple/lmds/doc/pdb_orig/1dtk.pdb,data/raw/decoy_cache/decoys_r_us/lmds/dd/multiple/lmds/1dtk/1dtk.12127.pdb
lmds,1dtk,data/raw/decoy_cache/decoys_r_us/lmds/dd/multiple/lmds/doc/pdb_orig/1dtk.pdb,data/raw/decoy_cache/decoys_r_us/lmds/dd/multiple/lmds/1dtk/1dtk.12136.pdb
lmds,1dtk,data/raw/decoy_cache/decoys_r_us/lmds/dd/multiple/lmds/doc/pdb_orig/1dtk.pdb,data/raw/decoy_cache/decoys_r_us/lmds/dd/multiple/lmds/1dtk/1dtk.12194.pdb
lmds,1dtk,data/raw/decoy_cache/decoys_r_us/lmds/dd/multiple/lmds/doc/pdb_orig/1dtk.pdb,data/raw/decoy_cache/decoys_r_us/lmds/dd/multiple/lmds/1dtk/1dtk.12229.pdb
lmds,1dtk,data/raw/decoy_cache/decoys_r_us/lmds/dd/multiple/lmds/doc/pdb_orig/1dtk.pdb,data/raw/decoy_cache/decoys_r_us/lmds/dd/multiple/lmds/1dtk/1dtk.12269.pdb
lmds,1dtk,data/raw/decoy_cache/decoys_r_us/lmds/dd/multiple/lmds/doc/pdb_orig/1dtk.pdb,data/raw/decoy_cache/decoys_r_us/lmds/dd/multiple/lmds/1dtk/1dtk.12376.pdb
lmds,1dtk,data/raw/decoy_cache/decoys_r_us/lmds/dd/multiple/lmds/doc/pdb_orig/1dtk.pdb,data/raw/decoy_cache/decoys_r_us/lmds/dd/multiple/lmds/1dtk/1dtk.12381.pdb
lmds,1dtk,data/raw/decoy_cache/decoys_r_us/lmds/dd/multiple/lmds/doc/pdb_orig/1dtk.pdb,data/raw/decoy_cache/decoys_r_us/lmds/dd/multiple/lmds/1dtk/1dtk.12385.pdb
lmds,1dtk,data/raw/decoy_cache/decoys_r_us/lmds/dd/multiple/lmds/doc/pdb_orig/1dtk.pdb,data/raw/decoy_cache/decoys_r_us/lmds/dd/multiple/lmds/1dtk/1dtk.12390.pdb
lmds,1dtk,data/raw/decoy_cache/decoys_r_us/lmds/dd/multiple/lmds/doc/pdb_orig/1dtk.pdb,data/raw/decoy_cache/decoys_r_us/lmds/dd/multiple/lmds/1dtk/1dtk.12396.pdb
lmds,1dtk,data/raw/decoy_cache/decoys_r_us/lmds/dd/multiple/lmds/doc/pdb_orig/1dtk.pdb,data/raw/decoy_cache/decoys_r_us/lmds/dd/multiple/lmds/1dtk/1dtk.12418.pdb
lmds,1dtk,data/raw/decoy_cache/decoys_r_us/lmds/dd/multiple/lmds/doc/pdb_orig/1dtk.pdb,data/raw/decoy_cache/decoys_r_us/lmds/dd/multiple/lmds/1dtk/1dtk.20003.pdb
lmds,1dtk,data/raw/decoy_cache/decoys_r_us/lmds/dd/multiple/lmds/doc/pdb_orig/1dtk.pdb,data/raw/decoy_cache/decoys_r_us/lmds/dd/multiple/lmds/1dtk/1dtk.20025.pdb
lmds,1dtk,data/raw/decoy_cache/decoys_r_us/lmds/dd/multiple/lmds/doc/pdb_orig/1dtk.pdb,data/raw/decoy_cache/decoys_r_us/lmds/dd/multiple/lmds/1dtk/1dtk.20028.pdb
lmds,1dtk,data/raw/decoy_cache/decoys_r_us/lmds/dd/multiple/lmds/doc/pdb_orig/1dtk.pdb,data/raw/decoy_cache/decoys_r_us/lmds/dd/multiple/lmds/1dtk/1dtk.20046.pdb
lmds,1dtk,data/raw/decoy_cache/decoys_r_us/lmds/dd/multiple/lmds/doc/pdb_orig/1dtk.pdb,data/raw/decoy_cache/decoys_r_us/lmds/dd/multiple/lmds/1dtk/1dtk.20120.pdb
lmds,1dtk,data/raw/decoy_cache/decoys_r_us/lmds/dd/multiple/lmds/doc/pdb_orig/1dtk.pdb,data/raw/decoy_cache/decoys_r_us/lmds/dd/multiple/lmds/1dtk/1dtk.20216.pdb
lmds,1dtk,data/raw/decoy_cache/decoys_r_us/lmds/dd/multiple/lmds/doc/pdb_orig/1dtk.pdb,data/raw/decoy_cache/decoys_r_us/lmds/dd/multiple/lmds/1dtk/1dtk.20237.pdb
lmds,1dtk,data/raw/decoy_cache/decoys_r_us/lmds/dd/multiple/lmds/doc/pdb_orig/1dtk.pdb,data/raw/decoy_cache/decoys_r_us/lmds/dd/multiple/lmds/1dtk/1dtk.20275.pdb
lmds,1dtk,data/raw/decoy_cache/decoys_r_us/lmds/dd/multiple/lmds/doc/pdb_orig/1dtk.pdb,data/raw/decoy_cache/decoys_r_us/lmds/dd/multiple/lmds/1dtk/1dtk.20288.pdb
lmds,1dtk,data/raw/decoy_cache/decoys_r_us/lmds/dd/multiple/lmds/doc/pdb_orig/1dtk.pdb,data/raw/decoy_cache/decoys_r_us/lmds/dd/multiple/lmds/1dtk/1dtk.20356.pdb
lmds,1dtk,data/raw/decoy_cache/decoys_r_us/lmds/dd/multiple/lmds/doc/pdb_orig/1dtk.pdb,data/raw/decoy_cache/decoys_r_us/lmds/dd/multiple/lmds/1dtk/1dtk.20419.pdb
lmds,1dtk,data/raw/decoy_cache/decoys_r_us/lmds/dd/multiple/lmds/doc/pdb_orig/1dtk.pdb,data/raw/decoy_cache/decoys_r_us/lmds/dd/multiple/lmds/1dtk/1dtk.20435.pdb
lmds,1dtk,data/raw/decoy_cache/decoys_r_us/lmds/dd/multiple/lmds/doc/pdb_orig/1dtk.pdb,data/raw/decoy_cache/decoys_r_us/lmds/dd/multiple/lmds/1dtk/1dtk.20450.pdb
lmds,1dtk,data/raw/decoy_cache/decoys_r_us/lmds/dd/multiple/lmds/doc/pdb_orig/1dtk.pdb,data/raw/decoy_cache/decoys_r_us/lmds/dd/multiple/lmds/1dtk/1dtk.20483.pdb
lmds,1dtk,data/raw/decoy_cache/decoys_r_us/lmds/dd/multiple/lmds/doc/pdb_orig/1dtk.pdb,data/raw/decoy_cache/decoys_r_us/lmds/dd/multiple/lmds/1dtk/1dtk.20494.pdb
lmds,1dtk,data/raw/decoy_cache/decoys_r_us/lmds/dd/multiple/lmds/doc/pdb_orig/1dtk.pdb,data/raw/decoy_cache/decoys_r_us/lmds/dd/multiple/lmds/1dtk/1dtk.20499.pdb
lmds,1dtk,data/raw/decoy_cache/decoys_r_us/lmds/dd/multiple/lmds/doc/pdb_orig/1dtk.pdb,data/raw/decoy_cache/decoys_r_us/lmds/dd/multiple/lmds/1dtk/1dtk.20572.pdb
lmds,1dtk,data/raw/decoy_cache/decoys_r_us/lmds/dd/multiple/lmds/doc/pdb_orig/1dtk.pdb,data/raw/decoy_cache/decoys_r_us/lmds/dd/multiple/lmds/1dtk/1dtk.20579.pdb
lmds,1dtk,data/raw/decoy_cache/decoys_r_us/lmds/dd/multiple/lmds/doc/pdb_orig/1dtk.pdb,data/raw/decoy_cache/decoys_r_us/lmds/dd/multiple/lmds/1dtk/1dtk.20590.pdb
lmds,1dtk,data/raw/decoy_cache/decoys_r_us/lmds/dd/multiple/lmds/doc/pdb_orig/1dtk.pdb,data/raw/decoy_cache/decoys_r_us/lmds/dd/multiple/lmds/1dtk/1dtk.25067.pdb
lmds,1dtk,data/raw/decoy_cache/decoys_r_us/lmds/dd/multiple/lmds/doc/pdb_orig/1dtk.pdb,data/raw/decoy_cache/decoys_r_us/lmds/dd/multiple/lmds/1dtk/1dtk.25085.pdb
lmds,1dtk,data/raw/decoy_cache/decoys_r_us/lmds/dd/multiple/lmds/doc/pdb_orig/1dtk.pdb,data/raw/decoy_cache/decoys_r_us/lmds/dd/multiple/lmds/1dtk/1dtk.25122.pdb
lmds,1dtk,data/raw/decoy_cache/decoys_r_us/lmds/dd/multiple/lmds/doc/pdb_orig/1dtk.pdb,data/raw/decoy_cache/decoys_r_us/lmds/dd/multiple/lmds/1dtk/1dtk.25212.pdb
lmds,1dtk,data/raw/decoy_cache/decoys_r_us/lmds/dd/multiple/lmds/doc/pdb_orig/1dtk.pdb,data/raw/decoy_cache/decoys_r_us/lmds/dd/multiple/lmds/1dtk/1dtk.25231.pdb
lmds,1dtk,data/raw/decoy_cache/decoys_r_us/lmds/dd/multiple/lmds/doc/pdb_orig/1dtk.pdb,data/raw/decoy_cache/decoys_r_us/lmds/dd/multiple/lmds/1dtk/1dtk.25241.pdb
lmds,1dtk,data/raw/decoy_cache/decoys_r_us/lmds/dd/multiple/lmds/doc/pdb_orig/1dtk.pdb,data/raw/decoy_cache/decoys_r_us/lmds/dd/multiple/lmds/1dtk/1dtk.25289.pdb
lmds,1dtk,data/raw/decoy_cache/decoys_r_us/lmds/dd/multiple/lmds/doc/pdb_orig/1dtk.pdb,data/raw/decoy_cache/decoys_r_us/lmds/dd/multiple/lmds/1dtk/1dtk.25337.pdb
lmds,1dtk,data/raw/decoy_cache/decoys_r_us/lmds/dd/multiple/lmds/doc/pdb_orig/1dtk.pdb,data/raw/decoy_cache/decoys_r_us/lmds/dd/multiple/lmds/1dtk/1dtk.25423.pdb
lmds,1dtk,data/raw/decoy_cache/decoys_r_us/lmds/dd/multiple/lmds/doc/pdb_orig/1dtk.pdb,data/raw/decoy_cache/decoys_r_us/lmds/dd/multiple/lmds/1dtk/1dtk.25560.pdb
lmds,1dtk,data/raw/decoy_cache/decoys_r_us/lmds/dd/multiple/lmds/doc/pdb_orig/1dtk.pdb,data/raw/decoy_cache/decoys_r_us/lmds/dd/multiple/lmds/1dtk/1dtk.25576.pdb
lmds,1dtk,data/raw/decoy_cache/decoys_r_us/lmds/dd/multiple/lmds/doc/pdb_orig/1dtk.pdb,data/raw/decoy_cache/decoys_r_us/lmds/dd/multiple/lmds/1dtk/1dtk.25697.pdb
lmds,1dtk,data/raw/decoy_cache/decoys_r_us/lmds/dd/multiple/lmds/doc/pdb_orig/1dtk.pdb,data/raw/decoy_cache/decoys_r_us/lmds/dd/multiple/lmds/1dtk/1dtk.30003.pdb
lmds,1dtk,data/raw/decoy_cache/decoys_r_us/lmds/dd/multiple/lmds/doc/pdb_orig/1dtk.pdb,data/raw/decoy_cache/decoys_r_us/lmds/dd/multiple/lmds/1dtk/1dtk.30013.pdb
lmds,1dtk,data/raw/decoy_cache/decoys_r_us/lmds/dd/multiple/lmds/doc/pdb_orig/1dtk.pdb,data/raw/decoy_cache/decoys_r_us/lmds/dd/multiple/lmds/1dtk/1dtk.30062.pdb
lmds,1dtk,data/raw/decoy_cache/decoys_r_us/lmds/dd/multiple/lmds/doc/pdb_orig/1dtk.pdb,data/raw/decoy_cache/decoys_r_us/lmds/dd/multiple/lmds/1dtk/1dtk.30067.pdb
lmds,1dtk,data/raw/decoy_cache/decoys_r_us/lmds/dd/multiple/lmds/doc/pdb_orig/1dtk.pdb,data/raw/decoy_cache/decoys_r_us/lmds/dd/multiple/lmds/1dtk/1dtk.30112.pdb
lmds,1dtk,data/raw/decoy_cache/decoys_r_us/lmds/dd/multiple/lmds/doc/pdb_orig/1dtk.pdb,data/raw/decoy_cache/decoys_r_us/lmds/dd/multiple/lmds/1dtk/1dtk.30143.pdb
lmds,1dtk,data/raw/decoy_cache/decoys_r_us/lmds/dd/multiple/lmds/doc/pdb_orig/1dtk.pdb,data/raw/decoy_cache/decoys_r_us/lmds/dd/multiple/lmds/1dtk/1dtk.30147.pdb
lmds,1dtk,data/raw/decoy_cache/decoys_r_us/lmds/dd/multiple/lmds/doc/pdb_orig/1dtk.pdb,data/raw/decoy_cache/decoys_r_us/lmds/dd/multiple/lmds/1dtk/1dtk.30172.pdb
lmds,1dtk,data/raw/decoy_cache/decoys_r_us/lmds/dd/multiple/lmds/doc/pdb_orig/1dtk.pdb,data/raw/decoy_cache/decoys_r_us/lmds/dd/multiple/lmds/1dtk/1dtk.30191.pdb
lmds,1dtk,data/raw/decoy_cache/decoys_r_us/lmds/dd/multiple/lmds/doc/pdb_orig/1dtk.pdb,data/raw/decoy_cache/decoys_r_us/lmds/dd/multiple/lmds/1dtk/1dtk.30199.pdb
lmds,1dtk,data/raw/decoy_cache/decoys_r_us/lmds/dd/multiple/lmds/doc/pdb_orig/1dtk.pdb,data/raw/decoy_cache/decoys_r_us/lmds/dd/multiple/lmds/1dtk/1dtk.30289.pdb
lmds,1dtk,data/raw/decoy_cache/decoys_r_us/lmds/dd/multiple/lmds/doc/pdb_orig/1dtk.pdb,data/raw/decoy_cache/decoys_r_us/lmds/dd/multiple/lmds/1dtk/1dtk.30321.pdb
lmds,1dtk,data/raw/decoy_cache/decoys_r_us/lmds/dd/multiple/lmds/doc/pdb_orig/1dtk.pdb,data/raw/decoy_cache/decoys_r_us/lmds/dd/multiple/lmds/1dtk/1dtk.30366.pdb
lmds,1dtk,data/raw/decoy_cache/decoys_r_us/lmds/dd/multiple/lmds/doc/pdb_orig/1dtk.pdb,data/raw/decoy_cache/decoys_r_us/lmds/dd/multiple/lmds/1dtk/1dtk.30409.pdb
lmds,1dtk,data/raw/decoy_cache/decoys_r_us/lmds/dd/multiple/lmds/doc/pdb_orig/1dtk.pdb,data/raw/decoy_cache/decoys_r_us/lmds/dd/multiple/lmds/1dtk/1dtk.30599.pdb
lmds,1dtk,data/raw/decoy_cache/decoys_r_us/lmds/dd/multiple/lmds/doc/pdb_orig/1dtk.pdb,data/raw/decoy_cache/decoys_r_us/lmds/dd/multiple/lmds/1dtk/1dtk.30709.pdb
lmds,1dtk,data/raw/decoy_cache/decoys_r_us/lmds/dd/multiple/lmds/doc/pdb_orig/1dtk.pdb,data/raw/decoy_cache/decoys_r_us/lmds/dd/multiple/lmds/1dtk/1dtk.30812.pdb
lmds,1dtk,data/raw/decoy_cache/decoys_r_us/lmds/dd/multiple/lmds/doc/pdb_orig/1dtk.pdb,data/raw/decoy_cache/decoys_r_us/lmds/dd/multiple/lmds/1dtk/1dtk.30876.pdb
lmds,1dtk,data/raw/decoy_cache/decoys_r_us/lmds/dd/multiple/lmds/doc/pdb_orig/1dtk.pdb,data/raw/decoy_cache/decoys_r_us/lmds/dd/multiple/lmds/1dtk/1dtk.30890.pdb
lmds,1dtk,data/raw/decoy_cache/decoys_r_us/lmds/dd/multiple/lmds/doc/pdb_orig/1dtk.pdb,data/raw/decoy_cache/decoys_r_us/lmds/dd/multiple/lmds/1dtk/1dtk.30931.pdb
lmds,1dtk,data/raw/decoy_cache/decoys_r_us/lmds/dd/multiple/lmds/doc/pdb_orig/1dtk.pdb,data/raw/decoy_cache/decoys_r_us/lmds/dd/multiple/lmds/1dtk/1dtk.30964.pdb
lmds,1dtk,data/raw/decoy_cache/decoys_r_us/lmds/dd/multiple/lmds/doc/pdb_orig/1dtk.pdb,data/raw/decoy_cache/decoys_r_us/lmds/dd/multiple/lmds/1dtk/1dtk.30966.pdb
lmds,1dtk,data/raw/decoy_cache/decoys_r_us/lmds/dd/multiple/lmds/doc/pdb_orig/1dtk.pdb,data/raw/decoy_cache/decoys_r_us/lmds/dd/multiple/lmds/1dtk/1dtk.30976.pdb
lmds,1dtk,data/raw/decoy_cache/decoys_r_us/lmds/dd/multiple/lmds/doc/pdb_orig/1dtk.pdb,data/raw/decoy_cache/decoys_r_us/lmds/dd/multiple/lmds/1dtk/1dtk.31022.pdb
lmds,1dtk,data/raw/decoy_cache/decoys_r_us/lmds/dd/multiple/lmds/doc/pdb_orig/1dtk.pdb,data/raw/decoy_cache/decoys_r_us/lmds/dd/multiple/lmds/1dtk/1dtk.31067.pdb
lmds,1dtk,data/raw/decoy_cache/decoys_r_us/lmds/dd/multiple/lmds/doc/pdb_orig/1dtk.pdb,data/raw/decoy_cache/decoys_r_us/lmds/dd/multiple/lmds/1dtk/1dtk.31157.pdb
lmds,1dtk,data/raw/decoy_cache/decoys_r_us/lmds/dd/multiple/lmds/doc/pdb_orig/1dtk.pdb,data/raw/decoy_cache/decoys_r_us/lmds/dd/multiple/lmds/1dtk/1dtk.31167.pdb
lmds,1dtk,data/raw/decoy_cache/decoys_r_us/lmds/dd/multiple/lmds/doc/pdb_orig/1dtk.pdb,data/raw/decoy_cache/decoys_r_us/lmds/dd/multiple/lmds/1dtk/1dtk.31195.pdb
lmds,1dtk,data/raw/decoy_cache/decoys_r_us/lmds/dd/multiple/lmds/doc/pdb_orig/1dtk.pdb,data/raw/decoy_cache/decoys_r_us/lmds/dd/multiple/lmds/1dtk/1dtk.31313.pdb
lmds,1dtk,data/raw/decoy_cache/decoys_r_us/lmds/dd/multiple/lmds/doc/pdb_orig/1dtk.pdb,data/raw/decoy_cache/decoys_r_us/lmds/dd/multiple/lmds/1dtk/1dtk.31314.pdb
lmds,1dtk,data/raw/decoy_cache/decoys_r_us/lmds/dd/multiple/lmds/doc/pdb_orig/1dtk.pdb,data/raw/decoy_cache/decoys_r_us/lmds/dd/multiple/lmds/1dtk/1dtk.31365.pdb
lmds,1dtk,data/raw/decoy_cache/decoys_r_us/lmds/dd/multiple/lmds/doc/pdb_orig/1dtk.pdb,data/raw/decoy_cache/decoys_r_us/lmds/dd/multiple/lmds/1dtk/1dtk.31366.pdb
lmds,1dtk,data/raw/decoy_cache/decoys_r_us/lmds/dd/multiple/lmds/doc/pdb_orig/1dtk.pdb,data/raw/decoy_cache/decoys_r_us/lmds/dd/multiple/lmds/1dtk/1dtk.31419.pdb
lmds,1dtk,data/raw/decoy_cache/decoys_r_us/lmds/dd/multiple/lmds/doc/pdb_orig/1dtk.pdb,data/raw/decoy_cache/decoys_r_us/lmds/dd/multiple/lmds/1dtk/1dtk.31459.pdb
lmds,1dtk,data/raw/decoy_cache/decoys_r_us/lmds/dd/multiple/lmds/doc/pdb_orig/1dtk.pdb,data/raw/decoy_cache/decoys_r_us/lmds/dd/multiple/lmds/1dtk/1dtk.31461.pdb
lmds,1dtk,data/raw/decoy_cache/decoys_r_us/lmds/dd/multiple/lmds/doc/pdb_orig/1dtk.pdb,data/raw/decoy_cache/decoys_r_us/lmds/dd/multiple/lmds/1dtk/1dtk.31475.pdb
lmds,1dtk,data/raw/decoy_cache/decoys_r_us/lmds/dd/multiple/lmds/doc/pdb_orig/1dtk.pdb,data/raw/decoy_cache/decoys_r_us/lmds/dd/multiple/lmds/1dtk/1dtk.35073.pdb
lmds,1dtk,data/raw/decoy_cache/decoys_r_us/lmds/dd/multiple/lmds/doc/pdb_orig/1dtk.pdb,data/raw/decoy_cache/decoys_r_us/lmds/dd/multiple/lmds/1dtk/1dtk.35123.pdb
lmds,1dtk,data/raw/decoy_cache/decoys_r_us/lmds/dd/multiple/lmds/doc/pdb_orig/1dtk.pdb,data/raw/decoy_cache/decoys_r_us/lmds/dd/multiple/lmds/1dtk/1dtk.35184.pdb
lmds,1dtk,data/raw/decoy_cache/decoys_r_us/lmds/dd/multiple/lmds/doc/pdb_orig/1dtk.pdb,data/raw/decoy_cache/decoys_r_us/lmds/dd/multiple/lmds/1dtk/1dtk.35188.pdb
lmds,1dtk,data/raw/decoy_cache/decoys_r_us/lmds/dd/multiple/lmds/doc/pdb_orig/1dtk.pdb,data/raw/decoy_cache/decoys_r_us/lmds/dd/multiple/lmds/1dtk/1dtk.35217.pdb
lmds,1dtk,data/raw/decoy_cache/decoys_r_us/lmds/dd/multiple/lmds/doc/pdb_orig/1dtk.pdb,data/raw/decoy_cache/decoys_r_us/lmds/dd/multiple/lmds/1dtk/1dtk.35287.pdb
lmds,1dtk,data/raw/decoy_cache/decoys_r_us/lmds/dd/multiple/lmds/doc/pdb_orig/1dtk.pdb,data/raw/decoy_cache/decoys_r_us/lmds/dd/multiple/lmds/1dtk/1dtk.35375.pdb
lmds,1dtk,data/raw/decoy_cache/decoys_r_us/lmds/dd/multiple/lmds/doc/pdb_orig/1dtk.pdb,data/raw/decoy_cache/decoys_r_us/lmds/dd/multiple/lmds/1dtk/1dtk.35388.pdb
lmds,1dtk,data/raw/decoy_cache/decoys_r_us/lmds/dd/multiple/lmds/doc/pdb_orig/1dtk.pdb,data/raw/decoy_cache/decoys_r_us/lmds/dd/multiple/lmds/1dtk/1dtk.35391.pdb
lmds,1dtk,data/raw/decoy_cache/decoys_r_us/lmds/dd/multiple/lmds/doc/pdb_orig/1dtk.pdb,data/raw/decoy_cache/decoys_r_us/lmds/dd/multiple/lmds/1dtk/1dtk.35422.pdb
lmds,1dtk,data/raw/decoy_cache/decoys_r_us/lmds/dd/multiple/lmds/doc/pdb_orig/1dtk.pdb,data/raw/decoy_cache/decoys_r_us/lmds/dd/multiple/lmds/1dtk/1dtk.35424.pdb
lmds,1dtk,data/raw/decoy_cache/decoys_r_us/lmds/dd/multiple/lmds/doc/pdb_orig/1dtk.pdb,data/raw/decoy_cache/decoys_r_us/lmds/dd/multiple/lmds/1dtk/1dtk.35496.pdb
lmds,1dtk,data/raw/decoy_cache/decoys_r_us/lmds/dd/multiple/lmds/doc/pdb_orig/1dtk.pdb,data/raw/decoy_cache/decoys_r_us/lmds/dd/multiple/lmds/1dtk/1dtk.35510.pdb
lmds,1dtk,data/raw/decoy_cache/decoys_r_us/lmds/dd/multiple/lmds/doc/pdb_orig/1dtk.pdb,data/raw/decoy_cache/decoys_r_us/lmds/dd/multiple/lmds/1dtk/1dtk.35542.pdb
lmds,1dtk,data/raw/decoy_cache/decoys_r_us/lmds/dd/multiple/lmds/doc/pdb_orig/1dtk.pdb,data/raw/decoy_cache/decoys_r_us/lmds/dd/multiple/lmds/1dtk/1dtk.35574.pdb
lmds,1dtk,data/raw/decoy_cache/decoys_r_us/lmds/dd/multiple/lmds/doc/pdb_orig/1dtk.pdb,data/raw/decoy_cache/decoys_r_us/lmds/dd/multiple/lmds/1dtk/1dtk.35585.pdb
lmds,1dtk,data/raw/decoy_cache/decoys_r_us/lmds/dd/multiple/lmds/doc/pdb_orig/1dtk.pdb,data/raw/decoy_cache/decoys_r_us/lmds/dd/multiple/lmds/1dtk/1dtk.35591.pdb
lmds,1dtk,data/raw/decoy_cache/decoys_r_us/lmds/dd/multiple/lmds/doc/pdb_orig/1dtk.pdb,data/raw/decoy_cache/decoys_r_us/lmds/dd/multiple/lmds/1dtk/1dtk.35592.pdb
lmds,1dtk,data/raw/decoy_cache/decoys_r_us/lmds/dd/multiple/lmds/doc/pdb_orig/1dtk.pdb,data/raw/decoy_cache/decoys_r_us/lmds/dd/multiple/lmds/1dtk/1dtk.35599.pdb
lmds,1dtk,data/raw/decoy_cache/decoys_r_us/lmds/dd/multiple/lmds/doc/pdb_orig/1dtk.pdb,data/raw/decoy_cache/decoys_r_us/lmds/dd/multiple/lmds/1dtk/1dtk.35643.pdb
lmds,1dtk,data/raw/decoy_cache/decoys_r_us/lmds/dd/multiple/lmds/doc/pdb_orig/1dtk.pdb,data/raw/decoy_cache/decoys_r_us/lmds/dd/multiple/lmds/1dtk/1dtk.35645.pdb
lmds,1dtk,data/raw/decoy_cache/decoys_r_us/lmds/dd/multiple/lmds/doc/pdb_orig/1dtk.pdb,data/raw/decoy_cache/decoys_r_us/lmds/dd/multiple/lmds/1dtk/1dtk.35661.pdb
lmds,1dtk,data/raw/decoy_cache/decoys_r_us/lmds/dd/multiple/lmds/doc/pdb_orig/1dtk.pdb,data/raw/decoy_cache/decoys_r_us/lmds/dd/multiple/lmds/1dtk/1dtk.40027.pdb
lmds,1dtk,data/raw/decoy_cache/decoys_r_us/lmds/dd/multiple/lmds/doc/pdb_orig/1dtk.pdb,data/raw/decoy_cache/decoys_r_us/lmds/dd/multiple/lmds/1dtk/1dtk.40028.pdb
lmds,1dtk,data/raw/decoy_cache/decoys_r_us/lmds/dd/multiple/lmds/doc/pdb_orig/1dtk.pdb,data/raw/decoy_cache/decoys_r_us/lmds/dd/multiple/lmds/1dtk/1dtk.40097.pdb
lmds,1dtk,data/raw/decoy_cache/decoys_r_us/lmds/dd/multiple/lmds/doc/pdb_orig/1dtk.pdb,data/raw/decoy_cache/decoys_r_us/lmds/dd/multiple/lmds/1dtk/1dtk.40131.pdb
lmds,1dtk,data/raw/decoy_cache/decoys_r_us/lmds/dd/multiple/lmds/doc/pdb_orig/1dtk.pdb,data/raw/decoy_cache/decoys_r_us/lmds/dd/multiple/lmds/1dtk/1dtk.40221.pdb
lmds,1dtk,data/raw/decoy_cache/decoys_r_us/lmds/dd/multiple/lmds/doc/pdb_orig/1dtk.pdb,data/raw/decoy_cache/decoys_r_us/lmds/dd/multiple/lmds/1dtk/1dtk.40248.pdb
lmds,1dtk,data/raw/decoy_cache/decoys_r_us/lmds/dd/multiple/lmds/doc/pdb_orig/1dtk.pdb,data/raw/decoy_cache/decoys_r_us/lmds/dd/multiple/lmds/1dtk/1dtk.40332.pdb
lmds,1dtk,data/raw/decoy_cache/decoys_r_us/lmds/dd/multiple/lmds/doc/pdb_orig/1dtk.pdb,data/raw/decoy_cache/decoys_r_us/lmds/dd/multiple/lmds/1dtk/1dtk.40361.pdb
lmds,1dtk,data/raw/decoy_cache/decoys_r_us/lmds/dd/multiple/lmds/doc/pdb_orig/1dtk.pdb,data/raw/decoy_cache/decoys_r_us/lmds/dd/multiple/lmds/1dtk/1dtk.40507.pdb
lmds,1dtk,data/raw/decoy_cache/decoys_r_us/lmds/dd/multiple/lmds/doc/pdb_orig/1dtk.pdb,data/raw/decoy_cache/decoys_r_us/lmds/dd/multiple/lmds/1dtk/1dtk.45000.pdb
lmds,1dtk,data/raw/decoy_cache/decoys_r_us/lmds/dd/multiple/lmds/doc/pdb_orig/1dtk.pdb,data/raw/decoy_cache/decoys_r_us/lmds/dd/multiple/lmds/1dtk/1dtk.45037.pdb
lmds,1dtk,data/raw/decoy_cache/decoys_r_us/lmds/dd/multiple/lmds/doc/pdb_orig/1dtk.pdb,data/raw/decoy_cache/decoys_r_us/lmds/dd/multiple/lmds/1dtk/1dtk.45051.pdb
lmds,1dtk,data/raw/decoy_cache/decoys_r_us/lmds/dd/multiple/lmds/doc/pdb_orig/1dtk.pdb,data/raw/decoy_cache/decoys_r_us/lmds/dd/multiple/lmds/1dtk/1dtk.45159.pdb
lmds,1dtk,data/raw/decoy_cache/decoys_r_us/lmds/dd/multiple/lmds/doc/pdb_orig/1dtk.pdb,data/raw/decoy_cache/decoys_r_us/lmds/dd/multiple/lmds/1dtk/1dtk.45230.pdb
lmds,1dtk,data/raw/decoy_cache/decoys_r_us/lmds/dd/multiple/lmds/doc/pdb_orig/1dtk.pdb,data/raw/decoy_cache/decoys_r_us/lmds/dd/multiple/lmds/1dtk/1dtk.45296.pdb
lmds,1dtk,data/raw/decoy_cache/decoys_r_us/lmds/dd/multiple/lmds/doc/pdb_orig/1dtk.pdb,data/raw/decoy_cache/decoys_r_us/lmds/dd/multiple/lmds/1dtk/1dtk.45346.pdb
lmds,1dtk,data/raw/decoy_cache/decoys_r_us/lmds/dd/multiple/lmds/doc/pdb_orig/1dtk.pdb,data/raw/decoy_cache/decoys_r_us/lmds/dd/multiple/lmds/1dtk/1dtk.45396.pdb
lmds,1dtk,data/raw/decoy_cache/decoys_r_us/lmds/dd/multiple/lmds/doc/pdb_orig/1dtk.pdb,data/raw/decoy_cache/decoys_r_us/lmds/dd/multiple/lmds/1dtk/1dtk.45494.pdb
lmds,1dtk,data/raw/decoy_cache/decoys_r_us/lmds/dd/multiple/lmds/doc/pdb_orig/1dtk.pdb,data/raw/decoy_cache/decoys_r_us/lmds/dd/multiple/lmds/1dtk/1dtk.45523.pdb
lmds,1dtk,data/raw/decoy_cache/decoys_r_us/lmds/dd/multiple/lmds/doc/pdb_orig/1dtk.pdb,data/raw/decoy_cache/decoys_r_us/lmds/dd/multiple/lmds/1dtk/1dtk.45611.pdb
lmds,1dtk,data/raw/decoy_cache/decoys_r_us/lmds/dd/multiple/lmds/doc/pdb_orig/1dtk.pdb,data/raw/decoy_cache/decoys_r_us/lmds/dd/multiple/lmds/1dtk/1dtk.45631.pdb
lmds,1dtk,data/raw/decoy_cache/decoys_r_us/lmds/dd/multiple/lmds/doc/pdb_orig/1dtk.pdb,data/raw/decoy_cache/decoys_r_us/lmds/dd/multiple/lmds/1dtk/1dtk.45654.pdb
lmds,1dtk,data/raw/decoy_cache/decoys_r_us/lmds/dd/multiple/lmds/doc/pdb_orig/1dtk.pdb,data/raw/decoy_cache/decoys_r_us/lmds/dd/multiple/lmds/1dtk/1dtk.45682.pdb
lmds,1dtk,data/raw/decoy_cache/decoys_r_us/lmds/dd/multiple/lmds/doc/pdb_orig/1dtk.pdb,data/raw/decoy_cache/decoys_r_us/lmds/dd/multiple/lmds/1dtk/1dtk.45684.pdb
lmds,1dtk,data/raw/decoy_cache/decoys_r_us/lmds/dd/multiple/lmds/doc/pdb_orig/1dtk.pdb,data/raw/decoy_cache/decoys_r_us/lmds/dd/multiple/lmds/1dtk/1dtk.50073.pdb
lmds,1dtk,data/raw/decoy_cache/decoys_r_us/lmds/dd/multiple/lmds/doc/pdb_orig/1dtk.pdb,data/raw/decoy_cache/decoys_r_us/lmds/dd/multiple/lmds/1dtk/1dtk.50223.pdb
lmds,1dtk,data/raw/decoy_cache/decoys_r_us/lmds/dd/multiple/lmds/doc/pdb_orig/1dtk.pdb,data/raw/decoy_cache/decoys_r_us/lmds/dd/multiple/lmds/1dtk/1dtk.50248.pdb
lmds,1dtk,data/raw/decoy_cache/decoys_r_us/lmds/dd/multiple/lmds/doc/pdb_orig/1dtk.pdb,data/raw/decoy_cache/decoys_r_us/lmds/dd/multiple/lmds/1dtk/1dtk.50300.pdb
lmds,1dtk,data/raw/decoy_cache/decoys_r_us/lmds/dd/multiple/lmds/doc/pdb_orig/1dtk.pdb,data/raw/decoy_cache/decoys_r_us/lmds/dd/multiple/lmds/1dtk/1dtk.50306.pdb
lmds,1dtk,data/raw/decoy_cache/decoys_r_us/lmds/dd/multiple/lmds/doc/pdb_orig/1dtk.pdb,data/raw/decoy_cache/decoys_r_us/lmds/dd/multiple/lmds/1dtk/1dtk.50326.pdb
lmds,1dtk,data/raw/decoy_cache/decoys_r_us/lmds/dd/multiple/lmds/doc/pdb_orig/1dtk.pdb,data/raw/decoy_cache/decoys_r_us/lmds/dd/multiple/lmds/1dtk/1dtk.50336.pdb
lmds,1dtk,data/raw/decoy_cache/decoys_r_us/lmds/dd/multiple/lmds/doc/pdb_orig/1dtk.pdb,data/raw/decoy_cache/decoys_r_us/lmds/dd/multiple/lmds/1dtk/1dtk.50342.pdb
lmds,1dtk,data/raw/decoy_cache/decoys_r_us/lmds/dd/multiple/lmds/doc/pdb_orig/1dtk.pdb,data/raw/decoy_cache/decoys_r_us/lmds/dd/multiple/lmds/1dtk/1dtk.50397.pdb
lmds,1dtk,data/raw/decoy_cache/decoys_r_us/lmds/dd/multiple/lmds/doc/pdb_orig/1dtk.pdb,data/raw/decoy_cache/decoys_r_us/lmds/dd/multiple/lmds/1dtk/1dtk.50404.pdb
lmds,1dtk,data/raw/decoy_cache/decoys_r_us/lmds/dd/multiple/lmds/doc/pdb_orig/1dtk.pdb,data/raw/decoy_cache/decoys_r_us/lmds/dd/multiple/lmds/1dtk/1dtk.50418.pdb
lmds,1dtk,data/raw/decoy_cache/decoys_r_us/lmds/dd/multiple/lmds/doc/pdb_orig/1dtk.pdb,data/raw/decoy_cache/decoys_r_us/lmds/dd/multiple/lmds/1dtk/1dtk.50527.pdb
lmds,1dtk,data/raw/decoy_cache/decoys_r_us/lmds/dd/multiple/lmds/doc/pdb_orig/1dtk.pdb,data/raw/decoy_cache/decoys_r_us/lmds/dd/multiple/lmds/1dtk/1dtk.50548.pdb
lmds,1dtk,data/raw/decoy_cache/decoys_r_us/lmds/dd/multiple/lmds/doc/pdb_orig/1dtk.pdb,data/raw/decoy_cache/decoys_r_us/lmds/dd/multiple/lmds/1dtk/1dtk.50664.pdb
lmds,1dtk,data/raw/decoy_cache/decoys_r_us/lmds/dd/multiple/lmds/doc/pdb_orig/1dtk.pdb,data/raw/decoy_cache/decoys_r_us/lmds/dd/multiple/lmds/1dtk/1dtk.50702.pdb
lmds,1dtk,data/raw/decoy_cache/decoys_r_us/lmds/dd/multiple/lmds/doc/pdb_orig/1dtk.pdb,data/raw/decoy_cache/decoys_r_us/lmds/dd/multiple/lmds/1dtk/1dtk.50728.pdb
lmds,1dtk,data/raw/decoy_cache/decoys_r_us/lmds/dd/multiple/lmds/doc/pdb_orig/1dtk.pdb,data/raw/decoy_cache/decoys_r_us/lmds/dd/multiple/lmds/1dtk/1dtk.50729.pdb
lmds,1dtk,data/raw/decoy_cache/decoys_r_us/lmds/dd/multiple/lmds/doc/pdb_orig/1dtk.pdb,data/raw/decoy_cache/decoys_r_us/lmds/dd/multiple/lmds/1dtk/1dtk.50737.pdb
lmds,1dtk,data/raw/decoy_cache/decoys_r_us/lmds/dd/multiple/lmds/doc/pdb_orig/1dtk.pdb,data/raw/decoy_cache/decoys_r_us/lmds/dd/multiple/lmds/1dtk/1dtk.5081.pdb
lmds,1dtk,data/raw/decoy_cache/decoys_r_us/lmds/dd/multiple/lmds/doc/pdb_orig/1dtk.pdb,data/raw/decoy_cache/decoys_r_us/lmds/dd/multiple/lmds/1dtk/1dtk.50967.pdb
lmds,1dtk,data/raw/decoy_cache/decoys_r_us/lmds/dd/multiple/lmds/doc/pdb_orig/1dtk.pdb,data/raw/decoy_cache/decoys_r_us/lmds/dd/multiple/lmds/1dtk/1dtk.51011.pdb
lmds,1dtk,data/raw/decoy_cache/decoys_r_us/lmds/dd/multiple/lmds/doc/pdb_orig/1dtk.pdb,data/raw/decoy_cache/decoys_r_us/lmds/dd/multiple/lmds/1dtk/1dtk.51146.pdb
lmds,1dtk,data/raw/decoy_cache/decoys_r_us/lmds/dd/multiple/lmds/doc/pdb_orig/1dtk.pdb,data/raw/decoy_cache/decoys_r_us/lmds/dd/multiple/lmds/1dtk/1dtk.5121.pdb
lmds,1dtk,data/raw/decoy_cache/decoys_r_us/lmds/dd/multiple/lmds/doc/pdb_orig/1dtk.pdb,data/raw/decoy_cache/decoys_r_us/lmds/dd/multiple/lmds/1dtk/1dtk.51252.pdb
lmds,1dtk,data/raw/decoy_cache/decoys_r_us/lmds/dd/multiple/lmds/doc/pdb_orig/1dtk.pdb,data/raw/decoy_cache/decoys_r_us/lmds/dd/multiple/lmds/1dtk/1dtk.51303.pdb
lmds,1dtk,data/raw/decoy_cache/decoys_r_us/lmds/dd/multiple/lmds/doc/pdb_orig/1dtk.pdb,data/raw/decoy_cache/decoys_r_us/lmds/dd/multiple/lmds/1dtk/1dtk.51327.pdb
lmds,1dtk,data/raw/decoy_cache/decoys_r_us/lmds/dd/multiple/lmds/doc/pdb_orig/1dtk.pdb,data/raw/decoy_cache/decoys_r_us/lmds/dd/multiple/lmds/1dtk/1dtk.5251.pdb
lmds,1dtk,data/raw/decoy_cache/decoys_r_us/lmds/dd/multiple/lmds/doc/pdb_orig/1dtk.pdb,data/raw/decoy_cache/decoys_r_us/lmds/dd/multiple/lmds/1dtk/1dtk.55035.pdb
lmds,1dtk,data/raw/decoy_cache/decoys_r_us/lmds/dd/multiple/lmds/doc/pdb_orig/1dtk.pdb,data/raw/decoy_cache/decoys_r_us/lmds/dd/multiple/lmds/1dtk/1dtk.55079.pdb
lmds,1dtk,data/raw/decoy_cache/decoys_r_us/lmds/dd/multiple/lmds/doc/pdb_orig/1dtk.pdb,data/raw/decoy_cache/decoys_r_us/lmds/dd/multiple/lmds/1dtk/1dtk.55096.pdb
lmds,1dtk,data/raw/decoy_cache/decoys_r_us/lmds/dd/multiple/lmds/doc/pdb_orig/1dtk.pdb,data/raw/decoy_cache/decoys_r_us/lmds/dd/multiple/lmds/1dtk/1dtk.55171.pdb
lmds,1dtk,data/raw/decoy_cache/decoys_r_us/lmds/dd/multiple/lmds/doc/pdb_orig/1dtk.pdb,data/raw/decoy_cache/decoys_r_us/lmds/dd/multiple/lmds/1dtk/1dtk.55172.pdb
lmds,1dtk,data/raw/decoy_cache/decoys_r_us/lmds/dd/multiple/lmds/doc/pdb_orig/1dtk.pdb,data/raw/decoy_cache/decoys_r_us/lmds/dd/multiple/lmds/1dtk/1dtk.55187.pdb
lmds,1dtk,data/raw/decoy_cache/decoys_r_us/lmds/dd/multiple/lmds/doc/pdb_orig/1dtk.pdb,data/raw/decoy_cache/decoys_r_us/lmds/dd/multiple/lmds/1dtk/1dtk.55207.pdb
lmds,1dtk,data/raw/decoy_cache/decoys_r_us/lmds/dd/multiple/lmds/doc/pdb_orig/1dtk.pdb,data/raw/decoy_cache/decoys_r_us/lmds/dd/multiple/lmds/1dtk/1dtk.55373.pdb
lmds,1dtk,data/raw/decoy_cache/decoys_r_us/lmds/dd/multiple/lmds/doc/pdb_orig/1dtk.pdb,data/raw/decoy_cache/decoys_r_us/lmds/dd/multiple/lmds/1dtk/1dtk.55389.pdb
lmds,1dtk,data/raw/decoy_cache/decoys_r_us/lmds/dd/multiple/lmds/doc/pdb_orig/1dtk.pdb,data/raw/decoy_cache/decoys_r_us/lmds/dd/multiple/lmds/1dtk/1dtk.55393.pdb
lmds,1dtk,data/raw/decoy_cache/decoys_r_us/lmds/dd/multiple/lmds/doc/pdb_orig/1dtk.pdb,data/raw/decoy_cache/decoys_r_us/lmds/dd/multiple/lmds/1dtk/1dtk.55425.pdb
lmds,1dtk,data/raw/decoy_cache/decoys_r_us/lmds/dd/multiple/lmds/doc/pdb_orig/1dtk.pdb,data/raw/decoy_cache/decoys_r_us/lmds/dd/multiple/lmds/1dtk/1dtk.55484.pdb
lmds,1dtk,data/raw/decoy_cache/decoys_r_us/lmds/dd/multiple/lmds/doc/pdb_orig/1dtk.pdb,data/raw/decoy_cache/decoys_r_us/lmds/dd/multiple/lmds/1dtk/1dtk.55563.pdb
lmds,1dtk,data/raw/decoy_cache/decoys_r_us/lmds/dd/multiple/lmds/doc/pdb_orig/1dtk.pdb,data/raw/decoy_cache/decoys_r_us/lmds/dd/multiple/lmds/1dtk/1dtk.55609.pdb
lmds,1dtk,data/raw/decoy_cache/decoys_r_us/lmds/dd/multiple/lmds/doc/pdb_orig/1dtk.pdb,data/raw/decoy_cache/decoys_r_us/lmds/dd/multiple/lmds/1dtk/1dtk.60164.pdb
lmds,1dtk,data/raw/decoy_cache/decoys_r_us/lmds/dd/multiple/lmds/doc/pdb_orig/1dtk.pdb,data/raw/decoy_cache/decoys_r_us/lmds/dd/multiple/lmds/1dtk/1dtk.60239.pdb
lmds,1dtk,data/raw/decoy_cache/decoys_r_us/lmds/dd/multiple/lmds/doc/pdb_orig/1dtk.pdb,data/raw/decoy_cache/decoys_r_us/lmds/dd/multiple/lmds/1dtk/1dtk.pdb
lmds,1fc2,data/raw/decoy_cache/decoys_r_us/lmds/dd/multiple/lmds/doc/pdb_orig/1fc2.pdb,data/raw/decoy_cache/decoys_r_us/lmds/dd/multiple/lmds/1fc2/1fc2.10009.pdb
lmds,1fc2,data/raw/decoy_cache/decoys_r_us/lmds/dd/multiple/lmds/doc/pdb_orig/1fc2.pdb,data/raw/decoy_cache/decoys_r_us/lmds/dd/multiple/lmds/1fc2/1fc2.10037.pdb
lmds,1fc2,data/raw/decoy_cache/decoys_r_us/lmds/dd/multiple/lmds/doc/pdb_orig/1fc2.pdb,data/raw/decoy_cache/decoys_r_us/lmds/dd/multiple/lmds/1fc2/1fc2.10064.pdb
lmds,1fc2,data/raw/decoy_cache/decoys_r_us/lmds/dd/multiple/lmds/doc/pdb_orig/1fc2.pdb,data/raw/decoy_cache/decoys_r_us/lmds/dd/multiple/lmds/1fc2/1fc2.10183.pdb
lmds,1fc2,data/raw/decoy_cache/decoys_r_us/lmds/dd/multiple/lmds/doc/pdb_orig/1fc2.pdb,data/raw/decoy_cache/decoys_r_us/lmds/dd/multiple/lmds/1fc2/1fc2.10197.pdb
lmds,1fc2,data/raw/decoy_cache/decoys_r_us/lmds/dd/multiple/lmds/doc/pdb_orig/1fc2.pdb,data/raw/decoy_cache/decoys_r_us/lmds/dd/multiple/lmds/1fc2/1fc2.10388.pdb
lmds,1fc2,data/raw/decoy_cache/decoys_r_us/lmds/dd/multiple/lmds/doc/pdb_orig/1fc2.pdb,data/raw/decoy_cache/decoys_r_us/lmds/dd/multiple/lmds/1fc2/1fc2.10406.pdb
lmds,1fc2,data/raw/decoy_cache/decoys_r_us/lmds/dd/multiple/lmds/doc/pdb_orig/1fc2.pdb,data/raw/decoy_cache/decoys_r_us/lmds/dd/multiple/lmds/1fc2/1fc2.10424.pdb
lmds,1fc2,data/raw/decoy_cache/decoys_r_us/lmds/dd/multiple/lmds/doc/pdb_orig/1fc2.pdb,data/raw/decoy_cache/decoys_r_us/lmds/dd/multiple/lmds/1fc2/1fc2.10433.pdb
lmds,1fc2,data/raw/decoy_cache/decoys_r_us/lmds/dd/multiple/lmds/doc/pdb_orig/1fc2.pdb,data/raw/decoy_cache/decoys_r_us/lmds/dd/multiple/lmds/1fc2/1fc2.10503.pdb
lmds,1fc2,data/raw/decoy_cache/decoys_r_us/lmds/dd/multiple/lmds/doc/pdb_orig/1fc2.pdb,data/raw/decoy_cache/decoys_r_us/lmds/dd/multiple/lmds/1fc2/1fc2.10518.pdb
lmds,1fc2,data/raw/decoy_cache/decoys_r_us/lmds/dd/multiple/lmds/doc/pdb_orig/1fc2.pdb,data/raw/decoy_cache/decoys_r_us/lmds/dd/multiple/lmds/1fc2/1fc2.10541.pdb
lmds,1fc2,data/raw/decoy_cache/decoys_r_us/lmds/dd/multiple/lmds/doc/pdb_orig/1fc2.pdb,data/raw/decoy_cache/decoys_r_us/lmds/dd/multiple/lmds/1fc2/1fc2.10558.pdb
lmds,1fc2,data/raw/decoy_cache/decoys_r_us/lmds/dd/multiple/lmds/doc/pdb_orig/1fc2.pdb,data/raw/decoy_cache/decoys_r_us/lmds/dd/multiple/lmds/1fc2/1fc2.10559.pdb
lmds,1fc2,data/raw/decoy_cache/decoys_r_us/lmds/dd/multiple/lmds/doc/pdb_orig/1fc2.pdb,data/raw/decoy_cache/decoys_r_us/lmds/dd/multiple/lmds/1fc2/1fc2.10572.pdb
lmds,1fc2,data/raw/decoy_cache/decoys_r_us/lmds/dd/multiple/lmds/doc/pdb_orig/1fc2.pdb,data/raw/decoy_cache/decoys_r_us/lmds/dd/multiple/lmds/1fc2/1fc2.10576.pdb
lmds,1fc2,data/raw/decoy_cache/decoys_r_us/lmds/dd/multiple/lmds/doc/pdb_orig/1fc2.pdb,data/raw/decoy_cache/decoys_r_us/lmds/dd/multiple/lmds/1fc2/1fc2.10642.pdb
lmds,1fc2,data/raw/decoy_cache/decoys_r_us/lmds/dd/multiple/lmds/doc/pdb_orig/1fc2.pdb,data/raw/decoy_cache/decoys_r_us/lmds/dd/multiple/lmds/1fc2/1fc2.10673.pdb
lmds,1fc2,data/raw/decoy_cache/decoys_r_us/lmds/dd/multiple/lmds/doc/pdb_orig/1fc2.pdb,data/raw/decoy_cache/decoys_r_us/lmds/dd/multiple/lmds/1fc2/1fc2.10794.pdb
lmds,1fc2,data/raw/decoy_cache/decoys_r_us/lmds/dd/multiple/lmds/doc/pdb_orig/1fc2.pdb,data/raw/decoy_cache/decoys_r_us/lmds/dd/multiple/lmds/1fc2/1fc2.10874.pdb
lmds,1fc2,data/raw/decoy_cache/decoys_r_us/lmds/dd/multiple/lmds/doc/pdb_orig/1fc2.pdb,data/raw/decoy_cache/decoys_r_us/lmds/dd/multiple/lmds/1fc2/1fc2.10898.pdb
lmds,1fc2,data/raw/decoy_cache/decoys_r_us/lmds/dd/multiple/lmds/doc/pdb_orig/1fc2.pdb,data/raw/decoy_cache/decoys_r_us/lmds/dd/multiple/lmds/1fc2/1fc2.10926.pdb
lmds,1fc2,data/raw/decoy_cache/decoys_r_us/lmds/dd/multiple/lmds/doc/pdb_orig/1fc2.pdb,data/raw/decoy_cache/decoys_r_us/lmds/dd/multiple/lmds/1fc2/1fc2.10955.pdb
lmds,1fc2,data/raw/decoy_cache/decoys_r_us/lmds/dd/multiple/lmds/doc/pdb_orig/1fc2.pdb,data/raw/decoy_cache/decoys_r_us/lmds/dd/multiple/lmds/1fc2/1fc2.11022.pdb
lmds,1fc2,data/raw/decoy_cache/decoys_r_us/lmds/dd/multiple/lmds/doc/pdb_orig/1fc2.pdb,data/raw/decoy_cache/decoys_r_us/lmds/dd/multiple/lmds/1fc2/1fc2.11052.pdb
lmds,1fc2,data/raw/decoy_cache/decoys_r_us/lmds/dd/multiple/lmds/doc/pdb_orig/1fc2.pdb,data/raw/decoy_cache/decoys_r_us/lmds/dd/multiple/lmds/1fc2/1fc2.11081.pdb
lmds,1fc2,data/raw/decoy_cache/decoys_r_us/lmds/dd/multiple/lmds/doc/pdb_orig/1fc2.pdb,data/raw/decoy_cache/decoys_r_us/lmds/dd/multiple/lmds/1fc2/1fc2.11092.pdb
lmds,1fc2,data/raw/decoy_cache/decoys_r_us/lmds/dd/multiple/lmds/doc/pdb_orig/1fc2.pdb,data/raw/decoy_cache/decoys_r_us/lmds/dd/multiple/lmds/1fc2/1fc2.11125.pdb
lmds,1fc2,data/raw/decoy_cache/decoys_r_us/lmds/dd/multiple/lmds/doc/pdb_orig/1fc2.pdb,data/raw/decoy_cache/decoys_r_us/lmds/dd/multiple/lmds/1fc2/1fc2.11181.pdb
lmds,1fc2,data/raw/decoy_cache/decoys_r_us/lmds/dd/multiple/lmds/doc/pdb_orig/1fc2.pdb,data/raw/decoy_cache/decoys_r_us/lmds/dd/multiple/lmds/1fc2/1fc2.11202.pdb
lmds,1fc2,data/raw/decoy_cache/decoys_r_us/lmds/dd/multiple/lmds/doc/pdb_orig/1fc2.pdb,data/raw/decoy_cache/decoys_r_us/lmds/dd/multiple/lmds/1fc2/1fc2.11337.pdb
lmds,1fc2,data/raw/decoy_cache/decoys_r_us/lmds/dd/multiple/lmds/doc/pdb_orig/1fc2.pdb,data/raw/decoy_cache/decoys_r_us/lmds/dd/multiple/lmds/1fc2/1fc2.11339.pdb
lmds,1fc2,data/raw/decoy_cache/decoys_r_us/lmds/dd/multiple/lmds/doc/pdb_orig/1fc2.pdb,data/raw/decoy_cache/decoys_r_us/lmds/dd/multiple/lmds/1fc2/1fc2.11343.pdb
lmds,1fc2,data/raw/decoy_cache/decoys_r_us/lmds/dd/multiple/lmds/doc/pdb_orig/1fc2.pdb,data/raw/decoy_cache/decoys_r_us/lmds/dd/multiple/lmds/1fc2/1fc2.11354.pdb
lmds,1fc2,data/raw/decoy_cache/decoys_r_us/lmds/dd/multiple/lmds/doc/pdb_orig/1fc2.pdb,data/raw/decoy_cache/decoys_r_us/lmds/dd/multiple/lmds/1fc2/1fc2.15022.pdb
lmds,1fc2,data/raw/decoy_cache/decoys_r_us/lmds/dd/multiple/lmds/doc/pdb_orig/1fc2.pdb,data/raw/decoy_cache/decoys_r_us/lmds/dd/multiple/lmds/1fc2/1fc2.15051.pdb
lmds,1fc2,data/raw/decoy_cache/decoys_r_us/lmds/dd/multiple/lmds/doc/pdb_orig/1fc2.pdb,data/raw/decoy_cache/decoys_r_us/lmds/dd/multiple/lmds/1fc2/1fc2.15090.pdb
lmds,1fc2,data/raw/decoy_cache/decoys_r_us/lmds/dd/multiple/lmds/doc/pdb_orig/1fc2.pdb,data/raw/decoy_cache/decoys_r_us/lmds/dd/multiple/lmds/1fc2/1fc2.15103.pdb
lmds,1fc2,data/raw/decoy_cache/decoys_r_us/lmds/dd/multiple/lmds/doc/pdb_orig/1fc2.pdb,data/raw/decoy_cache/decoys_r_us/lmds/dd/multiple/lmds/1fc2/1fc2.15113.pdb
lmds,1fc2,data/raw/decoy_cache/decoys_r_us/lmds/dd/multiple/lmds/doc/pdb_orig/1fc2.pdb,data/raw/decoy_cache/decoys_r_us/lmds/dd/multiple/lmds/1fc2/1fc2.15123.pdb
lmds,1fc2,data/raw/decoy_cache/decoys_r_us/lmds/dd/multiple/lmds/doc/pdb_orig/1fc2.pdb,data/raw/decoy_cache/decoys_r_us/lmds/dd/multiple/lmds/1fc2/1fc2.15129.pdb
lmds,1fc2,data/raw/decoy_cache/decoys_r_us/lmds/dd/multiple/lmds/doc/pdb_orig/1fc2.pdb,data/raw/decoy_cache/decoys_r_us/lmds/dd/multiple/lmds/1fc2/1fc2.15133.pdb
lmds,1fc2,data/raw/decoy_cache/decoys_r_us/lmds/dd/multiple/lmds/doc/pdb_orig/1fc2.pdb,data/raw/decoy_cache/decoys_r_us/lmds/dd/multiple/lmds/1fc2/1fc2.15142.pdb
lmds,1fc2,data/raw/decoy_cache/decoys_r_us/lmds/dd/multiple/lmds/doc/pdb_orig/1fc2.pdb,data/raw/decoy_cache/decoys_r_us/lmds/dd/multiple/lmds/1fc2/1fc2.15187.pdb
lmds,1fc2,data/raw/decoy_cache/decoys_r_us/lmds/dd/multiple/lmds/doc/pdb_orig/1fc2.pdb,data/raw/decoy_cache/decoys_r_us/lmds/dd/multiple/lmds/1fc2/1fc2.15196.pdb
lmds,1fc2,data/raw/decoy_cache/decoys_r_us/lmds/dd/multiple/lmds/doc/pdb_orig/1fc2.pdb,data/raw/decoy_cache/decoys_r_us/lmds/dd/multiple/lmds/1fc2/1fc2.15203.pdb
lmds,1fc2,data/raw/decoy_cache/decoys_r_us/lmds/dd/multiple/lmds/doc/pdb_orig/1fc2.pdb,data/raw/decoy_cache/decoys_r_us/lmds/dd/multiple/lmds/1fc2/1fc2.15216.pdb
lmds,1fc2,data/raw/decoy_cache/decoys_r_us/lmds/dd/multiple/lmds/doc/pdb_orig/1fc2.pdb,data/raw/decoy_cache/decoys_r_us/lmds/dd/multiple/lmds/1fc2/1fc2.15221.pdb
lmds,1fc2,data/raw/decoy_cache/decoys_r_us/lmds/dd/multiple/lmds/doc/pdb_orig/1fc2.pdb,data/raw/decoy_cache/decoys_r_us/lmds/dd/multiple/lmds/1fc2/1fc2.15250.pdb
lmds,1fc2,data/raw/decoy_cache/decoys_r_us/lmds/dd/multiple/lmds/doc/pdb_orig/1fc2.pdb,data/raw/decoy_cache/decoys_r_us/lmds/dd/multiple/lmds/1fc2/1fc2.15254.pdb
lmds,1fc2,data/raw/decoy_cache/decoys_r_us/lmds/dd/multiple/lmds/doc/pdb_orig/1fc2.pdb,data/raw/decoy_cache/decoys_r_us/lmds/dd/multiple/lmds/1fc2/1fc2.15325.pdb
lmds,1fc2,data/raw/decoy_cache/decoys_r_us/lmds/dd/multiple/lmds/doc/pdb_orig/1fc2.pdb,data/raw/decoy_cache/decoys_r_us/lmds/dd/multiple/lmds/1fc2/1fc2.15338.pdb
lmds,1fc2,data/raw/decoy_cache/decoys_r_us/lmds/dd/multiple/lmds/doc/pdb_orig/1fc2.pdb,data/raw/decoy_cache/decoys_r_us/lmds/dd/multiple/lmds/1fc2/1fc2.15359.pdb
lmds,1fc2,data/raw/decoy_cache/decoys_r_us/lmds/dd/multiple/lmds/doc/pdb_orig/1fc2.pdb,data/raw/decoy_cache/decoys_r_us/lmds/dd/multiple/lmds/1fc2/1fc2.15375.pdb
lmds,1fc2,data/raw/decoy_cache/decoys_r_us/lmds/dd/multiple/lmds/doc/pdb_orig/1fc2.pdb,data/raw/decoy_cache/decoys_r_us/lmds/dd/multiple/lmds/1fc2/1fc2.15444.pdb
lmds,1fc2,data/raw/decoy_cache/decoys_r_us/lmds/dd/multiple/lmds/doc/pdb_orig/1fc2.pdb,data/raw/decoy_cache/decoys_r_us/lmds/dd/multiple/lmds/1fc2/1fc2.15453.pdb
lmds,1fc2,data/raw/decoy_cache/decoys_r_us/lmds/dd/multiple/lmds/doc/pdb_orig/1fc2.pdb,data/raw/decoy_cache/decoys_r_us/lmds/dd/multiple/lmds/1fc2/1fc2.15584.pdb
lmds,1fc2,data/raw/decoy_cache/decoys_r_us/lmds/dd/multiple/lmds/doc/pdb_orig/1fc2.pdb,data/raw/decoy_cache/decoys_r_us/lmds/dd/multiple/lmds/1fc2/1fc2.15596.pdb
lmds,1fc2,data/raw/decoy_cache/decoys_r_us/lmds/dd/multiple/lmds/doc/pdb_orig/1fc2.pdb,data/raw/decoy_cache/decoys_r_us/lmds/dd/multiple/lmds/1fc2/1fc2.15633.pdb
lmds,1fc2,data/raw/decoy_cache/decoys_r_us/lmds/dd/multiple/lmds/doc/pdb_orig/1fc2.pdb,data/raw/decoy_cache/decoys_r_us/lmds/dd/multiple/lmds/1fc2/1fc2.15715.pdb
lmds,1fc2,data/raw/decoy_cache/decoys_r_us/lmds/dd/multiple/lmds/doc/pdb_orig/1fc2.pdb,data/raw/decoy_cache/decoys_r_us/lmds/dd/multiple/lmds/1fc2/1fc2.15717.pdb
lmds,1fc2,data/raw/decoy_cache/decoys_r_us/lmds/dd/multiple/lmds/doc/pdb_orig/1fc2.pdb,data/raw/decoy_cache/decoys_r_us/lmds/dd/multiple/lmds/1fc2/1fc2.15729.pdb
lmds,1fc2,data/raw/decoy_cache/decoys_r_us/lmds/dd/multiple/lmds/doc/pdb_orig/1fc2.pdb,data/raw/decoy_cache/decoys_r_us/lmds/dd/multiple/lmds/1fc2/1fc2.15757.pdb
lmds,1fc2,data/raw/decoy_cache/decoys_r_us/lmds/dd/multiple/lmds/doc/pdb_orig/1fc2.pdb,data/raw/decoy_cache/decoys_r_us/lmds/dd/multiple/lmds/1fc2/1fc2.15785.pdb
lmds,1fc2,data/raw/decoy_cache/decoys_r_us/lmds/dd/multiple/lmds/doc/pdb_orig/1fc2.pdb,data/raw/decoy_cache/decoys_r_us/lmds/dd/multiple/lmds/1fc2/1fc2.15902.pdb
lmds,1fc2,data/raw/decoy_cache/decoys_r_us/lmds/dd/multiple/lmds/doc/pdb_orig/1fc2.pdb,data/raw/decoy_cache/decoys_r_us/lmds/dd/multiple/lmds/1fc2/1fc2.15973.pdb
lmds,1fc2,data/raw/decoy_cache/decoys_r_us/lmds/dd/multiple/lmds/doc/pdb_orig/1fc2.pdb,data/raw/decoy_cache/decoys_r_us/lmds/dd/multiple/lmds/1fc2/1fc2.15978.pdb
lmds,1fc2,data/raw/decoy_cache/decoys_r_us/lmds/dd/multiple/lmds/doc/pdb_orig/1fc2.pdb,data/raw/decoy_cache/decoys_r_us/lmds/dd/multiple/lmds/1fc2/1fc2.16018.pdb
lmds,1fc2,data/raw/decoy_cache/decoys_r_us/lmds/dd/multiple/lmds/doc/pdb_orig/1fc2.pdb,data/raw/decoy_cache/decoys_r_us/lmds/dd/multiple/lmds/1fc2/1fc2.16103.pdb
lmds,1fc2,data/raw/decoy_cache/decoys_r_us/lmds/dd/multiple/lmds/doc/pdb_orig/1fc2.pdb,data/raw/decoy_cache/decoys_r_us/lmds/dd/multiple/lmds/1fc2/1fc2.16170.pdb
lmds,1fc2,data/raw/decoy_cache/decoys_r_us/lmds/dd/multiple/lmds/doc/pdb_orig/1fc2.pdb,data/raw/decoy_cache/decoys_r_us/lmds/dd/multiple/lmds/1fc2/1fc2.16238.pdb
lmds,1fc2,data/raw/decoy_cache/decoys_r_us/lmds/dd/multiple/lmds/doc/pdb_orig/1fc2.pdb,data/raw/decoy_cache/decoys_r_us/lmds/dd/multiple/lmds/1fc2/1fc2.16263.pdb
lmds,1fc2,data/raw/decoy_cache/decoys_r_us/lmds/dd/multiple/lmds/doc/pdb_orig/1fc2.pdb,data/raw/decoy_cache/decoys_r_us/lmds/dd/multiple/lmds/1fc2/1fc2.16284.pdb
lmds,1fc2,data/raw/decoy_cache/decoys_r_us/lmds/dd/multiple/lmds/doc/pdb_orig/1fc2.pdb,data/raw/decoy_cache/decoys_r_us/lmds/dd/multiple/lmds/1fc2/1fc2.16330.pdb
lmds,1fc2,data/raw/decoy_cache/decoys_r_us/lmds/dd/multiple/lmds/doc/pdb_orig/1fc2.pdb,data/raw/decoy_cache/decoys_r_us/lmds/dd/multiple/lmds/1fc2/1fc2.16357.pdb
lmds,1fc2,data/raw/decoy_cache/decoys_r_us/lmds/dd/multiple/lmds/doc/pdb_orig/1fc2.pdb,data/raw/decoy_cache/decoys_r_us/lmds/dd/multiple/lmds/1fc2/1fc2.16364.pdb
lmds,1fc2,data/raw/decoy_cache/decoys_r_us/lmds/dd/multiple/lmds/doc/pdb_orig/1fc2.pdb,data/raw/decoy_cache/decoys_r_us/lmds/dd/multiple/lmds/1fc2/1fc2.20002.pdb
lmds,1fc2,data/raw/decoy_cache/decoys_r_us/lmds/dd/multiple/lmds/doc/pdb_orig/1fc2.pdb,data/raw/decoy_cache/decoys_r_us/lmds/dd/multiple/lmds/1fc2/1fc2.20027.pdb
lmds,1fc2,data/raw/decoy_cache/decoys_r_us/lmds/dd/multiple/lmds/doc/pdb_orig/1fc2.pdb,data/raw/decoy_cache/decoys_r_us/lmds/dd/multiple/lmds/1fc2/1fc2.20029.pdb
lmds,1fc2,data/raw/decoy_cache/decoys_r_us/lmds/dd/multiple/lmds/doc/pdb_orig/1fc2.pdb,data/raw/decoy_cache/decoys_r_us/lmds/dd/multiple/lmds/1fc2/1fc2.20070.pdb
lmds,1fc2,data/raw/decoy_cache/decoys_r_us/lmds/dd/multiple/lmds/doc/pdb_orig/1fc2.pdb,data/raw/decoy_cache/decoys_r_us/lmds/dd/multiple/lmds/1fc2/1fc2.20071.pdb
lmds,1fc2,data/raw/decoy_cache/decoys_r_us/lmds/dd/multiple/lmds/doc/pdb_orig/1fc2.pdb,data/raw/decoy_cache/decoys_r_us/lmds/dd/multiple/lmds/1fc2/1fc2.20123.pdb
lmds,1fc2,data/raw/decoy_cache/decoys_r_us/lmds/dd/multiple/lmds/doc/pdb_orig/1fc2.pdb,data/raw/decoy_cache/decoys_r_us/lmds/dd/multiple/lmds/1fc2/1fc2.20131.pdb
lmds,1fc2,data/raw/decoy_cache/decoys_r_us/lmds/dd/multiple/lmds/doc/pdb_orig/1fc2.pdb,data/raw/decoy_cache/decoys_r_us/lmds/dd/multiple/lmds/1fc2/1fc2.20148.pdb
lmds,1fc2,data/raw/decoy_cache/decoys_r_us/lmds/dd/multiple/lmds/doc/pdb_orig/1fc2.pdb,data/raw/decoy_cache/decoys_r_us/lmds/dd/multiple/lmds/1fc2/1fc2.20170.pdb
lmds,1fc2,data/raw/decoy_cache/decoys_r_us/lmds/dd/multiple/lmds/doc/pdb_orig/1fc2.pdb,data/raw/decoy_cache/decoys_r_us/lmds/dd/multiple/lmds/1fc2/1fc2.25036.pdb
lmds,1fc2,data/raw/decoy_cache/decoys_r_us/lmds/dd/multiple/lmds/doc/pdb_orig/1fc2.pdb,data/raw/decoy_cache/decoys_r_us/lmds/dd/multiple/lmds/1fc2/1fc2.25096.pdb
lmds,1fc2,data/raw/decoy_cache/decoys_r_us/lmds/dd/multiple/lmds/doc/pdb_orig/1fc2.pdb,data/raw/decoy_cache/decoys_r_us/lmds/dd/multiple/lmds/1fc2/1fc2.25115.pdb
lmds,1fc2,data/raw/decoy_cache/decoys_r_us/lmds/dd/multiple/lmds/doc/pdb_orig/1fc2.pdb,data/raw/decoy_cache/decoys_r_us/lmds/dd/multiple/lmds/1fc2/1fc2.25140.pdb
lmds,1fc2,data/raw/decoy_cache/decoys_r_us/lmds/dd/multiple/lmds/doc/pdb_orig/1fc2.pdb,data/raw/decoy_cache/decoys_r_us/lmds/dd/multiple/lmds/1fc2/1fc2.25148.pdb
lmds,1fc2,data/raw/decoy_cache/decoys_r_us/lmds/dd/multiple/lmds/doc/pdb_orig/1fc2.pdb,data/raw/decoy_cache/decoys_r_us/lmds/dd/multiple/lmds/1fc2/1fc2.30045.pdb
lmds,1fc2,data/raw/decoy_cache/decoys_r_us/lmds/dd/multiple/lmds/doc/pdb_orig/1fc2.pdb,data/raw/decoy_cache/decoys_r_us/lmds/dd/multiple/lmds/1fc2/1fc2.30088.pdb
lmds,1fc2,data/raw/decoy_cache/decoys_r_us/lmds/dd/multiple/lmds/doc/pdb_orig/1fc2.pdb,data/raw/decoy_cache/decoys_r_us/lmds/dd/multiple/lmds/1fc2/1fc2.30120.pdb
lmds,1fc2,data/raw/decoy_cache/decoys_r_us/lmds/dd/multiple/lmds/doc/pdb_orig/1fc2.pdb,data/raw/decoy_cache/decoys_r_us/lmds/dd/multiple/lmds/1fc2/1fc2.30132.pdb
lmds,1fc2,data/raw/decoy_cache/decoys_r_us/lmds/dd/multiple/lmds/doc/pdb_orig/1fc2.pdb,data/raw/decoy_cache/decoys_r_us/lmds/dd/multiple/lmds/1fc2/1fc2.30136.pdb
lmds,1fc2,data/raw/decoy_cache/decoys_r_us/lmds/dd/multiple/lmds/doc/pdb_orig/1fc2.pdb,data/raw/decoy_cache/decoys_r_us/lmds/dd/multiple/lmds/1fc2/1fc2.30192.pdb
lmds,1fc2,data/raw/decoy_cache/decoys_r_us/lmds/dd/multiple/lmds/doc/pdb_orig/1fc2.pdb,data/raw/decoy_cache/decoys_r_us/lmds/dd/multiple/lmds/1fc2/1fc2.30375.pdb
lmds,1fc2,data/raw/decoy_cache/decoys_r_us/lmds/dd/multiple/lmds/doc/pdb_orig/1fc2.pdb,data/raw/decoy_cache/decoys_r_us/lmds/dd/multiple/lmds/1fc2/1fc2.30446.pdb
lmds,1fc2,data/raw/decoy_cache/decoys_r_us/lmds/dd/multiple/lmds/doc/pdb_orig/1fc2.pdb,data/raw/decoy_cache/decoys_r_us/lmds/dd/multiple/lmds/1fc2/1fc2.30453.pdb
lmds,1fc2,data/raw/decoy_cache/decoys_r_us/lmds/dd/multiple/lmds/doc/pdb_orig/1fc2.pdb,data/raw/decoy_cache/decoys_r_us/lmds/dd/multiple/lmds/1fc2/1fc2.30482.pdb
lmds,1fc2,data/raw/decoy_cache/decoys_r_us/lmds/dd/multiple/lmds/doc/pdb_orig/1fc2.pdb,data/raw/decoy_cache/decoys_r_us/lmds/dd/multiple/lmds/1fc2/1fc2.30484.pdb
lmds,1fc2,data/raw/decoy_cache/decoys_r_us/lmds/dd/multiple/lmds/doc/pdb_orig/1fc2.pdb,data/raw/decoy_cache/decoys_r_us/lmds/dd/multiple/lmds/1fc2/1fc2.30486.pdb
lmds,1fc2,data/raw/decoy_cache/decoys_r_us/lmds/dd/multiple/lmds/doc/pdb_orig/1fc2.pdb,data/raw/decoy_cache/decoys_r_us/lmds/dd/multiple/lmds/1fc2/1fc2.30528.pdb
lmds,1fc2,data/raw/decoy_cache/decoys_r_us/lmds/dd/multiple/lmds/doc/pdb_orig/1fc2.pdb,data/raw/decoy_cache/decoys_r_us/lmds/dd/multiple/lmds/1fc2/1fc2.30711.pdb
lmds,1fc2,data/raw/decoy_cache/decoys_r_us/lmds/dd/multiple/lmds/doc/pdb_orig/1fc2.pdb,data/raw/decoy_cache/decoys_r_us/lmds/dd/multiple/lmds/1fc2/1fc2.30855.pdb
lmds,1fc2,data/raw/decoy_cache/decoys_r_us/lmds/dd/multiple/lmds/doc/pdb_orig/1fc2.pdb,data/raw/decoy_cache/decoys_r_us/lmds/dd/multiple/lmds/1fc2/1fc2.30870.pdb
lmds,1fc2,data/raw/decoy_cache/decoys_r_us/lmds/dd/multiple/lmds/doc/pdb_orig/1fc2.pdb,data/raw/decoy_cache/decoys_r_us/lmds/dd/multiple/lmds/1fc2/1fc2.30918.pdb
lmds,1fc2,data/raw/decoy_cache/decoys_r_us/lmds/dd/multiple/lmds/doc/pdb_orig/1fc2.pdb,data/raw/decoy_cache/decoys_r_us/lmds/dd/multiple/lmds/1fc2/1fc2.30932.pdb
lmds,1fc2,data/raw/decoy_cache/decoys_r_us/lmds/dd/multiple/lmds/doc/pdb_orig/1fc2.pdb,data/raw/decoy_cache/decoys_r_us/lmds/dd/multiple/lmds/1fc2/1fc2.30962.pdb
lmds,1fc2,data/raw/decoy_cache/decoys_r_us/lmds/dd/multiple/lmds/doc/pdb_orig/1fc2.pdb,data/raw/decoy_cache/decoys_r_us/lmds/dd/multiple/lmds/1fc2/1fc2.30976.pdb
lmds,1fc2,data/raw/decoy_cache/decoys_r_us/lmds/dd/multiple/lmds/doc/pdb_orig/1fc2.pdb,data/raw/decoy_cache/decoys_r_us/lmds/dd/multiple/lmds/1fc2/1fc2.31024.pdb
lmds,1fc2,data/raw/decoy_cache/decoys_r_us/lmds/dd/multiple/lmds/doc/pdb_orig/1fc2.pdb,data/raw/decoy_cache/decoys_r_us/lmds/dd/multiple/lmds/1fc2/1fc2.31044.pdb
lmds,1fc2,data/raw/decoy_cache/decoys_r_us/lmds/dd/multiple/lmds/doc/pdb_orig/1fc2.pdb,data/raw/decoy_cache/decoys_r_us/lmds/dd/multiple/lmds/1fc2/1fc2.31134.pdb
lmds,1fc2,data/raw/decoy_cache/decoys_r_us/lmds/dd/multiple/lmds/doc/pdb_orig/1fc2.pdb,data/raw/decoy_cache/decoys_r_us/lmds/dd/multiple/lmds/1fc2/1fc2.31155.pdb
lmds,1fc2,data/raw/decoy_cache/decoys_r_us/lmds/dd/multiple/lmds/doc/pdb_orig/1fc2.pdb,data/raw/decoy_cache/decoys_r_us/lmds/dd/multiple/lmds/1fc2/1fc2.31239.pdb
lmds,1fc2,data/raw/decoy_cache/decoys_r_us/lmds/dd/multiple/lmds/doc/pdb_orig/1fc2.pdb,data/raw/decoy_cache/decoys_r_us/lmds/dd/multiple/lmds/1fc2/1fc2.31247.pdb
lmds,1fc2,data/raw/decoy_cache/decoys_r_us/lmds/dd/multiple/lmds/doc/pdb_orig/1fc2.pdb,data/raw/decoy_cache/decoys_r_us/lmds/dd/multiple/lmds/1fc2/1fc2.31335.pdb
lmds,1fc2,data/raw/decoy_cache/decoys_r_us/lmds/dd/multiple/lmds/doc/pdb_orig/1fc2.pdb,data/raw/decoy_cache/decoys_r_us/lmds/dd/multiple/lmds/1fc2/1fc2.31369.pdb
lmds,1fc2,data/raw/decoy_cache/decoys_r_us/lmds/dd/multiple/lmds/doc/pdb_orig/1fc2.pdb,data/raw/decoy_cache/decoys_r_us/lmds/dd/multiple/lmds/1fc2/1fc2.31397.pdb
lmds,1fc2,data/raw/decoy_cache/decoys_r_us/lmds/dd/multiple/lmds/doc/pdb_orig/1fc2.pdb,data/raw/decoy_cache/decoys_r_us/lmds/dd/multiple/lmds/1fc2/1fc2.31462.pdb
lmds,1fc2,data/raw/decoy_cache/decoys_r_us/lmds/dd/multiple/lmds/doc/pdb_orig/1fc2.pdb,data/raw/decoy_cache/decoys_r_us/lmds/dd/multiple/lmds/1fc2/1fc2.31510.pdb
lmds,1fc2,data/raw/decoy_cache/decoys_r_us/lmds/dd/multiple/lmds/doc/pdb_orig/1fc2.pdb,data/raw/decoy_cache/decoys_r_us/lmds/dd/multiple/lmds/1fc2/1fc2.31579.pdb
lmds,1fc2,data/raw/decoy_cache/decoys_r_us/lmds/dd/multiple/lmds/doc/pdb_orig/1fc2.pdb,data/raw/decoy_cache/decoys_r_us/lmds/dd/multiple/lmds/1fc2/1fc2.31627.pdb
lmds,1fc2,data/raw/decoy_cache/decoys_r_us/lmds/dd/multiple/lmds/doc/pdb_orig/1fc2.pdb,data/raw/decoy_cache/decoys_r_us/lmds/dd/multiple/lmds/1fc2/1fc2.31741.pdb
lmds,1fc2,data/raw/decoy_cache/decoys_r_us/lmds/dd/multiple/lmds/doc/pdb_orig/1fc2.pdb,data/raw/decoy_cache/decoys_r_us/lmds/dd/multiple/lmds/1fc2/1fc2.31781.pdb
lmds,1fc2,data/raw/decoy_cache/decoys_r_us/lmds/dd/multiple/lmds/doc/pdb_orig/1fc2.pdb,data/raw/decoy_cache/decoys_r_us/lmds/dd/multiple/lmds/1fc2/1fc2.31799.pdb
lmds,1fc2,data/raw/decoy_cache/decoys_r_us/lmds/dd/multiple/lmds/doc/pdb_orig/1fc2.pdb,data/raw/decoy_cache/decoys_r_us/lmds/dd/multiple/lmds/1fc2/1fc2.31821.pdb
lmds,1fc2,data/raw/decoy_cache/decoys_r_us/lmds/dd/multiple/lmds/doc/pdb_orig/1fc2.pdb,data/raw/decoy_cache/decoys_r_us/lmds/dd/multiple/lmds/1fc2/1fc2.31876.pdb
lmds,1fc2,data/raw/decoy_cache/decoys_r_us/lmds/dd/multiple/lmds/doc/pdb_orig/1fc2.pdb,data/raw/decoy_cache/decoys_r_us/lmds/dd/multiple/lmds/1fc2/1fc2.31905.pdb
lmds,1fc2,data/raw/decoy_cache/decoys_r_us/lmds/dd/multiple/lmds/doc/pdb_orig/1fc2.pdb,data/raw/decoy_cache/decoys_r_us/lmds/dd/multiple/lmds/1fc2/1fc2.31954.pdb
lmds,1fc2,data/raw/decoy_cache/decoys_r_us/lmds/dd/multiple/lmds/doc/pdb_orig/1fc2.pdb,data/raw/decoy_cache/decoys_r_us/lmds/dd/multiple/lmds/1fc2/1fc2.31962.pdb
lmds,1fc2,data/raw/decoy_cache/decoys_r_us/lmds/dd/multiple/lmds/doc/pdb_orig/1fc2.pdb,data/raw/decoy_cache/decoys_r_us/lmds/dd/multiple/lmds/1fc2/1fc2.31966.pdb
lmds,1fc2,data/raw/decoy_cache/decoys_r_us/lmds/dd/multiple/lmds/doc/pdb_orig/1fc2.pdb,data/raw/decoy_cache/decoys_r_us/lmds/dd/multiple/lmds/1fc2/1fc2.31982.pdb
lmds,1fc2,data/raw/decoy_cache/decoys_r_us/lmds/dd/multiple/lmds/doc/pdb_orig/1fc2.pdb,data/raw/decoy_cache/decoys_r_us/lmds/dd/multiple/lmds/1fc2/1fc2.32006.pdb
lmds,1fc2,data/raw/decoy_cache/decoys_r_us/lmds/dd/multiple/lmds/doc/pdb_orig/1fc2.pdb,data/raw/decoy_cache/decoys_r_us/lmds/dd/multiple/lmds/1fc2/1fc2.32016.pdb
lmds,1fc2,data/raw/decoy_cache/decoys_r_us/lmds/dd/multiple/lmds/doc/pdb_orig/1fc2.pdb,data/raw/decoy_cache/decoys_r_us/lmds/dd/multiple/lmds/1fc2/1fc2.32017.pdb
lmds,1fc2,data/raw/decoy_cache/decoys_r_us/lmds/dd/multiple/lmds/doc/pdb_orig/1fc2.pdb,data/raw/decoy_cache/decoys_r_us/lmds/dd/multiple/lmds/1fc2/1fc2.32067.pdb
lmds,1fc2,data/raw/decoy_cache/decoys_r_us/lmds/dd/multiple/lmds/doc/pdb_orig/1fc2.pdb,data/raw/decoy_cache/decoys_r_us/lmds/dd/multiple/lmds/1fc2/1fc2.32112.pdb
lmds,1fc2,data/raw/decoy_cache/decoys_r_us/lmds/dd/multiple/lmds/doc/pdb_orig/1fc2.pdb,data/raw/decoy_cache/decoys_r_us/lmds/dd/multiple/lmds/1fc2/1fc2.32213.pdb
lmds,1fc2,data/raw/decoy_cache/decoys_r_us/lmds/dd/multiple/lmds/doc/pdb_orig/1fc2.pdb,data/raw/decoy_cache/decoys_r_us/lmds/dd/multiple/lmds/1fc2/1fc2.32263.pdb
lmds,1fc2,data/raw/decoy_cache/decoys_r_us/lmds/dd/multiple/lmds/doc/pdb_orig/1fc2.pdb,data/raw/decoy_cache/decoys_r_us/lmds/dd/multiple/lmds/1fc2/1fc2.35010.pdb
lmds,1fc2,data/raw/decoy_cache/decoys_r_us/lmds/dd/multiple/lmds/doc/pdb_orig/1fc2.pdb,data/raw/decoy_cache/decoys_r_us/lmds/dd/multiple/lmds/1fc2/1fc2.35038.pdb
lmds,1fc2,data/raw/decoy_cache/decoys_r_us/lmds/dd/multiple/lmds/doc/pdb_orig/1fc2.pdb,data/raw/decoy_cache/decoys_r_us/lmds/dd/multiple/lmds/1fc2/1fc2.35053.pdb
lmds,1fc2,data/raw/decoy_cache/decoys_r_us/lmds/dd/multiple/lmds/doc/pdb_orig/1fc2.pdb,data/raw/decoy_cache/decoys_r_us/lmds/dd/multiple/lmds/1fc2/1fc2.35092.pdb
lmds,1fc2,data/raw/decoy_cache/decoys_r_us/lmds/dd/multiple/lmds/doc/pdb_orig/1fc2.pdb,data/raw/decoy_cache/decoys_r_us/lmds/dd/multiple/lmds/1fc2/1fc2.35137.pdb
lmds,1fc2,data/raw/decoy_cache/decoys_r_us/lmds/dd/multiple/lmds/doc/pdb_orig/1fc2.pdb,data/raw/decoy_cache/decoys_r_us/lmds/dd/multiple/lmds/1fc2/1fc2.35147.pdb
lmds,1fc2,data/raw/decoy_cache/decoys_r_us/lmds/dd/multiple/lmds/doc/pdb_orig/1fc2.pdb,data/raw/decoy_cache/decoys_r_us/lmds/dd/multiple/lmds/1fc2/1fc2.35164.pdb
lmds,1fc2,data/raw/decoy_cache/decoys_r_us/lmds/dd/multiple/lmds/doc/pdb_orig/1fc2.pdb,data/raw/decoy_cache/decoys_r_us/lmds/dd/multiple/lmds/1fc2/1fc2.35173.pdb
lmds,1fc2,data/raw/decoy_cache/decoys_r_us/lmds/dd/multiple/lmds/doc/pdb_orig/1fc2.pdb,data/raw/decoy_cache/decoys_r_us/lmds/dd/multiple/lmds/1fc2/1fc2.35193.pdb
lmds,1fc2,data/raw/decoy_cache/decoys_r_us/lmds/dd/multiple/lmds/doc/pdb_orig/1fc2.pdb,data/raw/decoy_cache/decoys_r_us/lmds/dd/multiple/lmds/1fc2/1fc2.35252.pdb
lmds,1fc2,data/raw/decoy_cache/decoys_r_us/lmds/dd/multiple/lmds/doc/pdb_orig/1fc2.pdb,data/raw/decoy_cache/decoys_r_us/lmds/dd/multiple/lmds/1fc2/1fc2.35359.pdb
lmds,1fc2,data/raw/decoy_cache/decoys_r_us/lmds/dd/multiple/lmds/doc/pdb_orig/1fc2.pdb,data/raw/decoy_cache/decoys_r_us/lmds/dd/multiple/lmds/1fc2/1fc2.35382.pdb
lmds,1fc2,data/raw/decoy_cache/decoys_r_us/lmds/dd/multiple/lmds/doc/pdb_orig/1fc2.pdb,data/raw/decoy_cache/decoys_r_us/lmds/dd/multiple/lmds/1fc2/1fc2.35470.pdb
lmds,1fc2,data/raw/decoy_cache/decoys_r_us/lmds/dd/multiple/lmds/doc/pdb_orig/1fc2.pdb,data/raw/decoy_cache/decoys_r_us/lmds/dd/multiple/lmds/1fc2/1fc2.35488.pdb
lmds,1fc2,data/raw/decoy_cache/decoys_r_us/lmds/dd/multiple/lmds/doc/pdb_orig/1fc2.pdb,data/raw/decoy_cache/decoys_r_us/lmds/dd/multiple/lmds/1fc2/1fc2.35500.pdb
lmds,1fc2,data/raw/decoy_cache/decoys_r_us/lmds/dd/multiple/lmds/doc/pdb_orig/1fc2.pdb,data/raw/decoy_cache/decoys_r_us/lmds/dd/multiple/lmds/1fc2/1fc2.35557.pdb
lmds,1fc2,data/raw/decoy_cache/decoys_r_us/lmds/dd/multiple/lmds/doc/pdb_orig/1fc2.pdb,data/raw/decoy_cache/decoys_r_us/lmds/dd/multiple/lmds/1fc2/1fc2.35588.pdb
lmds,1fc2,data/raw/decoy_cache/decoys_r_us/lmds/dd/multiple/lmds/doc/pdb_orig/1fc2.pdb,data/raw/decoy_cache/decoys_r_us/lmds/dd/multiple/lmds/1fc2/1fc2.35627.pdb
lmds,1fc2,data/raw/decoy_cache/decoys_r_us/lmds/dd/multiple/lmds/doc/pdb_orig/1fc2.pdb,data/raw/decoy_cache/decoys_r_us/lmds/dd/multiple/lmds/1fc2/1fc2.35634.pdb
lmds,1fc2,data/raw/decoy_cache/decoys_r_us/lmds/dd/multiple/lmds/doc/pdb_orig/1fc2.pdb,data/raw/decoy_cache/decoys_r_us/lmds/dd/multiple/lmds/1fc2/1fc2.35685.pdb
lmds,1fc2,data/raw/decoy_cache/decoys_r_us/lmds/dd/multiple/lmds/doc/pdb_orig/1fc2.pdb,data/raw/decoy_cache/decoys_r_us/lmds/dd/multiple/lmds/1fc2/1fc2.35703.pdb
lmds,1fc2,data/raw/decoy_cache/decoys_r_us/lmds/dd/multiple/lmds/doc/pdb_orig/1fc2.pdb,data/raw/decoy_cache/decoys_r_us/lmds/dd/multiple/lmds/1fc2/1fc2.35748.pdb
lmds,1fc2,data/raw/decoy_cache/decoys_r_us/lmds/dd/multiple/lmds/doc/pdb_orig/1fc2.pdb,data/raw/decoy_cache/decoys_r_us/lmds/dd/multiple/lmds/1fc2/1fc2.35775.pdb
lmds,1fc2,data/raw/decoy_cache/decoys_r_us/lmds/dd/multiple/lmds/doc/pdb_orig/1fc2.pdb,data/raw/decoy_cache/decoys_r_us/lmds/dd/multiple/lmds/1fc2/1fc2.35777.pdb
lmds,1fc2,data/raw/decoy_cache/decoys_r_us/lmds/dd/multiple/lmds/doc/pdb_orig/1fc2.pdb,data/raw/decoy_cache/decoys_r_us/lmds/dd/multiple/lmds/1fc2/1fc2.35799.pdb
lmds,1fc2,data/raw/decoy_cache/decoys_r_us/lmds/dd/multiple/lmds/doc/pdb_orig/1fc2.pdb,data/raw/decoy_cache/decoys_r_us/lmds/dd/multiple/lmds/1fc2/1fc2.35855.pdb
lmds,1fc2,data/raw/decoy_cache/decoys_r_us/lmds/dd/multiple/lmds/doc/pdb_orig/1fc2.pdb,data/raw/decoy_cache/decoys_r_us/lmds/dd/multiple/lmds/1fc2/1fc2.35893.pdb
lmds,1fc2,data/raw/decoy_cache/decoys_r_us/lmds/dd/multiple/lmds/doc/pdb_orig/1fc2.pdb,data/raw/decoy_cache/decoys_r_us/lmds/dd/multiple/lmds/1fc2/1fc2.35932.pdb
lmds,1fc2,data/raw/decoy_cache/decoys_r_us/lmds/dd/multiple/lmds/doc/pdb_orig/1fc2.pdb,data/raw/decoy_cache/decoys_r_us/lmds/dd/multiple/lmds/1fc2/1fc2.35959.pdb
lmds,1fc2,data/raw/decoy_cache/decoys_r_us/lmds/dd/multiple/lmds/doc/pdb_orig/1fc2.pdb,data/raw/decoy_cache/decoys_r_us/lmds/dd/multiple/lmds/1fc2/1fc2.36078.pdb
lmds,1fc2,data/raw/decoy_cache/decoys_r_us/lmds/dd/multiple/lmds/doc/pdb_orig/1fc2.pdb,data/raw/decoy_cache/decoys_r_us/lmds/dd/multiple/lmds/1fc2/1fc2.36168.pdb
lmds,1fc2,data/raw/decoy_cache/decoys_r_us/lmds/dd/multiple/lmds/doc/pdb_orig/1fc2.pdb,data/raw/decoy_cache/decoys_r_us/lmds/dd/multiple/lmds/1fc2/1fc2.36173.pdb
lmds,1fc2,data/raw/decoy_cache/decoys_r_us/lmds/dd/multiple/lmds/doc/pdb_orig/1fc2.pdb,data/raw/decoy_cache/decoys_r_us/lmds/dd/multiple/lmds/1fc2/1fc2.36241.pdb
lmds,1fc2,data/raw/decoy_cache/decoys_r_us/lmds/dd/multiple/lmds/doc/pdb_orig/1fc2.pdb,data/raw/decoy_cache/decoys_r_us/lmds/dd/multiple/lmds/1fc2/1fc2.36243.pdb
lmds,1fc2,data/raw/decoy_cache/decoys_r_us/lmds/dd/multiple/lmds/doc/pdb_orig/1fc2.pdb,data/raw/decoy_cache/decoys_r_us/lmds/dd/multiple/lmds/1fc2/1fc2.36246.pdb
lmds,1fc2,data/raw/decoy_cache/decoys_r_us/lmds/dd/multiple/lmds/doc/pdb_orig/1fc2.pdb,data/raw/decoy_cache/decoys_r_us/lmds/dd/multiple/lmds/1fc2/1fc2.36270.pdb
lmds,1fc2,data/raw/decoy_cache/decoys_r_us/lmds/dd/multiple/lmds/doc/pdb_orig/1fc2.pdb,data/raw/decoy_cache/decoys_r_us/lmds/dd/multiple/lmds/1fc2/1fc2.36296.pdb
lmds,1fc2,data/raw/decoy_cache/decoys_r_us/lmds/dd/multiple/lmds/doc/pdb_orig/1fc2.pdb,data/raw/decoy_cache/decoys_r_us/lmds/dd/multiple/lmds/1fc2/1fc2.36349.pdb
lmds,1fc2,data/raw/decoy_cache/decoys_r_us/lmds/dd/multiple/lmds/doc/pdb_orig/1fc2.pdb,data/raw/decoy_cache/decoys_r_us/lmds/dd/multiple/lmds/1fc2/1fc2.36420.pdb
lmds,1fc2,data/raw/decoy_cache/decoys_r_us/lmds/dd/multiple/lmds/doc/pdb_orig/1fc2.pdb,data/raw/decoy_cache/decoys_r_us/lmds/dd/multiple/lmds/1fc2/1fc2.36438.pdb
lmds,1fc2,data/raw/decoy_cache/decoys_r_us/lmds/dd/multiple/lmds/doc/pdb_orig/1fc2.pdb,data/raw/decoy_cache/decoys_r_us/lmds/dd/multiple/lmds/1fc2/1fc2.36504.pdb
lmds,1fc2,data/raw/decoy_cache/decoys_r_us/lmds/dd/multiple/lmds/doc/pdb_orig/1fc2.pdb,data/raw/decoy_cache/decoys_r_us/lmds/dd/multiple/lmds/1fc2/1fc2.36517.pdb
lmds,1fc2,data/raw/decoy_cache/decoys_r_us/lmds/dd/multiple/lmds/doc/pdb_orig/1fc2.pdb,data/raw/decoy_cache/decoys_r_us/lmds/dd/multiple/lmds/1fc2/1fc2.36534.pdb
lmds,1fc2,data/raw/decoy_cache/decoys_r_us/lmds/dd/multiple/lmds/doc/pdb_orig/1fc2.pdb,data/raw/decoy_cache/decoys_r_us/lmds/dd/multiple/lmds/1fc2/1fc2.36674.pdb
lmds,1fc2,data/raw/decoy_cache/decoys_r_us/lmds/dd/multiple/lmds/doc/pdb_orig/1fc2.pdb,data/raw/decoy_cache/decoys_r_us/lmds/dd/multiple/lmds/1fc2/1fc2.36770.pdb
lmds,1fc2,data/raw/decoy_cache/decoys_r_us/lmds/dd/multiple/lmds/doc/pdb_orig/1fc2.pdb,data/raw/decoy_cache/decoys_r_us/lmds/dd/multiple/lmds/1fc2/1fc2.36791.pdb
lmds,1fc2,data/raw/decoy_cache/decoys_r_us/lmds/dd/multiple/lmds/doc/pdb_orig/1fc2.pdb,data/raw/decoy_cache/decoys_r_us/lmds/dd/multiple/lmds/1fc2/1fc2.36879.pdb
lmds,1fc2,data/raw/decoy_cache/decoys_r_us/lmds/dd/multiple/lmds/doc/pdb_orig/1fc2.pdb,data/raw/decoy_cache/decoys_r_us/lmds/dd/multiple/lmds/1fc2/1fc2.36931.pdb
lmds,1fc2,data/raw/decoy_cache/decoys_r_us/lmds/dd/multiple/lmds/doc/pdb_orig/1fc2.pdb,data/raw/decoy_cache/decoys_r_us/lmds/dd/multiple/lmds/1fc2/1fc2.37017.pdb
lmds,1fc2,data/raw/decoy_cache/decoys_r_us/lmds/dd/multiple/lmds/doc/pdb_orig/1fc2.pdb,data/raw/decoy_cache/decoys_r_us/lmds/dd/multiple/lmds/1fc2/1fc2.37038.pdb
lmds,1fc2,data/raw/decoy_cache/decoys_r_us/lmds/dd/multiple/lmds/doc/pdb_orig/1fc2.pdb,data/raw/decoy_cache/decoys_r_us/lmds/dd/multiple/lmds/1fc2/1fc2.37046.pdb
lmds,1fc2,data/raw/decoy_cache/decoys_r_us/lmds/dd/multiple/lmds/doc/pdb_orig/1fc2.pdb,data/raw/decoy_cache/decoys_r_us/lmds/dd/multiple/lmds/1fc2/1fc2.37066.pdb
lmds,1fc2,data/raw/decoy_cache/decoys_r_us/lmds/dd/multiple/lmds/doc/pdb_orig/1fc2.pdb,data/raw/decoy_cache/decoys_r_us/lmds/dd/multiple/lmds/1fc2/1fc2.37102.pdb
lmds,1fc2,data/raw/decoy_cache/decoys_r_us/lmds/dd/multiple/lmds/doc/pdb_orig/1fc2.pdb,data/raw/decoy_cache/decoys_r_us/lmds/dd/multiple/lmds/1fc2/1fc2.37125.pdb
lmds,1fc2,data/raw/decoy_cache/decoys_r_us/lmds/dd/multiple/lmds/doc/pdb_orig/1fc2.pdb,data/raw/decoy_cache/decoys_r_us/lmds/dd/multiple/lmds/1fc2/1fc2.37145.pdb
lmds,1fc2,data/raw/decoy_cache/decoys_r_us/lmds/dd/multiple/lmds/doc/pdb_orig/1fc2.pdb,data/raw/decoy_cache/decoys_r_us/lmds/dd/multiple/lmds/1fc2/1fc2.37161.pdb
lmds,1fc2,data/raw/decoy_cache/decoys_r_us/lmds/dd/multiple/lmds/doc/pdb_orig/1fc2.pdb,data/raw/decoy_cache/decoys_r_us/lmds/dd/multiple/lmds/1fc2/1fc2.37198.pdb
lmds,1fc2,data/raw/decoy_cache/decoys_r_us/lmds/dd/multiple/lmds/doc/pdb_orig/1fc2.pdb,data/raw/decoy_cache/decoys_r_us/lmds/dd/multiple/lmds/1fc2/1fc2.37256.pdb
lmds,1fc2,data/raw/decoy_cache/decoys_r_us/lmds/dd/multiple/lmds/doc/pdb_orig/1fc2.pdb,data/raw/decoy_cache/decoys_r_us/lmds/dd/multiple/lmds/1fc2/1fc2.37295.pdb
lmds,1fc2,data/raw/decoy_cache/decoys_r_us/lmds/dd/multiple/lmds/doc/pdb_orig/1fc2.pdb,data/raw/decoy_cache/decoys_r_us/lmds/dd/multiple/lmds/1fc2/1fc2.37304.pdb
lmds,1fc2,data/raw/decoy_cache/decoys_r_us/lmds/dd/multiple/lmds/doc/pdb_orig/1fc2.pdb,data/raw/decoy_cache/decoys_r_us/lmds/dd/multiple/lmds/1fc2/1fc2.40062.pdb
lmds,1fc2,data/raw/decoy_cache/decoys_r_us/lmds/dd/multiple/lmds/doc/pdb_orig/1fc2.pdb,data/raw/decoy_cache/decoys_r_us/lmds/dd/multiple/lmds/1fc2/1fc2.40118.pdb
lmds,1fc2,data/raw/decoy_cache/decoys_r_us/lmds/dd/multiple/lmds/doc/pdb_orig/1fc2.pdb,data/raw/decoy_cache/decoys_r_us/lmds/dd/multiple/lmds/1fc2/1fc2.40145.pdb
lmds,1fc2,data/raw/decoy_cache/decoys_r_us/lmds/dd/multiple/lmds/doc/pdb_orig/1fc2.pdb,data/raw/decoy_cache/decoys_r_us/lmds/dd/multiple/lmds/1fc2/1fc2.40195.pdb
lmds,1fc2,data/raw/decoy_cache/decoys_r_us/lmds/dd/multiple/lmds/doc/pdb_orig/1fc2.pdb,data/raw/decoy_cache/decoys_r_us/lmds/dd/multiple/lmds/1fc2/1fc2.40210.pdb
lmds,1fc2,data/raw/decoy_cache/decoys_r_us/lmds/dd/multiple/lmds/doc/pdb_orig/1fc2.pdb,data/raw/decoy_cache/decoys_r_us/lmds/dd/multiple/lmds/1fc2/1fc2.40317.pdb
lmds,1fc2,data/raw/decoy_cache/decoys_r_us/lmds/dd/multiple/lmds/doc/pdb_orig/1fc2.pdb,data/raw/decoy_cache/decoys_r_us/lmds/dd/multiple/lmds/1fc2/1fc2.40320.pdb
lmds,1fc2,data/raw/decoy_cache/decoys_r_us/lmds/dd/multiple/lmds/doc/pdb_orig/1fc2.pdb,data/raw/decoy_cache/decoys_r_us/lmds/dd/multiple/lmds/1fc2/1fc2.40376.pdb
lmds,1fc2,data/raw/decoy_cache/decoys_r_us/lmds/dd/multiple/lmds/doc/pdb_orig/1fc2.pdb,data/raw/decoy_cache/decoys_r_us/lmds/dd/multiple/lmds/1fc2/1fc2.40380.pdb
lmds,1fc2,data/raw/decoy_cache/decoys_r_us/lmds/dd/multiple/lmds/doc/pdb_orig/1fc2.pdb,data/raw/decoy_cache/decoys_r_us/lmds/dd/multiple/lmds/1fc2/1fc2.40411.pdb
lmds,1fc2,data/raw/decoy_cache/decoys_r_us/lmds/dd/multiple/lmds/doc/pdb_orig/1fc2.pdb,data/raw/decoy_cache/decoys_r_us/lmds/dd/multiple/lmds/1fc2/1fc2.40455.pdb
lmds,1fc2,data/raw/decoy_cache/decoys_r_us/lmds/dd/multiple/lmds/doc/pdb_orig/1fc2.pdb,data/raw/decoy_cache/decoys_r_us/lmds/dd/multiple/lmds/1fc2/1fc2.40512.pdb
lmds,1fc2,data/raw/decoy_cache/decoys_r_us/lmds/dd/multiple/lmds/doc/pdb_orig/1fc2.pdb,data/raw/decoy_cache/decoys_r_us/lmds/dd/multiple/lmds/1fc2/1fc2.40577.pdb
lmds,1fc2,data/raw/decoy_cache/decoys_r_us/lmds/dd/multiple/lmds/doc/pdb_orig/1fc2.pdb,data/raw/decoy_cache/decoys_r_us/lmds/dd/multiple/lmds/1fc2/1fc2.40582.pdb
lmds,1fc2,data/raw/decoy_cache/decoys_r_us/lmds/dd/multiple/lmds/doc/pdb_orig/1fc2.pdb,data/raw/decoy_cache/decoys_r_us/lmds/dd/multiple/lmds/1fc2/1fc2.40619.pdb
lmds,1fc2,data/raw/decoy_cache/decoys_r_us/lmds/dd/multiple/lmds/doc/pdb_orig/1fc2.pdb,data/raw/decoy_cache/decoys_r_us/lmds/dd/multiple/lmds/1fc2/1fc2.40625.pdb
lmds,1fc2,data/raw/decoy_cache/decoys_r_us/lmds/dd/multiple/lmds/doc/pdb_orig/1fc2.pdb,data/raw/decoy_cache/decoys_r_us/lmds/dd/multiple/lmds/1fc2/1fc2.40652.pdb
lmds,1fc2,data/raw/decoy_cache/decoys_r_us/lmds/dd/multiple/lmds/doc/pdb_orig/1fc2.pdb,data/raw/decoy_cache/decoys_r_us/lmds/dd/multiple/lmds/1fc2/1fc2.40773.pdb
lmds,1fc2,data/raw/decoy_cache/decoys_r_us/lmds/dd/multiple/lmds/doc/pdb_orig/1fc2.pdb,data/raw/decoy_cache/decoys_r_us/lmds/dd/multiple/lmds/1fc2/1fc2.40782.pdb
lmds,1fc2,data/raw/decoy_cache/decoys_r_us/lmds/dd/multiple/lmds/doc/pdb_orig/1fc2.pdb,data/raw/decoy_cache/decoys_r_us/lmds/dd/multiple/lmds/1fc2/1fc2.40784.pdb
lmds,1fc2,data/raw/decoy_cache/decoys_r_us/lmds/dd/multiple/lmds/doc/pdb_orig/1fc2.pdb,data/raw/decoy_cache/decoys_r_us/lmds/dd/multiple/lmds/1fc2/1fc2.40917.pdb
lmds,1fc2,data/raw/decoy_cache/decoys_r_us/lmds/dd/multiple/lmds/doc/pdb_orig/1fc2.pdb,data/raw/decoy_cache/decoys_r_us/lmds/dd/multiple/lmds/1fc2/1fc2.40982.pdb
lmds,1fc2,data/raw/decoy_cache/decoys_r_us/lmds/dd/multiple/lmds/doc/pdb_orig/1fc2.pdb,data/raw/decoy_cache/decoys_r_us/lmds/dd/multiple/lmds/1fc2/1fc2.41007.pdb
lmds,1fc2,data/raw/decoy_cache/decoys_r_us/lmds/dd/multiple/lmds/doc/pdb_orig/1fc2.pdb,data/raw/decoy_cache/decoys_r_us/lmds/dd/multiple/lmds/1fc2/1fc2.41015.pdb
lmds,1fc2,data/raw/decoy_cache/decoys_r_us/lmds/dd/multiple/lmds/doc/pdb_orig/1fc2.pdb,data/raw/decoy_cache/decoys_r_us/lmds/dd/multiple/lmds/1fc2/1fc2.41111.pdb
lmds,1fc2,data/raw/decoy_cache/decoys_r_us/lmds/dd/multiple/lmds/doc/pdb_orig/1fc2.pdb,data/raw/decoy_cache/decoys_r_us/lmds/dd/multiple/lmds/1fc2/1fc2.41254.pdb
lmds,1fc2,data/raw/decoy_cache/decoys_r_us/lmds/dd/multiple/lmds/doc/pdb_orig/1fc2.pdb,data/raw/decoy_cache/decoys_r_us/lmds/dd/multiple/lmds/1fc2/1fc2.41261.pdb
lmds,1fc2,data/raw/decoy_cache/decoys_r_us/lmds/dd/multiple/lmds/doc/pdb_orig/1fc2.pdb,data/raw/decoy_cache/decoys_r_us/lmds/dd/multiple/lmds/1fc2/1fc2.41285.pdb
lmds,1fc2,data/raw/decoy_cache/decoys_r_us/lmds/dd/multiple/lmds/doc/pdb_orig/1fc2.pdb,data/raw/decoy_cache/decoys_r_us/lmds/dd/multiple/lmds/1fc2/1fc2.41294.pdb
lmds,1fc2,data/raw/decoy_cache/decoys_r_us/lmds/dd/multiple/lmds/doc/pdb_orig/1fc2.pdb,data/raw/decoy_cache/decoys_r_us/lmds/dd/multiple/lmds/1fc2/1fc2.41301.pdb
lmds,1fc2,data/raw/decoy_cache/decoys_r_us/lmds/dd/multiple/lmds/doc/pdb_orig/1fc2.pdb,data/raw/decoy_cache/decoys_r_us/lmds/dd/multiple/lmds/1fc2/1fc2.41321.pdb
lmds,1fc2,data/raw/decoy_cache/decoys_r_us/lmds/dd/multiple/lmds/doc/pdb_orig/1fc2.pdb,data/raw/decoy_cache/decoys_r_us/lmds/dd/multiple/lmds/1fc2/1fc2.41407.pdb
lmds,1fc2,data/raw/decoy_cache/decoys_r_us/lmds/dd/multiple/lmds/doc/pdb_orig/1fc2.pdb,data/raw/decoy_cache/decoys_r_us/lmds/dd/multiple/lmds/1fc2/1fc2.41506.pdb
lmds,1fc2,data/raw/decoy_cache/decoys_r_us/lmds/dd/multiple/lmds/doc/pdb_orig/1fc2.pdb,data/raw/decoy_cache/decoys_r_us/lmds/dd/multiple/lmds/1fc2/1fc2.41522.pdb
lmds,1fc2,data/raw/decoy_cache/decoys_r_us/lmds/dd/multiple/lmds/doc/pdb_orig/1fc2.pdb,data/raw/decoy_cache/decoys_r_us/lmds/dd/multiple/lmds/1fc2/1fc2.41598.pdb
lmds,1fc2,data/raw/decoy_cache/decoys_r_us/lmds/dd/multiple/lmds/doc/pdb_orig/1fc2.pdb,data/raw/decoy_cache/decoys_r_us/lmds/dd/multiple/lmds/1fc2/1fc2.41654.pdb
lmds,1fc2,data/raw/decoy_cache/decoys_r_us/lmds/dd/multiple/lmds/doc/pdb_orig/1fc2.pdb,data/raw/decoy_cache/decoys_r_us/lmds/dd/multiple/lmds/1fc2/1fc2.41687.pdb
lmds,1fc2,data/raw/decoy_cache/decoys_r_us/lmds/dd/multiple/lmds/doc/pdb_orig/1fc2.pdb,data/raw/decoy_cache/decoys_r_us/lmds/dd/multiple/lmds/1fc2/1fc2.41709.pdb
lmds,1fc2,data/raw/decoy_cache/decoys_r_us/lmds/dd/multiple/lmds/doc/pdb_orig/1fc2.pdb,data/raw/decoy_cache/decoys_r_us/lmds/dd/multiple/lmds/1fc2/1fc2.41870.pdb
lmds,1fc2,data/raw/decoy_cache/decoys_r_us/lmds/dd/multiple/lmds/doc/pdb_orig/1fc2.pdb,data/raw/decoy_cache/decoys_r_us/lmds/dd/multiple/lmds/1fc2/1fc2.42024.pdb
lmds,1fc2,data/raw/decoy_cache/decoys_r_us/lmds/dd/multiple/lmds/doc/pdb_orig/1fc2.pdb,data/raw/decoy_cache/decoys_r_us/lmds/dd/multiple/lmds/1fc2/1fc2.42057.pdb
lmds,1fc2,data/raw/decoy_cache/decoys_r_us/lmds/dd/multiple/lmds/doc/pdb_orig/1fc2.pdb,data/raw/decoy_cache/decoys_r_us/lmds/dd/multiple/lmds/1fc2/1fc2.42150.pdb
lmds,1fc2,data/raw/decoy_cache/decoys_r_us/lmds/dd/multiple/lmds/doc/pdb_orig/1fc2.pdb,data/raw/decoy_cache/decoys_r_us/lmds/dd/multiple/lmds/1fc2/1fc2.42168.pdb
lmds,1fc2,data/raw/decoy_cache/decoys_r_us/lmds/dd/multiple/lmds/doc/pdb_orig/1fc2.pdb,data/raw/decoy_cache/decoys_r_us/lmds/dd/multiple/lmds/1fc2/1fc2.42187.pdb
lmds,1fc2,data/raw/decoy_cache/decoys_r_us/lmds/dd/multiple/lmds/doc/pdb_orig/1fc2.pdb,data/raw/decoy_cache/decoys_r_us/lmds/dd/multiple/lmds/1fc2/1fc2.42342.pdb
lmds,1fc2,data/raw/decoy_cache/decoys_r_us/lmds/dd/multiple/lmds/doc/pdb_orig/1fc2.pdb,data/raw/decoy_cache/decoys_r_us/lmds/dd/multiple/lmds/1fc2/1fc2.42358.pdb
lmds,1fc2,data/raw/decoy_cache/decoys_r_us/lmds/dd/multiple/lmds/doc/pdb_orig/1fc2.pdb,data/raw/decoy_cache/decoys_r_us/lmds/dd/multiple/lmds/1fc2/1fc2.42376.pdb
lmds,1fc2,data/raw/decoy_cache/decoys_r_us/lmds/dd/multiple/lmds/doc/pdb_orig/1fc2.pdb,data/raw/decoy_cache/decoys_r_us/lmds/dd/multiple/lmds/1fc2/1fc2.42389.pdb
lmds,1fc2,data/raw/decoy_cache/decoys_r_us/lmds/dd/multiple/lmds/doc/pdb_orig/1fc2.pdb,data/raw/decoy_cache/decoys_r_us/lmds/dd/multiple/lmds/1fc2/1fc2.42397.pdb
lmds,1fc2,data/raw/decoy_cache/decoys_r_us/lmds/dd/multiple/lmds/doc/pdb_orig/1fc2.pdb,data/raw/decoy_cache/decoys_r_us/lmds/dd/multiple/lmds/1fc2/1fc2.42399.pdb
lmds,1fc2,data/raw/decoy_cache/decoys_r_us/lmds/dd/multiple/lmds/doc/pdb_orig/1fc2.pdb,data/raw/decoy_cache/decoys_r_us/lmds/dd/multiple/lmds/1fc2/1fc2.42409.pdb
lmds,1fc2,data/raw/decoy_cache/decoys_r_us/lmds/dd/multiple/lmds/doc/pdb_orig/1fc2.pdb,data/raw/decoy_cache/decoys_r_us/lmds/dd/multiple/lmds/1fc2/1fc2.42486.pdb
lmds,1fc2,data/raw/decoy_cache/decoys_r_us/lmds/dd/multiple/lmds/doc/pdb_orig/1fc2.pdb,data/raw/decoy_cache/decoys_r_us/lmds/dd/multiple/lmds/1fc2/1fc2.42570.pdb
lmds,1fc2,data/raw/decoy_cache/decoys_r_us/lmds/dd/multiple/lmds/doc/pdb_orig/1fc2.pdb,data/raw/decoy_cache/decoys_r_us/lmds/dd/multiple/lmds/1fc2/1fc2.42587.pdb
lmds,1fc2,data/raw/decoy_cache/decoys_r_us/lmds/dd/multiple/lmds/doc/pdb_orig/1fc2.pdb,data/raw/decoy_cache/decoys_r_us/lmds/dd/multiple/lmds/1fc2/1fc2.42666.pdb
lmds,1fc2,data/raw/decoy_cache/decoys_r_us/lmds/dd/multiple/lmds/doc/pdb_orig/1fc2.pdb,data/raw/decoy_cache/decoys_r_us/lmds/dd/multiple/lmds/1fc2/1fc2.42676.pdb
lmds,1fc2,data/raw/decoy_cache/decoys_r_us/lmds/dd/multiple/lmds/doc/pdb_orig/1fc2.pdb,data/raw/decoy_cache/decoys_r_us/lmds/dd/multiple/lmds/1fc2/1fc2.42700.pdb
lmds,1fc2,data/raw/decoy_cache/decoys_r_us/lmds/dd/multiple/lmds/doc/pdb_orig/1fc2.pdb,data/raw/decoy_cache/decoys_r_us/lmds/dd/multiple/lmds/1fc2/1fc2.42717.pdb
lmds,1fc2,data/raw/decoy_cache/decoys_r_us/lmds/dd/multiple/lmds/doc/pdb_orig/1fc2.pdb,data/raw/decoy_cache/decoys_r_us/lmds/dd/multiple/lmds/1fc2/1fc2.42744.pdb
lmds,1fc2,data/raw/decoy_cache/decoys_r_us/lmds/dd/multiple/lmds/doc/pdb_orig/1fc2.pdb,data/raw/decoy_cache/decoys_r_us/lmds/dd/multiple/lmds/1fc2/1fc2.42777.pdb
lmds,1fc2,data/raw/decoy_cache/decoys_r_us/lmds/dd/multiple/lmds/doc/pdb_orig/1fc2.pdb,data/raw/decoy_cache/decoys_r_us/lmds/dd/multiple/lmds/1fc2/1fc2.42798.pdb
lmds,1fc2,data/raw/decoy_cache/decoys_r_us/lmds/dd/multiple/lmds/doc/pdb_orig/1fc2.pdb,data/raw/decoy_cache/decoys_r_us/lmds/dd/multiple/lmds/1fc2/1fc2.42806.pdb
lmds,1fc2,data/raw/decoy_cache/decoys_r_us/lmds/dd/multiple/lmds/doc/pdb_orig/1fc2.pdb,data/raw/decoy_cache/decoys_r_us/lmds/dd/multiple/lmds/1fc2/1fc2.42845.pdb
lmds,1fc2,data/raw/decoy_cache/decoys_r_us/lmds/dd/multiple/lmds/doc/pdb_orig/1fc2.pdb,data/raw/decoy_cache/decoys_r_us/lmds/dd/multiple/lmds/1fc2/1fc2.42858.pdb
lmds,1fc2,data/raw/decoy_cache/decoys_r_us/lmds/dd/multiple/lmds/doc/pdb_orig/1fc2.pdb,data/raw/decoy_cache/decoys_r_us/lmds/dd/multiple/lmds/1fc2/1fc2.42894.pdb
lmds,1fc2,data/raw/decoy_cache/decoys_r_us/lmds/dd/multiple/lmds/doc/pdb_orig/1fc2.pdb,data/raw/decoy_cache/decoys_r_us/lmds/dd/multiple/lmds/1fc2/1fc2.42921.pdb
lmds,1fc2,data/raw/decoy_cache/decoys_r_us/lmds/dd/multiple/lmds/doc/pdb_orig/1fc2.pdb,data/raw/decoy_cache/decoys_r_us/lmds/dd/multiple/lmds/1fc2/1fc2.42965.pdb
lmds,1fc2,data/raw/decoy_cache/decoys_r_us/lmds/dd/multiple/lmds/doc/pdb_orig/1fc2.pdb,data/raw/decoy_cache/decoys_r_us/lmds/dd/multiple/lmds/1fc2/1fc2.42971.pdb
lmds,1fc2,data/raw/decoy_cache/decoys_r_us/lmds/dd/multiple/lmds/doc/pdb_orig/1fc2.pdb,data/raw/decoy_cache/decoys_r_us/lmds/dd/multiple/lmds/1fc2/1fc2.43010.pdb
lmds,1fc2,data/raw/decoy_cache/decoys_r_us/lmds/dd/multiple/lmds/doc/pdb_orig/1fc2.pdb,data/raw/decoy_cache/decoys_r_us/lmds/dd/multiple/lmds/1fc2/1fc2.43061.pdb
lmds,1fc2,data/raw/decoy_cache/decoys_r_us/lmds/dd/multiple/lmds/doc/pdb_orig/1fc2.pdb,data/raw/decoy_cache/decoys_r_us/lmds/dd/multiple/lmds/1fc2/1fc2.43079.pdb
lmds,1fc2,data/raw/decoy_cache/decoys_r_us/lmds/dd/multiple/lmds/doc/pdb_orig/1fc2.pdb,data/raw/decoy_cache/decoys_r_us/lmds/dd/multiple/lmds/1fc2/1fc2.43108.pdb
lmds,1fc2,data/raw/decoy_cache/decoys_r_us/lmds/dd/multiple/lmds/doc/pdb_orig/1fc2.pdb,data/raw/decoy_cache/decoys_r_us/lmds/dd/multiple/lmds/1fc2/1fc2.43119.pdb
lmds,1fc2,data/raw/decoy_cache/decoys_r_us/lmds/dd/multiple/lmds/doc/pdb_orig/1fc2.pdb,data/raw/decoy_cache/decoys_r_us/lmds/dd/multiple/lmds/1fc2/1fc2.43127.pdb
lmds,1fc2,data/raw/decoy_cache/decoys_r_us/lmds/dd/multiple/lmds/doc/pdb_orig/1fc2.pdb,data/raw/decoy_cache/decoys_r_us/lmds/dd/multiple/lmds/1fc2/1fc2.43156.pdb
lmds,1fc2,data/raw/decoy_cache/decoys_r_us/lmds/dd/multiple/lmds/doc/pdb_orig/1fc2.pdb,data/raw/decoy_cache/decoys_r_us/lmds/dd/multiple/lmds/1fc2/1fc2.43159.pdb
lmds,1fc2,data/raw/decoy_cache/decoys_r_us/lmds/dd/multiple/lmds/doc/pdb_orig/1fc2.pdb,data/raw/decoy_cache/decoys_r_us/lmds/dd/multiple/lmds/1fc2/1fc2.43161.pdb
lmds,1fc2,data/raw/decoy_cache/decoys_r_us/lmds/dd/multiple/lmds/doc/pdb_orig/1fc2.pdb,data/raw/decoy_cache/decoys_r_us/lmds/dd/multiple/lmds/1fc2/1fc2.43181.pdb
lmds,1fc2,data/raw/decoy_cache/decoys_r_us/lmds/dd/multiple/lmds/doc/pdb_orig/1fc2.pdb,data/raw/decoy_cache/decoys_r_us/lmds/dd/multiple/lmds/1fc2/1fc2.43231.pdb
lmds,1fc2,data/raw/decoy_cache/decoys_r_us/lmds/dd/multiple/lmds/doc/pdb_orig/1fc2.pdb,data/raw/decoy_cache/decoys_r_us/lmds/dd/multiple/lmds/1fc2/1fc2.43258.pdb
lmds,1fc2,data/raw/decoy_cache/decoys_r_us/lmds/dd/multiple/lmds/doc/pdb_orig/1fc2.pdb,data/raw/decoy_cache/decoys_r_us/lmds/dd/multiple/lmds/1fc2/1fc2.43336.pdb
lmds,1fc2,data/raw/decoy_cache/decoys_r_us/lmds/dd/multiple/lmds/doc/pdb_orig/1fc2.pdb,data/raw/decoy_cache/decoys_r_us/lmds/dd/multiple/lmds/1fc2/1fc2.43338.pdb
lmds,1fc2,data/raw/decoy_cache/decoys_r_us/lmds/dd/multiple/lmds/doc/pdb_orig/1fc2.pdb,data/raw/decoy_cache/decoys_r_us/lmds/dd/multiple/lmds/1fc2/1fc2.43359.pdb
lmds,1fc2,data/raw/decoy_cache/decoys_r_us/lmds/dd/multiple/lmds/doc/pdb_orig/1fc2.pdb,data/raw/decoy_cache/decoys_r_us/lmds/dd/multiple/lmds/1fc2/1fc2.43373.pdb
lmds,1fc2,data/raw/decoy_cache/decoys_r_us/lmds/dd/multiple/lmds/doc/pdb_orig/1fc2.pdb,data/raw/decoy_cache/decoys_r_us/lmds/dd/multiple/lmds/1fc2/1fc2.43449.pdb
lmds,1fc2,data/raw/decoy_cache/decoys_r_us/lmds/dd/multiple/lmds/doc/pdb_orig/1fc2.pdb,data/raw/decoy_cache/decoys_r_us/lmds/dd/multiple/lmds/1fc2/1fc2.43469.pdb
lmds,1fc2,data/raw/decoy_cache/decoys_r_us/lmds/dd/multiple/lmds/doc/pdb_orig/1fc2.pdb,data/raw/decoy_cache/decoys_r_us/lmds/dd/multiple/lmds/1fc2/1fc2.43477.pdb
lmds,1fc2,data/raw/decoy_cache/decoys_r_us/lmds/dd/multiple/lmds/doc/pdb_orig/1fc2.pdb,data/raw/decoy_cache/decoys_r_us/lmds/dd/multiple/lmds/1fc2/1fc2.43488.pdb
lmds,1fc2,data/raw/decoy_cache/decoys_r_us/lmds/dd/multiple/lmds/doc/pdb_orig/1fc2.pdb,data/raw/decoy_cache/decoys_r_us/lmds/dd/multiple/lmds/1fc2/1fc2.43512.pdb
lmds,1fc2,data/raw/decoy_cache/decoys_r_us/lmds/dd/multiple/lmds/doc/pdb_orig/1fc2.pdb,data/raw/decoy_cache/decoys_r_us/lmds/dd/multiple/lmds/1fc2/1fc2.43626.pdb
lmds,1fc2,data/raw/decoy_cache/decoys_r_us/lmds/dd/multiple/lmds/doc/pdb_orig/1fc2.pdb,data/raw/decoy_cache/decoys_r_us/lmds/dd/multiple/lmds/1fc2/1fc2.43768.pdb
lmds,1fc2,data/raw/decoy_cache/decoys_r_us/lmds/dd/multiple/lmds/doc/pdb_orig/1fc2.pdb,data/raw/decoy_cache/decoys_r_us/lmds/dd/multiple/lmds/1fc2/1fc2.43772.pdb
lmds,1fc2,data/raw/decoy_cache/decoys_r_us/lmds/dd/multiple/lmds/doc/pdb_orig/1fc2.pdb,data/raw/decoy_cache/decoys_r_us/lmds/dd/multiple/lmds/1fc2/1fc2.43971.pdb
lmds,1fc2,data/raw/decoy_cache/decoys_r_us/lmds/dd/multiple/lmds/doc/pdb_orig/1fc2.pdb,data/raw/decoy_cache/decoys_r_us/lmds/dd/multiple/lmds/1fc2/1fc2.44054.pdb
lmds,1fc2,data/raw/decoy_cache/decoys_r_us/lmds/dd/multiple/lmds/doc/pdb_orig/1fc2.pdb,data/raw/decoy_cache/decoys_r_us/lmds/dd/multiple/lmds/1fc2/1fc2.44061.pdb
lmds,1fc2,data/raw/decoy_cache/decoys_r_us/lmds/dd/multiple/lmds/doc/pdb_orig/1fc2.pdb,data/raw/decoy_cache/decoys_r_us/lmds/dd/multiple/lmds/1fc2/1fc2.44092.pdb
lmds,1fc2,data/raw/decoy_cache/decoys_r_us/lmds/dd/multiple/lmds/doc/pdb_orig/1fc2.pdb,data/raw/decoy_cache/decoys_r_us/lmds/dd/multiple/lmds/1fc2/1fc2.44121.pdb
lmds,1fc2,data/raw/decoy_cache/decoys_r_us/lmds/dd/multiple/lmds/doc/pdb_orig/1fc2.pdb,data/raw/decoy_cache/decoys_r_us/lmds/dd/multiple/lmds/1fc2/1fc2.44151.pdb
lmds,1fc2,data/raw/decoy_cache/decoys_r_us/lmds/dd/multiple/lmds/doc/pdb_orig/1fc2.pdb,data/raw/decoy_cache/decoys_r_us/lmds/dd/multiple/lmds/1fc2/1fc2.44154.pdb
lmds,1fc2,data/raw/decoy_cache/decoys_r_us/lmds/dd/multiple/lmds/doc/pdb_orig/1fc2.pdb,data/raw/decoy_cache/decoys_r_us/lmds/dd/multiple/lmds/1fc2/1fc2.44180.pdb
lmds,1fc2,data/raw/decoy_cache/decoys_r_us/lmds/dd/multiple/lmds/doc/pdb_orig/1fc2.pdb,data/raw/decoy_cache/decoys_r_us/lmds/dd/multiple/lmds/1fc2/1fc2.44189.pdb
lmds,1fc2,data/raw/decoy_cache/decoys_r_us/lmds/dd/multiple/lmds/doc/pdb_orig/1fc2.pdb,data/raw/decoy_cache/decoys_r_us/lmds/dd/multiple/lmds/1fc2/1fc2.44255.pdb
lmds,1fc2,data/raw/decoy_cache/decoys_r_us/lmds/dd/multiple/lmds/doc/pdb_orig/1fc2.pdb,data/raw/decoy_cache/decoys_r_us/lmds/dd/multiple/lmds/1fc2/1fc2.44388.pdb
lmds,1fc2,data/raw/decoy_cache/decoys_r_us/lmds/dd/multiple/lmds/doc/pdb_orig/1fc2.pdb,data/raw/decoy_cache/decoys_r_us/lmds/dd/multiple/lmds/1fc2/1fc2.44449.pdb
lmds,1fc2,data/raw/decoy_cache/decoys_r_us/lmds/dd/multiple/lmds/doc/pdb_orig/1fc2.pdb,data/raw/decoy_cache/decoys_r_us/lmds/dd/multiple/lmds/1fc2/1fc2.44469.pdb
lmds,1fc2,data/raw/decoy_cache/decoys_r_us/lmds/dd/multiple/lmds/doc/pdb_orig/1fc2.pdb,data/raw/decoy_cache/decoys_r_us/lmds/dd/multiple/lmds/1fc2/1fc2.44623.pdb
lmds,1fc2,data/raw/decoy_cache/decoys_r_us/lmds/dd/multiple/lmds/doc/pdb_orig/1fc2.pdb,data/raw/decoy_cache/decoys_r_us/lmds/dd/multiple/lmds/1fc2/1fc2.44654.pdb
lmds,1fc2,data/raw/decoy_cache/decoys_r_us/lmds/dd/multiple/lmds/doc/pdb_orig/1fc2.pdb,data/raw/decoy_cache/decoys_r_us/lmds/dd/multiple/lmds/1fc2/1fc2.44714.pdb
lmds,1fc2,data/raw/decoy_cache/decoys_r_us/lmds/dd/multiple/lmds/doc/pdb_orig/1fc2.pdb,data/raw/decoy_cache/decoys_r_us/lmds/dd/multiple/lmds/1fc2/1fc2.44741.pdb
lmds,1fc2,data/raw/decoy_cache/decoys_r_us/lmds/dd/multiple/lmds/doc/pdb_orig/1fc2.pdb,data/raw/decoy_cache/decoys_r_us/lmds/dd/multiple/lmds/1fc2/1fc2.44758.pdb
lmds,1fc2,data/raw/decoy_cache/decoys_r_us/lmds/dd/multiple/lmds/doc/pdb_orig/1fc2.pdb,data/raw/decoy_cache/decoys_r_us/lmds/dd/multiple/lmds/1fc2/1fc2.44759.pdb
lmds,1fc2,data/raw/decoy_cache/decoys_r_us/lmds/dd/multiple/lmds/doc/pdb_orig/1fc2.pdb,data/raw/decoy_cache/decoys_r_us/lmds/dd/multiple/lmds/1fc2/1fc2.44787.pdb
lmds,1fc2,data/raw/decoy_cache/decoys_r_us/lmds/dd/multiple/lmds/doc/pdb_orig/1fc2.pdb,data/raw/decoy_cache/decoys_r_us/lmds/dd/multiple/lmds/1fc2/1fc2.44835.pdb
lmds,1fc2,data/raw/decoy_cache/decoys_r_us/lmds/dd/multiple/lmds/doc/pdb_orig/1fc2.pdb,data/raw/decoy_cache/decoys_r_us/lmds/dd/multiple/lmds/1fc2/1fc2.44849.pdb
lmds,1fc2,data/raw/decoy_cache/decoys_r_us/lmds/dd/multiple/lmds/doc/pdb_orig/1fc2.pdb,data/raw/decoy_cache/decoys_r_us/lmds/dd/multiple/lmds/1fc2/1fc2.44866.pdb
lmds,1fc2,data/raw/decoy_cache/decoys_r_us/lmds/dd/multiple/lmds/doc/pdb_orig/1fc2.pdb,data/raw/decoy_cache/decoys_r_us/lmds/dd/multiple/lmds/1fc2/1fc2.44875.pdb
lmds,1fc2,data/raw/decoy_cache/decoys_r_us/lmds/dd/multiple/lmds/doc/pdb_orig/1fc2.pdb,data/raw/decoy_cache/decoys_r_us/lmds/dd/multiple/lmds/1fc2/1fc2.44913.pdb
lmds,1fc2,data/raw/decoy_cache/decoys_r_us/lmds/dd/multiple/lmds/doc/pdb_orig/1fc2.pdb,data/raw/decoy_cache/decoys_r_us/lmds/dd/multiple/lmds/1fc2/1fc2.44914.pdb
lmds,1fc2,data/raw/decoy_cache/decoys_r_us/lmds/dd/multiple/lmds/doc/pdb_orig/1fc2.pdb,data/raw/decoy_cache/decoys_r_us/lmds/dd/multiple/lmds/1fc2/1fc2.44918.pdb
lmds,1fc2,data/raw/decoy_cache/decoys_r_us/lmds/dd/multiple/lmds/doc/pdb_orig/1fc2.pdb,data/raw/decoy_cache/decoys_r_us/lmds/dd/multiple/lmds/1fc2/1fc2.44946.pdb
lmds,1fc2,data/raw/decoy_cache/decoys_r_us/lmds/dd/multiple/lmds/doc/pdb_orig/1fc2.pdb,data/raw/decoy_cache/decoys_r_us/lmds/dd/multiple/lmds/1fc2/1fc2.45016.pdb
lmds,1fc2,data/raw/decoy_cache/decoys_r_us/lmds/dd/multiple/lmds/doc/pdb_orig/1fc2.pdb,data/raw/decoy_cache/decoys_r_us/lmds/dd/multiple/lmds/1fc2/1fc2.45074.pdb
lmds,1fc2,data/raw/decoy_cache/decoys_r_us/lmds/dd/multiple/lmds/doc/pdb_orig/1fc2.pdb,data/raw/decoy_cache/decoys_r_us/lmds/dd/multiple/lmds/1fc2/1fc2.45144.pdb
lmds,1fc2,data/raw/decoy_cache/decoys_r_us/lmds/dd/multiple/lmds/doc/pdb_orig/1fc2.pdb,data/raw/decoy_cache/decoys_r_us/lmds/dd/multiple/lmds/1fc2/1fc2.45196.pdb
lmds,1fc2,data/raw/decoy_cache/decoys_r_us/lmds/dd/multiple/lmds/doc/pdb_orig/1fc2.pdb,data/raw/decoy_cache/decoys_r_us/lmds/dd/multiple/lmds/1fc2/1fc2.45199.pdb
lmds,1fc2,data/raw/decoy_cache/decoys_r_us/lmds/dd/multiple/lmds/doc/pdb_orig/1fc2.pdb,data/raw/decoy_cache/decoys_r_us/lmds/dd/multiple/lmds/1fc2/1fc2.45218.pdb
lmds,1fc2,data/raw/decoy_cache/decoys_r_us/lmds/dd/multiple/lmds/doc/pdb_orig/1fc2.pdb,data/raw/decoy_cache/decoys_r_us/lmds/dd/multiple/lmds/1fc2/1fc2.45219.pdb
lmds,1fc2,data/raw/decoy_cache/decoys_r_us/lmds/dd/multiple/lmds/doc/pdb_orig/1fc2.pdb,data/raw/decoy_cache/decoys_r_us/lmds/dd/multiple/lmds/1fc2/1fc2.45242.pdb
lmds,1fc2,data/raw/decoy_cache/decoys_r_us/lmds/dd/multiple/lmds/doc/pdb_orig/1fc2.pdb,data/raw/decoy_cache/decoys_r_us/lmds/dd/multiple/lmds/1fc2/1fc2.45274.pdb
lmds,1fc2,data/raw/decoy_cache/decoys_r_us/lmds/dd/multiple/lmds/doc/pdb_orig/1fc2.pdb,data/raw/decoy_cache/decoys_r_us/lmds/dd/multiple/lmds/1fc2/1fc2.45356.pdb
lmds,1fc2,data/raw/decoy_cache/decoys_r_us/lmds/dd/multiple/lmds/doc/pdb_orig/1fc2.pdb,data/raw/decoy_cache/decoys_r_us/lmds/dd/multiple/lmds/1fc2/1fc2.45414.pdb
lmds,1fc2,data/raw/decoy_cache/decoys_r_us/lmds/dd/multiple/lmds/doc/pdb_orig/1fc2.pdb,data/raw/decoy_cache/decoys_r_us/lmds/dd/multiple/lmds/1fc2/1fc2.45424.pdb
lmds,1fc2,data/raw/decoy_cache/decoys_r_us/lmds/dd/multiple/lmds/doc/pdb_orig/1fc2.pdb,data/raw/decoy_cache/decoys_r_us/lmds/dd/multiple/lmds/1fc2/1fc2.45458.pdb
lmds,1fc2,data/raw/decoy_cache/decoys_r_us/lmds/dd/multiple/lmds/doc/pdb_orig/1fc2.pdb,data/raw/decoy_cache/decoys_r_us/lmds/dd/multiple/lmds/1fc2/1fc2.45480.pdb
lmds,1fc2,data/raw/decoy_cache/decoys_r_us/lmds/dd/multiple/lmds/doc/pdb_orig/1fc2.pdb,data/raw/decoy_cache/decoys_r_us/lmds/dd/multiple/lmds/1fc2/1fc2.45482.pdb
lmds,1fc2,data/raw/decoy_cache/decoys_r_us/lmds/dd/multiple/lmds/doc/pdb_orig/1fc2.pdb,data/raw/decoy_cache/decoys_r_us/lmds/dd/multiple/lmds/1fc2/1fc2.45608.pdb
lmds,1fc2,data/raw/decoy_cache/decoys_r_us/lmds/dd/multiple/lmds/doc/pdb_orig/1fc2.pdb,data/raw/decoy_cache/decoys_r_us/lmds/dd/multiple/lmds/1fc2/1fc2.45679.pdb
lmds,1fc2,data/raw/decoy_cache/decoys_r_us/lmds/dd/multiple/lmds/doc/pdb_orig/1fc2.pdb,data/raw/decoy_cache/decoys_r_us/lmds/dd/multiple/lmds/1fc2/1fc2.45739.pdb
lmds,1fc2,data/raw/decoy_cache/decoys_r_us/lmds/dd/multiple/lmds/doc/pdb_orig/1fc2.pdb,data/raw/decoy_cache/decoys_r_us/lmds/dd/multiple/lmds/1fc2/1fc2.45751.pdb
lmds,1fc2,data/raw/decoy_cache/decoys_r_us/lmds/dd/multiple/lmds/doc/pdb_orig/1fc2.pdb,data/raw/decoy_cache/decoys_r_us/lmds/dd/multiple/lmds/1fc2/1fc2.45752.pdb
lmds,1fc2,data/raw/decoy_cache/decoys_r_us/lmds/dd/multiple/lmds/doc/pdb_orig/1fc2.pdb,data/raw/decoy_cache/decoys_r_us/lmds/dd/multiple/lmds/1fc2/1fc2.45784.pdb
lmds,1fc2,data/raw/decoy_cache/decoys_r_us/lmds/dd/multiple/lmds/doc/pdb_orig/1fc2.pdb,data/raw/decoy_cache/decoys_r_us/lmds/dd/multiple/lmds/1fc2/1fc2.45806.pdb
lmds,1fc2,data/raw/decoy_cache/decoys_r_us/lmds/dd/multiple/lmds/doc/pdb_orig/1fc2.pdb,data/raw/decoy_cache/decoys_r_us/lmds/dd/multiple/lmds/1fc2/1fc2.45834.pdb
lmds,1fc2,data/raw/decoy_cache/decoys_r_us/lmds/dd/multiple/lmds/doc/pdb_orig/1fc2.pdb,data/raw/decoy_cache/decoys_r_us/lmds/dd/multiple/lmds/1fc2/1fc2.45901.pdb
lmds,1fc2,data/raw/decoy_cache/decoys_r_us/lmds/dd/multiple/lmds/doc/pdb_orig/1fc2.pdb,data/raw/decoy_cache/decoys_r_us/lmds/dd/multiple/lmds/1fc2/1fc2.45945.pdb
lmds,1fc2,data/raw/decoy_cache/decoys_r_us/lmds/dd/multiple/lmds/doc/pdb_orig/1fc2.pdb,data/raw/decoy_cache/decoys_r_us/lmds/dd/multiple/lmds/1fc2/1fc2.45949.pdb
lmds,1fc2,data/raw/decoy_cache/decoys_r_us/lmds/dd/multiple/lmds/doc/pdb_orig/1fc2.pdb,data/raw/decoy_cache/decoys_r_us/lmds/dd/multiple/lmds/1fc2/1fc2.45958.pdb
lmds,1fc2,data/raw/decoy_cache/decoys_r_us/lmds/dd/multiple/lmds/doc/pdb_orig/1fc2.pdb,data/raw/decoy_cache/decoys_r_us/lmds/dd/multiple/lmds/1fc2/1fc2.45978.pdb
lmds,1fc2,data/raw/decoy_cache/decoys_r_us/lmds/dd/multiple/lmds/doc/pdb_orig/1fc2.pdb,data/raw/decoy_cache/decoys_r_us/lmds/dd/multiple/lmds/1fc2/1fc2.46040.pdb
lmds,1fc2,data/raw/decoy_cache/decoys_r_us/lmds/dd/multiple/lmds/doc/pdb_orig/1fc2.pdb,data/raw/decoy_cache/decoys_r_us/lmds/dd/multiple/lmds/1fc2/1fc2.46096.pdb
lmds,1fc2,data/raw/decoy_cache/decoys_r_us/lmds/dd/multiple/lmds/doc/pdb_orig/1fc2.pdb,data/raw/decoy_cache/decoys_r_us/lmds/dd/multiple/lmds/1fc2/1fc2.46193.pdb
lmds,1fc2,data/raw/decoy_cache/decoys_r_us/lmds/dd/multiple/lmds/doc/pdb_orig/1fc2.pdb,data/raw/decoy_cache/decoys_r_us/lmds/dd/multiple/lmds/1fc2/1fc2.50035.pdb
lmds,1fc2,data/raw/decoy_cache/decoys_r_us/lmds/dd/multiple/lmds/doc/pdb_orig/1fc2.pdb,data/raw/decoy_cache/decoys_r_us/lmds/dd/multiple/lmds/1fc2/1fc2.50103.pdb
lmds,1fc2,data/raw/decoy_cache/decoys_r_us/lmds/dd/multiple/lmds/doc/pdb_orig/1fc2.pdb,data/raw/decoy_cache/decoys_r_us/lmds/dd/multiple/lmds/1fc2/1fc2.50107.pdb
lmds,1fc2,data/raw/decoy_cache/decoys_r_us/lmds/dd/multiple/lmds/doc/pdb_orig/1fc2.pdb,data/raw/decoy_cache/decoys_r_us/lmds/dd/multiple/lmds/1fc2/1fc2.50134.pdb
lmds,1fc2,data/raw/decoy_cache/decoys_r_us/lmds/dd/multiple/lmds/doc/pdb_orig/1fc2.pdb,data/raw/decoy_cache/decoys_r_us/lmds/dd/multiple/lmds/1fc2/1fc2.50257.pdb
lmds,1fc2,data/raw/decoy_cache/decoys_r_us/lmds/dd/multiple/lmds/doc/pdb_orig/1fc2.pdb,data/raw/decoy_cache/decoys_r_us/lmds/dd/multiple/lmds/1fc2/1fc2.50258.pdb
lmds,1fc2,data/raw/decoy_cache/decoys_r_us/lmds/dd/multiple/lmds/doc/pdb_orig/1fc2.pdb,data/raw/decoy_cache/decoys_r_us/lmds/dd/multiple/lmds/1fc2/1fc2.50260.pdb
lmds,1fc2,data/raw/decoy_cache/decoys_r_us/lmds/dd/multiple/lmds/doc/pdb_orig/1fc2.pdb,data/raw/decoy_cache/decoys_r_us/lmds/dd/multiple/lmds/1fc2/1fc2.50273.pdb
lmds,1fc2,data/raw/decoy_cache/decoys_r_us/lmds/dd/multiple/lmds/doc/pdb_orig/1fc2.pdb,data/raw/decoy_cache/decoys_r_us/lmds/dd/multiple/lmds/1fc2/1fc2.50295.pdb
lmds,1fc2,data/raw/decoy_cache/decoys_r_us/lmds/dd/multiple/lmds/doc/pdb_orig/1fc2.pdb,data/raw/decoy_cache/decoys_r_us/lmds/dd/multiple/lmds/1fc2/1fc2.50330.pdb
lmds,1fc2,data/raw/decoy_cache/decoys_r_us/lmds/dd/multiple/lmds/doc/pdb_orig/1fc2.pdb,data/raw/decoy_cache/decoys_r_us/lmds/dd/multiple/lmds/1fc2/1fc2.50333.pdb
lmds,1fc2,data/raw/decoy_cache/decoys_r_us/lmds/dd/multiple/lmds/doc/pdb_orig/1fc2.pdb,data/raw/decoy_cache/decoys_r_us/lmds/dd/multiple/lmds/1fc2/1fc2.50416.pdb
lmds,1fc2,data/raw/decoy_cache/decoys_r_us/lmds/dd/multiple/lmds/doc/pdb_orig/1fc2.pdb,data/raw/decoy_cache/decoys_r_us/lmds/dd/multiple/lmds/1fc2/1fc2.50459.pdb
lmds,1fc2,data/raw/decoy_cache/decoys_r_us/lmds/dd/multiple/lmds/doc/pdb_orig/1fc2.pdb,data/raw/decoy_cache/decoys_r_us/lmds/dd/multiple/lmds/1fc2/1fc2.50509.pdb
lmds,1fc2,data/raw/decoy_cache/decoys_r_us/lmds/dd/multiple/lmds/doc/pdb_orig/1fc2.pdb,data/raw/decoy_cache/decoys_r_us/lmds/dd/multiple/lmds/1fc2/1fc2.50547.pdb
lmds,1fc2,data/raw/decoy_cache/decoys_r_us/lmds/dd/multiple/lmds/doc/pdb_orig/1fc2.pdb,data/raw/decoy_cache/decoys_r_us/lmds/dd/multiple/lmds/1fc2/1fc2.50551.pdb
lmds,1fc2,data/raw/decoy_cache/decoys_r_us/lmds/dd/multiple/lmds/doc/pdb_orig/1fc2.pdb,data/raw/decoy_cache/decoys_r_us/lmds/dd/multiple/lmds/1fc2/1fc2.50624.pdb
lmds,1fc2,data/raw/decoy_cache/decoys_r_us/lmds/dd/multiple/lmds/doc/pdb_orig/1fc2.pdb,data/raw/decoy_cache/decoys_r_us/lmds/dd/multiple/lmds/1fc2/1fc2.50627.pdb
lmds,1fc2,data/raw/decoy_cache/decoys_r_us/lmds/dd/multiple/lmds/doc/pdb_orig/1fc2.pdb,data/raw/decoy_cache/decoys_r_us/lmds/dd/multiple/lmds/1fc2/1fc2.50690.pdb
lmds,1fc2,data/raw/decoy_cache/decoys_r_us/lmds/dd/multiple/lmds/doc/pdb_orig/1fc2.pdb,data/raw/decoy_cache/decoys_r_us/lmds/dd/multiple/lmds/1fc2/1fc2.50736.pdb
lmds,1fc2,data/raw/decoy_cache/decoys_r_us/lmds/dd/multiple/lmds/doc/pdb_orig/1fc2.pdb,data/raw/decoy_cache/decoys_r_us/lmds/dd/multiple/lmds/1fc2/1fc2.50745.pdb
lmds,1fc2,data/raw/decoy_cache/decoys_r_us/lmds/dd/multiple/lmds/doc/pdb_orig/1fc2.pdb,data/raw/decoy_cache/decoys_r_us/lmds/dd/multiple/lmds/1fc2/1fc2.50803.pdb
lmds,1fc2,data/raw/decoy_cache/decoys_r_us/lmds/dd/multiple/lmds/doc/pdb_orig/1fc2.pdb,data/raw/decoy_cache/decoys_r_us/lmds/dd/multiple/lmds/1fc2/1fc2.50814.pdb
lmds,1fc2,data/raw/decoy_cache/decoys_r_us/lmds/dd/multiple/lmds/doc/pdb_orig/1fc2.pdb,data/raw/decoy_cache/decoys_r_us/lmds/dd/multiple/lmds/1fc2/1fc2.50829.pdb
lmds,1fc2,data/raw/decoy_cache/decoys_r_us/lmds/dd/multiple/lmds/doc/pdb_orig/1fc2.pdb,data/raw/decoy_cache/decoys_r_us/lmds/dd/multiple/lmds/1fc2/1fc2.50867.pdb
lmds,1fc2,data/raw/decoy_cache/decoys_r_us/lmds/dd/multiple/lmds/doc/pdb_orig/1fc2.pdb,data/raw/decoy_cache/decoys_r_us/lmds/dd/multiple/lmds/1fc2/1fc2.50884.pdb
lmds,1fc2,data/raw/decoy_cache/decoys_r_us/lmds/dd/multiple/lmds/doc/pdb_orig/1fc2.pdb,data/raw/decoy_cache/decoys_r_us/lmds/dd/multiple/lmds/1fc2/1fc2.50893.pdb
lmds,1fc2,data/raw/decoy_cache/decoys_r_us/lmds/dd/multiple/lmds/doc/pdb_orig/1fc2.pdb,data/raw/decoy_cache/decoys_r_us/lmds/dd/multiple/lmds/1fc2/1fc2.50912.pdb
lmds,1fc2,data/raw/decoy_cache/decoys_r_us/lmds/dd/multiple/lmds/doc/pdb_orig/1fc2.pdb,data/raw/decoy_cache/decoys_r_us/lmds/dd/multiple/lmds/1fc2/1fc2.50946.pdb
lmds,1fc2,data/raw/decoy_cache/decoys_r_us/lmds/dd/multiple/lmds/doc/pdb_orig/1fc2.pdb,data/raw/decoy_cache/decoys_r_us/lmds/dd/multiple/lmds/1fc2/1fc2.50983.pdb
lmds,1fc2,data/raw/decoy_cache/decoys_r_us/lmds/dd/multiple/lmds/doc/pdb_orig/1fc2.pdb,data/raw/decoy_cache/decoys_r_us/lmds/dd/multiple/lmds/1fc2/1fc2.51005.pdb
lmds,1fc2,data/raw/decoy_cache/decoys_r_us/lmds/dd/multiple/lmds/doc/pdb_orig/1fc2.pdb,data/raw/decoy_cache/decoys_r_us/lmds/dd/multiple/lmds/1fc2/1fc2.51038.pdb
lmds,1fc2,data/raw/decoy_cache/decoys_r_us/lmds/dd/multiple/lmds/doc/pdb_orig/1fc2.pdb,data/raw/decoy_cache/decoys_r_us/lmds/dd/multiple/lmds/1fc2/1fc2.51041.pdb
lmds,1fc2,data/raw/decoy_cache/decoys_r_us/lmds/dd/multiple/lmds/doc/pdb_orig/1fc2.pdb,data/raw/decoy_cache/decoys_r_us/lmds/dd/multiple/lmds/1fc2/1fc2.51063.pdb
lmds,1fc2,data/raw/decoy_cache/decoys_r_us/lmds/dd/multiple/lmds/doc/pdb_orig/1fc2.pdb,data/raw/decoy_cache/decoys_r_us/lmds/dd/multiple/lmds/1fc2/1fc2.51111.pdb
lmds,1fc2,data/raw/decoy_cache/decoys_r_us/lmds/dd/multiple/lmds/doc/pdb_orig/1fc2.pdb,data/raw/decoy_cache/decoys_r_us/lmds/dd/multiple/lmds/1fc2/1fc2.51125.pdb
lmds,1fc2,data/raw/decoy_cache/decoys_r_us/lmds/dd/multiple/lmds/doc/pdb_orig/1fc2.pdb,data/raw/decoy_cache/decoys_r_us/lmds/dd/multiple/lmds/1fc2/1fc2.51137.pdb
lmds,1fc2,data/raw/decoy_cache/decoys_r_us/lmds/dd/multiple/lmds/doc/pdb_orig/1fc2.pdb,data/raw/decoy_cache/decoys_r_us/lmds/dd/multiple/lmds/1fc2/1fc2.51231.pdb
lmds,1fc2,data/raw/decoy_cache/decoys_r_us/lmds/dd/multiple/lmds/doc/pdb_orig/1fc2.pdb,data/raw/decoy_cache/decoys_r_us/lmds/dd/multiple/lmds/1fc2/1fc2.51270.pdb
lmds,1fc2,data/raw/decoy_cache/decoys_r_us/lmds/dd/multiple/lmds/doc/pdb_orig/1fc2.pdb,data/raw/decoy_cache/decoys_r_us/lmds/dd/multiple/lmds/1fc2/1fc2.55010.pdb
lmds,1fc2,data/raw/decoy_cache/decoys_r_us/lmds/dd/multiple/lmds/doc/pdb_orig/1fc2.pdb,data/raw/decoy_cache/decoys_r_us/lmds/dd/multiple/lmds/1fc2/1fc2.55014.pdb
lmds,1fc2,data/raw/decoy_cache/decoys_r_us/lmds/dd/multiple/lmds/doc/pdb_orig/1fc2.pdb,data/raw/decoy_cache/decoys_r_us/lmds/dd/multiple/lmds/1fc2/1fc2.55063.pdb
lmds,1fc2,data/raw/decoy_cache/decoys_r_us/lmds/dd/multiple/lmds/doc/pdb_orig/1fc2.pdb,data/raw/decoy_cache/decoys_r_us/lmds/dd/multiple/lmds/1fc2/1fc2.55066.pdb
lmds,1fc2,data/raw/decoy_cache/decoys_r_us/lmds/dd/multiple/lmds/doc/pdb_orig/1fc2.pdb,data/raw/decoy_cache/decoys_r_us/lmds/dd/multiple/lmds/1fc2/1fc2.55098.pdb
lmds,1fc2,data/raw/decoy_cache/decoys_r_us/lmds/dd/multiple/lmds/doc/pdb_orig/1fc2.pdb,data/raw/decoy_cache/decoys_r_us/lmds/dd/multiple/lmds/1fc2/1fc2.55139.pdb
lmds,1fc2,data/raw/decoy_cache/decoys_r_us/lmds/dd/multiple/lmds/doc/pdb_orig/1fc2.pdb,data/raw/decoy_cache/decoys_r_us/lmds/dd/multiple/lmds/1fc2/1fc2.55156.pdb
lmds,1fc2,data/raw/decoy_cache/decoys_r_us/lmds/dd/multiple/lmds/doc/pdb_orig/1fc2.pdb,data/raw/decoy_cache/decoys_r_us/lmds/dd/multiple/lmds/1fc2/1fc2.55171.pdb
lmds,1fc2,data/raw/decoy_cache/decoys_r_us/lmds/dd/multiple/lmds/doc/pdb_orig/1fc2.pdb,data/raw/decoy_cache/decoys_r_us/lmds/dd/multiple/lmds/1fc2/1fc2.55175.pdb
lmds,1fc2,data/raw/decoy_cache/decoys_r_us/lmds/dd/multiple/lmds/doc/pdb_orig/1fc2.pdb,data/raw/decoy_cache/decoys_r_us/lmds/dd/multiple/lmds/1fc2/1fc2.55226.pdb
lmds,1fc2,data/raw/decoy_cache/decoys_r_us/lmds/dd/multiple/lmds/doc/pdb_orig/1fc2.pdb,data/raw/decoy_cache/decoys_r_us/lmds/dd/multiple/lmds/1fc2/1fc2.55258.pdb
lmds,1fc2,data/raw/decoy_cache/decoys_r_us/lmds/dd/multiple/lmds/doc/pdb_orig/1fc2.pdb,data/raw/decoy_cache/decoys_r_us/lmds/dd/multiple/lmds/1fc2/1fc2.55263.pdb
lmds,1fc2,data/raw/decoy_cache/decoys_r_us/lmds/dd/multiple/lmds/doc/pdb_orig/1fc2.pdb,data/raw/decoy_cache/decoys_r_us/lmds/dd/multiple/lmds/1fc2/1fc2.55282.pdb
lmds,1fc2,data/raw/decoy_cache/decoys_r_us/lmds/dd/multiple/lmds/doc/pdb_orig/1fc2.pdb,data/raw/decoy_cache/decoys_r_us/lmds/dd/multiple/lmds/1fc2/1fc2.55311.pdb
lmds,1fc2,data/raw/decoy_cache/decoys_r_us/lmds/dd/multiple/lmds/doc/pdb_orig/1fc2.pdb,data/raw/decoy_cache/decoys_r_us/lmds/dd/multiple/lmds/1fc2/1fc2.55408.pdb
lmds,1fc2,data/raw/decoy_cache/decoys_r_us/lmds/dd/multiple/lmds/doc/pdb_orig/1fc2.pdb,data/raw/decoy_cache/decoys_r_us/lmds/dd/multiple/lmds/1fc2/1fc2.55427.pdb
lmds,1fc2,data/raw/decoy_cache/decoys_r_us/lmds/dd/multiple/lmds/doc/pdb_orig/1fc2.pdb,data/raw/decoy_cache/decoys_r_us/lmds/dd/multiple/lmds/1fc2/1fc2.55452.pdb
lmds,1fc2,data/raw/decoy_cache/decoys_r_us/lmds/dd/multiple/lmds/doc/pdb_orig/1fc2.pdb,data/raw/decoy_cache/decoys_r_us/lmds/dd/multiple/lmds/1fc2/1fc2.55528.pdb
lmds,1fc2,data/raw/decoy_cache/decoys_r_us/lmds/dd/multiple/lmds/doc/pdb_orig/1fc2.pdb,data/raw/decoy_cache/decoys_r_us/lmds/dd/multiple/lmds/1fc2/1fc2.55545.pdb
lmds,1fc2,data/raw/decoy_cache/decoys_r_us/lmds/dd/multiple/lmds/doc/pdb_orig/1fc2.pdb,data/raw/decoy_cache/decoys_r_us/lmds/dd/multiple/lmds/1fc2/1fc2.55637.pdb
lmds,1fc2,data/raw/decoy_cache/decoys_r_us/lmds/dd/multiple/lmds/doc/pdb_orig/1fc2.pdb,data/raw/decoy_cache/decoys_r_us/lmds/dd/multiple/lmds/1fc2/1fc2.55641.pdb
lmds,1fc2,data/raw/decoy_cache/decoys_r_us/lmds/dd/multiple/lmds/doc/pdb_orig/1fc2.pdb,data/raw/decoy_cache/decoys_r_us/lmds/dd/multiple/lmds/1fc2/1fc2.55692.pdb
lmds,1fc2,data/raw/decoy_cache/decoys_r_us/lmds/dd/multiple/lmds/doc/pdb_orig/1fc2.pdb,data/raw/decoy_cache/decoys_r_us/lmds/dd/multiple/lmds/1fc2/1fc2.55701.pdb
lmds,1fc2,data/raw/decoy_cache/decoys_r_us/lmds/dd/multiple/lmds/doc/pdb_orig/1fc2.pdb,data/raw/decoy_cache/decoys_r_us/lmds/dd/multiple/lmds/1fc2/1fc2.55730.pdb
lmds,1fc2,data/raw/decoy_cache/decoys_r_us/lmds/dd/multiple/lmds/doc/pdb_orig/1fc2.pdb,data/raw/decoy_cache/decoys_r_us/lmds/dd/multiple/lmds/1fc2/1fc2.55776.pdb
lmds,1fc2,data/raw/decoy_cache/decoys_r_us/lmds/dd/multiple/lmds/doc/pdb_orig/1fc2.pdb,data/raw/decoy_cache/decoys_r_us/lmds/dd/multiple/lmds/1fc2/1fc2.55859.pdb
lmds,1fc2,data/raw/decoy_cache/decoys_r_us/lmds/dd/multiple/lmds/doc/pdb_orig/1fc2.pdb,data/raw/decoy_cache/decoys_r_us/lmds/dd/multiple/lmds/1fc2/1fc2.55864.pdb
lmds,1fc2,data/raw/decoy_cache/decoys_r_us/lmds/dd/multiple/lmds/doc/pdb_orig/1fc2.pdb,data/raw/decoy_cache/decoys_r_us/lmds/dd/multiple/lmds/1fc2/1fc2.55977.pdb
lmds,1fc2,data/raw/decoy_cache/decoys_r_us/lmds/dd/multiple/lmds/doc/pdb_orig/1fc2.pdb,data/raw/decoy_cache/decoys_r_us/lmds/dd/multiple/lmds/1fc2/1fc2.56020.pdb
lmds,1fc2,data/raw/decoy_cache/decoys_r_us/lmds/dd/multiple/lmds/doc/pdb_orig/1fc2.pdb,data/raw/decoy_cache/decoys_r_us/lmds/dd/multiple/lmds/1fc2/1fc2.56112.pdb
lmds,1fc2,data/raw/decoy_cache/decoys_r_us/lmds/dd/multiple/lmds/doc/pdb_orig/1fc2.pdb,data/raw/decoy_cache/decoys_r_us/lmds/dd/multiple/lmds/1fc2/1fc2.56186.pdb
lmds,1fc2,data/raw/decoy_cache/decoys_r_us/lmds/dd/multiple/lmds/doc/pdb_orig/1fc2.pdb,data/raw/decoy_cache/decoys_r_us/lmds/dd/multiple/lmds/1fc2/1fc2.56187.pdb
lmds,1fc2,data/raw/decoy_cache/decoys_r_us/lmds/dd/multiple/lmds/doc/pdb_orig/1fc2.pdb,data/raw/decoy_cache/decoys_r_us/lmds/dd/multiple/lmds/1fc2/1fc2.56213.pdb
lmds,1fc2,data/raw/decoy_cache/decoys_r_us/lmds/dd/multiple/lmds/doc/pdb_orig/1fc2.pdb,data/raw/decoy_cache/decoys_r_us/lmds/dd/multiple/lmds/1fc2/1fc2.56214.pdb
lmds,1fc2,data/raw/decoy_cache/decoys_r_us/lmds/dd/multiple/lmds/doc/pdb_orig/1fc2.pdb,data/raw/decoy_cache/decoys_r_us/lmds/dd/multiple/lmds/1fc2/1fc2.56257.pdb
lmds,1fc2,data/raw/decoy_cache/decoys_r_us/lmds/dd/multiple/lmds/doc/pdb_orig/1fc2.pdb,data/raw/decoy_cache/decoys_r_us/lmds/dd/multiple/lmds/1fc2/1fc2.60163.pdb
lmds,1fc2,data/raw/decoy_cache/decoys_r_us/lmds/dd/multiple/lmds/doc/pdb_orig/1fc2.pdb,data/raw/decoy_cache/decoys_r_us/lmds/dd/multiple/lmds/1fc2/1fc2.60194.pdb
lmds,1fc2,data/raw/decoy_cache/decoys_r_us/lmds/dd/multiple/lmds/doc/pdb_orig/1fc2.pdb,data/raw/decoy_cache/decoys_r_us/lmds/dd/multiple/lmds/1fc2/1fc2.60212.pdb
lmds,1fc2,data/raw/decoy_cache/decoys_r_us/lmds/dd/multiple/lmds/doc/pdb_orig/1fc2.pdb,data/raw/decoy_cache/decoys_r_us/lmds/dd/multiple/lmds/1fc2/1fc2.60228.pdb
lmds,1fc2,data/raw/decoy_cache/decoys_r_us/lmds/dd/multiple/lmds/doc/pdb_orig/1fc2.pdb,data/raw/decoy_cache/decoys_r_us/lmds/dd/multiple/lmds/1fc2/1fc2.60276.pdb
lmds,1fc2,data/raw/decoy_cache/decoys_r_us/lmds/dd/multiple/lmds/doc/pdb_orig/1fc2.pdb,data/raw/decoy_cache/decoys_r_us/lmds/dd/multiple/lmds/1fc2/1fc2.60306.pdb
lmds,1fc2,data/raw/decoy_cache/decoys_r_us/lmds/dd/multiple/lmds/doc/pdb_orig/1fc2.pdb,data/raw/decoy_cache/decoys_r_us/lmds/dd/multiple/lmds/1fc2/1fc2.60355.pdb
lmds,1fc2,data/raw/decoy_cache/decoys_r_us/lmds/dd/multiple/lmds/doc/pdb_orig/1fc2.pdb,data/raw/decoy_cache/decoys_r_us/lmds/dd/multiple/lmds/1fc2/1fc2.60370.pdb
lmds,1fc2,data/raw/decoy_cache/decoys_r_us/lmds/dd/multiple/lmds/doc/pdb_orig/1fc2.pdb,data/raw/decoy_cache/decoys_r_us/lmds/dd/multiple/lmds/1fc2/1fc2.60523.pdb
lmds,1fc2,data/raw/decoy_cache/decoys_r_us/lmds/dd/multiple/lmds/doc/pdb_orig/1fc2.pdb,data/raw/decoy_cache/decoys_r_us/lmds/dd/multiple/lmds/1fc2/1fc2.60575.pdb
lmds,1fc2,data/raw/decoy_cache/decoys_r_us/lmds/dd/multiple/lmds/doc/pdb_orig/1fc2.pdb,data/raw/decoy_cache/decoys_r_us/lmds/dd/multiple/lmds/1fc2/1fc2.60617.pdb
lmds,1fc2,data/raw/decoy_cache/decoys_r_us/lmds/dd/multiple/lmds/doc/pdb_orig/1fc2.pdb,data/raw/decoy_cache/decoys_r_us/lmds/dd/multiple/lmds/1fc2/1fc2.60694.pdb
lmds,1fc2,data/raw/decoy_cache/decoys_r_us/lmds/dd/multiple/lmds/doc/pdb_orig/1fc2.pdb,data/raw/decoy_cache/decoys_r_us/lmds/dd/multiple/lmds/1fc2/1fc2.60706.pdb
lmds,1fc2,data/raw/decoy_cache/decoys_r_us/lmds/dd/multiple/lmds/doc/pdb_orig/1fc2.pdb,data/raw/decoy_cache/decoys_r_us/lmds/dd/multiple/lmds/1fc2/1fc2.60712.pdb
lmds,1fc2,data/raw/decoy_cache/decoys_r_us/lmds/dd/multiple/lmds/doc/pdb_orig/1fc2.pdb,data/raw/decoy_cache/decoys_r_us/lmds/dd/multiple/lmds/1fc2/1fc2.60732.pdb
lmds,1fc2,data/raw/decoy_cache/decoys_r_us/lmds/dd/multiple/lmds/doc/pdb_orig/1fc2.pdb,data/raw/decoy_cache/decoys_r_us/lmds/dd/multiple/lmds/1fc2/1fc2.60756.pdb
lmds,1fc2,data/raw/decoy_cache/decoys_r_us/lmds/dd/multiple/lmds/doc/pdb_orig/1fc2.pdb,data/raw/decoy_cache/decoys_r_us/lmds/dd/multiple/lmds/1fc2/1fc2.60801.pdb
lmds,1fc2,data/raw/decoy_cache/decoys_r_us/lmds/dd/multiple/lmds/doc/pdb_orig/1fc2.pdb,data/raw/decoy_cache/decoys_r_us/lmds/dd/multiple/lmds/1fc2/1fc2.60877.pdb
lmds,1fc2,data/raw/decoy_cache/decoys_r_us/lmds/dd/multiple/lmds/doc/pdb_orig/1fc2.pdb,data/raw/decoy_cache/decoys_r_us/lmds/dd/multiple/lmds/1fc2/1fc2.60907.pdb
lmds,1fc2,data/raw/decoy_cache/decoys_r_us/lmds/dd/multiple/lmds/doc/pdb_orig/1fc2.pdb,data/raw/decoy_cache/decoys_r_us/lmds/dd/multiple/lmds/1fc2/1fc2.60922.pdb
lmds,1fc2,data/raw/decoy_cache/decoys_r_us/lmds/dd/multiple/lmds/doc/pdb_orig/1fc2.pdb,data/raw/decoy_cache/decoys_r_us/lmds/dd/multiple/lmds/1fc2/1fc2.60935.pdb
lmds,1fc2,data/raw/decoy_cache/decoys_r_us/lmds/dd/multiple/lmds/doc/pdb_orig/1fc2.pdb,data/raw/decoy_cache/decoys_r_us/lmds/dd/multiple/lmds/1fc2/1fc2.61032.pdb
lmds,1fc2,data/raw/decoy_cache/decoys_r_us/lmds/dd/multiple/lmds/doc/pdb_orig/1fc2.pdb,data/raw/decoy_cache/decoys_r_us/lmds/dd/multiple/lmds/1fc2/1fc2.61083.pdb
lmds,1fc2,data/raw/decoy_cache/decoys_r_us/lmds/dd/multiple/lmds/doc/pdb_orig/1fc2.pdb,data/raw/decoy_cache/decoys_r_us/lmds/dd/multiple/lmds/1fc2/1fc2.61096.pdb
lmds,1fc2,data/raw/decoy_cache/decoys_r_us/lmds/dd/multiple/lmds/doc/pdb_orig/1fc2.pdb,data/raw/decoy_cache/decoys_r_us/lmds/dd/multiple/lmds/1fc2/1fc2.61169.pdb
lmds,1fc2,data/raw/decoy_cache/decoys_r_us/lmds/dd/multiple/lmds/doc/pdb_orig/1fc2.pdb,data/raw/decoy_cache/decoys_r_us/lmds/dd/multiple/lmds/1fc2/1fc2.61222.pdb
lmds,1fc2,data/raw/decoy_cache/decoys_r_us/lmds/dd/multiple/lmds/doc/pdb_orig/1fc2.pdb,data/raw/decoy_cache/decoys_r_us/lmds/dd/multiple/lmds/1fc2/1fc2.61240.pdb
lmds,1fc2,data/raw/decoy_cache/decoys_r_us/lmds/dd/multiple/lmds/doc/pdb_orig/1fc2.pdb,data/raw/decoy_cache/decoys_r_us/lmds/dd/multiple/lmds/1fc2/1fc2.61248.pdb
lmds,1fc2,data/raw/decoy_cache/decoys_r_us/lmds/dd/multiple/lmds/doc/pdb_orig/1fc2.pdb,data/raw/decoy_cache/decoys_r_us/lmds/dd/multiple/lmds/1fc2/1fc2.61271.pdb
lmds,1fc2,data/raw/decoy_cache/decoys_r_us/lmds/dd/multiple/lmds/doc/pdb_orig/1fc2.pdb,data/raw/decoy_cache/decoys_r_us/lmds/dd/multiple/lmds/1fc2/1fc2.61294.pdb
lmds,1fc2,data/raw/decoy_cache/decoys_r_us/lmds/dd/multiple/lmds/doc/pdb_orig/1fc2.pdb,data/raw/decoy_cache/decoys_r_us/lmds/dd/multiple/lmds/1fc2/1fc2.61340.pdb
lmds,1fc2,data/raw/decoy_cache/decoys_r_us/lmds/dd/multiple/lmds/doc/pdb_orig/1fc2.pdb,data/raw/decoy_cache/decoys_r_us/lmds/dd/multiple/lmds/1fc2/1fc2.61399.pdb
lmds,1fc2,data/raw/decoy_cache/decoys_r_us/lmds/dd/multiple/lmds/doc/pdb_orig/1fc2.pdb,data/raw/decoy_cache/decoys_r_us/lmds/dd/multiple/lmds/1fc2/1fc2.61546.pdb
lmds,1fc2,data/raw/decoy_cache/decoys_r_us/lmds/dd/multiple/lmds/doc/pdb_orig/1fc2.pdb,data/raw/decoy_cache/decoys_r_us/lmds/dd/multiple/lmds/1fc2/1fc2.61610.pdb
lmds,1fc2,data/raw/decoy_cache/decoys_r_us/lmds/dd/multiple/lmds/doc/pdb_orig/1fc2.pdb,data/raw/decoy_cache/decoys_r_us/lmds/dd/multiple/lmds/1fc2/1fc2.61688.pdb
lmds,1fc2,data/raw/decoy_cache/decoys_r_us/lmds/dd/multiple/lmds/doc/pdb_orig/1fc2.pdb,data/raw/decoy_cache/decoys_r_us/lmds/dd/multiple/lmds/1fc2/1fc2.61796.pdb
lmds,1fc2,data/raw/decoy_cache/decoys_r_us/lmds/dd/multiple/lmds/doc/pdb_orig/1fc2.pdb,data/raw/decoy_cache/decoys_r_us/lmds/dd/multiple/lmds/1fc2/1fc2.61824.pdb
lmds,1fc2,data/raw/decoy_cache/decoys_r_us/lmds/dd/multiple/lmds/doc/pdb_orig/1fc2.pdb,data/raw/decoy_cache/decoys_r_us/lmds/dd/multiple/lmds/1fc2/1fc2.61980.pdb
lmds,1fc2,data/raw/decoy_cache/decoys_r_us/lmds/dd/multiple/lmds/doc/pdb_orig/1fc2.pdb,data/raw/decoy_cache/decoys_r_us/lmds/dd/multiple/lmds/1fc2/1fc2.61988.pdb
lmds,1fc2,data/raw/decoy_cache/decoys_r_us/lmds/dd/multiple/lmds/doc/pdb_orig/1fc2.pdb,data/raw/decoy_cache/decoys_r_us/lmds/dd/multiple/lmds/1fc2/1fc2.62081.pdb
lmds,1fc2,data/raw/decoy_cache/decoys_r_us/lmds/dd/multiple/lmds/doc/pdb_orig/1fc2.pdb,data/raw/decoy_cache/decoys_r_us/lmds/dd/multiple/lmds/1fc2/1fc2.62085.pdb
lmds,1fc2,data/raw/decoy_cache/decoys_r_us/lmds/dd/multiple/lmds/doc/pdb_orig/1fc2.pdb,data/raw/decoy_cache/decoys_r_us/lmds/dd/multiple/lmds/1fc2/1fc2.62122.pdb
lmds,1fc2,data/raw/decoy_cache/decoys_r_us/lmds/dd/multiple/lmds/doc/pdb_orig/1fc2.pdb,data/raw/decoy_cache/decoys_r_us/lmds/dd/multiple/lmds/1fc2/1fc2.62124.pdb
lmds,1fc2,data/raw/decoy_cache/decoys_r_us/lmds/dd/multiple/lmds/doc/pdb_orig/1fc2.pdb,data/raw/decoy_cache/decoys_r_us/lmds/dd/multiple/lmds/1fc2/1fc2.62210.pdb
lmds,1fc2,data/raw/decoy_cache/decoys_r_us/lmds/dd/multiple/lmds/doc/pdb_orig/1fc2.pdb,data/raw/decoy_cache/decoys_r_us/lmds/dd/multiple/lmds/1fc2/1fc2.62212.pdb
lmds,1fc2,data/raw/decoy_cache/decoys_r_us/lmds/dd/multiple/lmds/doc/pdb_orig/1fc2.pdb,data/raw/decoy_cache/decoys_r_us/lmds/dd/multiple/lmds/1fc2/1fc2.62274.pdb
lmds,1fc2,data/raw/decoy_cache/decoys_r_us/lmds/dd/multiple/lmds/doc/pdb_orig/1fc2.pdb,data/raw/decoy_cache/decoys_r_us/lmds/dd/multiple/lmds/1fc2/1fc2.62277.pdb
lmds,1fc2,data/raw/decoy_cache/decoys_r_us/lmds/dd/multiple/lmds/doc/pdb_orig/1fc2.pdb,data/raw/decoy_cache/decoys_r_us/lmds/dd/multiple/lmds/1fc2/1fc2.62285.pdb
lmds,1fc2,data/raw/decoy_cache/decoys_r_us/lmds/dd/multiple/lmds/doc/pdb_orig/1fc2.pdb,data/raw/decoy_cache/decoys_r_us/lmds/dd/multiple/lmds/1fc2/1fc2.62386.pdb
lmds,1fc2,data/raw/decoy_cache/decoys_r_us/lmds/dd/multiple/lmds/doc/pdb_orig/1fc2.pdb,data/raw/decoy_cache/decoys_r_us/lmds/dd/multiple/lmds/1fc2/1fc2.62497.pdb
lmds,1fc2,data/raw/decoy_cache/decoys_r_us/lmds/dd/multiple/lmds/doc/pdb_orig/1fc2.pdb,data/raw/decoy_cache/decoys_r_us/lmds/dd/multiple/lmds/1fc2/1fc2.62502.pdb
lmds,1fc2,data/raw/decoy_cache/decoys_r_us/lmds/dd/multiple/lmds/doc/pdb_orig/1fc2.pdb,data/raw/decoy_cache/decoys_r_us/lmds/dd/multiple/lmds/1fc2/1fc2.62513.pdb
lmds,1fc2,data/raw/decoy_cache/decoys_r_us/lmds/dd/multiple/lmds/doc/pdb_orig/1fc2.pdb,data/raw/decoy_cache/decoys_r_us/lmds/dd/multiple/lmds/1fc2/1fc2.62572.pdb
lmds,1fc2,data/raw/decoy_cache/decoys_r_us/lmds/dd/multiple/lmds/doc/pdb_orig/1fc2.pdb,data/raw/decoy_cache/decoys_r_us/lmds/dd/multiple/lmds/1fc2/1fc2.62579.pdb
lmds,1fc2,data/raw/decoy_cache/decoys_r_us/lmds/dd/multiple/lmds/doc/pdb_orig/1fc2.pdb,data/raw/decoy_cache/decoys_r_us/lmds/dd/multiple/lmds/1fc2/1fc2.62592.pdb
lmds,1fc2,data/raw/decoy_cache/decoys_r_us/lmds/dd/multiple/lmds/doc/pdb_orig/1fc2.pdb,data/raw/decoy_cache/decoys_r_us/lmds/dd/multiple/lmds/1fc2/1fc2.62596.pdb
lmds,1fc2,data/raw/decoy_cache/decoys_r_us/lmds/dd/multiple/lmds/doc/pdb_orig/1fc2.pdb,data/raw/decoy_cache/decoys_r_us/lmds/dd/multiple/lmds/1fc2/1fc2.62753.pdb
lmds,1fc2,data/raw/decoy_cache/decoys_r_us/lmds/dd/multiple/lmds/doc/pdb_orig/1fc2.pdb,data/raw/decoy_cache/decoys_r_us/lmds/dd/multiple/lmds/1fc2/1fc2.62755.pdb
lmds,1fc2,data/raw/decoy_cache/decoys_r_us/lmds/dd/multiple/lmds/doc/pdb_orig/1fc2.pdb,data/raw/decoy_cache/decoys_r_us/lmds/dd/multiple/lmds/1fc2/1fc2.62857.pdb
lmds,1fc2,data/raw/decoy_cache/decoys_r_us/lmds/dd/multiple/lmds/doc/pdb_orig/1fc2.pdb,data/raw/decoy_cache/decoys_r_us/lmds/dd/multiple/lmds/1fc2/1fc2.62862.pdb
lmds,1fc2,data/raw/decoy_cache/decoys_r_us/lmds/dd/multiple/lmds/doc/pdb_orig/1fc2.pdb,data/raw/decoy_cache/decoys_r_us/lmds/dd/multiple/lmds/1fc2/1fc2.62875.pdb
lmds,1fc2,data/raw/decoy_cache/decoys_r_us/lmds/dd/multiple/lmds/doc/pdb_orig/1fc2.pdb,data/raw/decoy_cache/decoys_r_us/lmds/dd/multiple/lmds/1fc2/1fc2.62892.pdb
lmds,1fc2,data/raw/decoy_cache/decoys_r_us/lmds/dd/multiple/lmds/doc/pdb_orig/1fc2.pdb,data/raw/decoy_cache/decoys_r_us/lmds/dd/multiple/lmds/1fc2/1fc2.62916.pdb
lmds,1fc2,data/raw/decoy_cache/decoys_r_us/lmds/dd/multiple/lmds/doc/pdb_orig/1fc2.pdb,data/raw/decoy_cache/decoys_r_us/lmds/dd/multiple/lmds/1fc2/1fc2.62930.pdb
lmds,1fc2,data/raw/decoy_cache/decoys_r_us/lmds/dd/multiple/lmds/doc/pdb_orig/1fc2.pdb,data/raw/decoy_cache/decoys_r_us/lmds/dd/multiple/lmds/1fc2/1fc2.62936.pdb
lmds,1fc2,data/raw/decoy_cache/decoys_r_us/lmds/dd/multiple/lmds/doc/pdb_orig/1fc2.pdb,data/raw/decoy_cache/decoys_r_us/lmds/dd/multiple/lmds/1fc2/1fc2.63009.pdb
lmds,1fc2,data/raw/decoy_cache/decoys_r_us/lmds/dd/multiple/lmds/doc/pdb_orig/1fc2.pdb,data/raw/decoy_cache/decoys_r_us/lmds/dd/multiple/lmds/1fc2/1fc2.63014.pdb
lmds,1fc2,data/raw/decoy_cache/decoys_r_us/lmds/dd/multiple/lmds/doc/pdb_orig/1fc2.pdb,data/raw/decoy_cache/decoys_r_us/lmds/dd/multiple/lmds/1fc2/1fc2.63022.pdb
lmds,1fc2,data/raw/decoy_cache/decoys_r_us/lmds/dd/multiple/lmds/doc/pdb_orig/1fc2.pdb,data/raw/decoy_cache/decoys_r_us/lmds/dd/multiple/lmds/1fc2/1fc2.63036.pdb
lmds,1fc2,data/raw/decoy_cache/decoys_r_us/lmds/dd/multiple/lmds/doc/pdb_orig/1fc2.pdb,data/raw/decoy_cache/decoys_r_us/lmds/dd/multiple/lmds/1fc2/1fc2.65002.pdb
lmds,1fc2,data/raw/decoy_cache/decoys_r_us/lmds/dd/multiple/lmds/doc/pdb_orig/1fc2.pdb,data/raw/decoy_cache/decoys_r_us/lmds/dd/multiple/lmds/1fc2/1fc2.65017.pdb
lmds,1fc2,data/raw/decoy_cache/decoys_r_us/lmds/dd/multiple/lmds/doc/pdb_orig/1fc2.pdb,data/raw/decoy_cache/decoys_r_us/lmds/dd/multiple/lmds/1fc2/1fc2.65022.pdb
lmds,1fc2,data/raw/decoy_cache/decoys_r_us/lmds/dd/multiple/lmds/doc/pdb_orig/1fc2.pdb,data/raw/decoy_cache/decoys_r_us/lmds/dd/multiple/lmds/1fc2/1fc2.65081.pdb
lmds,1fc2,data/raw/decoy_cache/decoys_r_us/lmds/dd/multiple/lmds/doc/pdb_orig/1fc2.pdb,data/raw/decoy_cache/decoys_r_us/lmds/dd/multiple/lmds/1fc2/1fc2.65110.pdb
lmds,1fc2,data/raw/decoy_cache/decoys_r_us/lmds/dd/multiple/lmds/doc/pdb_orig/1fc2.pdb,data/raw/decoy_cache/decoys_r_us/lmds/dd/multiple/lmds/1fc2/1fc2.65123.pdb
lmds,1fc2,data/raw/decoy_cache/decoys_r_us/lmds/dd/multiple/lmds/doc/pdb_orig/1fc2.pdb,data/raw/decoy_cache/decoys_r_us/lmds/dd/multiple/lmds/1fc2/1fc2.pdb
lmds,1igd,data/raw/decoy_cache/decoys_r_us/lmds/dd/multiple/lmds/doc/pdb_orig/1igd.pdb,data/raw/decoy_cache/decoys_r_us/lmds/dd/multiple/lmds/1igd/1igd.10029.pdb
lmds,1igd,data/raw/decoy_cache/decoys_r_us/lmds/dd/multiple/lmds/doc/pdb_orig/1igd.pdb,data/raw/decoy_cache/decoys_r_us/lmds/dd/multiple/lmds/1igd/1igd.10039.pdb
lmds,1igd,data/raw/decoy_cache/decoys_r_us/lmds/dd/multiple/lmds/doc/pdb_orig/1igd.pdb,data/raw/decoy_cache/decoys_r_us/lmds/dd/multiple/lmds/1igd/1igd.10064.pdb
lmds,1igd,data/raw/decoy_cache/decoys_r_us/lmds/dd/multiple/lmds/doc/pdb_orig/1igd.pdb,data/raw/decoy_cache/decoys_r_us/lmds/dd/multiple/lmds/1igd/1igd.10098.pdb
lmds,1igd,data/raw/decoy_cache/decoys_r_us/lmds/dd/multiple/lmds/doc/pdb_orig/1igd.pdb,data/raw/decoy_cache/decoys_r_us/lmds/dd/multiple/lmds/1igd/1igd.10104.pdb
lmds,1igd,data/raw/decoy_cache/decoys_r_us/lmds/dd/multiple/lmds/doc/pdb_orig/1igd.pdb,data/raw/decoy_cache/decoys_r_us/lmds/dd/multiple/lmds/1igd/1igd.10169.pdb
lmds,1igd,data/raw/decoy_cache/decoys_r_us/lmds/dd/multiple/lmds/doc/pdb_orig/1igd.pdb,data/raw/decoy_cache/decoys_r_us/lmds/dd/multiple/lmds/1igd/1igd.10178.pdb
lmds,1igd,data/raw/decoy_cache/decoys_r_us/lmds/dd/multiple/lmds/doc/pdb_orig/1igd.pdb,data/raw/decoy_cache/decoys_r_us/lmds/dd/multiple/lmds/1igd/1igd.10197.pdb
lmds,1igd,data/raw/decoy_cache/decoys_r_us/lmds/dd/multiple/lmds/doc/pdb_orig/1igd.pdb,data/raw/decoy_cache/decoys_r_us/lmds/dd/multiple/lmds/1igd/1igd.10275.pdb
lmds,1igd,data/raw/decoy_cache/decoys_r_us/lmds/dd/multiple/lmds/doc/pdb_orig/1igd.pdb,data/raw/decoy_cache/decoys_r_us/lmds/dd/multiple/lmds/1igd/1igd.10282.pdb
lmds,1igd,data/raw/decoy_cache/decoys_r_us/lmds/dd/multiple/lmds/doc/pdb_orig/1igd.pdb,data/raw/decoy_cache/decoys_r_us/lmds/dd/multiple/lmds/1igd/1igd.10292.pdb
lmds,1igd,data/raw/decoy_cache/decoys_r_us/lmds/dd/multiple/lmds/doc/pdb_orig/1igd.pdb,data/raw/decoy_cache/decoys_r_us/lmds/dd/multiple/lmds/1igd/1igd.10333.pdb
lmds,1igd,data/raw/decoy_cache/decoys_r_us/lmds/dd/multiple/lmds/doc/pdb_orig/1igd.pdb,data/raw/decoy_cache/decoys_r_us/lmds/dd/multiple/lmds/1igd/1igd.10468.pdb
lmds,1igd,data/raw/decoy_cache/decoys_r_us/lmds/dd/multiple/lmds/doc/pdb_orig/1igd.pdb,data/raw/decoy_cache/decoys_r_us/lmds/dd/multiple/lmds/1igd/1igd.10483.pdb
lmds,1igd,data/raw/decoy_cache/decoys_r_us/lmds/dd/multiple/lmds/doc/pdb_orig/1igd.pdb,data/raw/decoy_cache/decoys_r_us/lmds/dd/multiple/lmds/1igd/1igd.10542.pdb
lmds,1igd,data/raw/decoy_cache/decoys_r_us/lmds/dd/multiple/lmds/doc/pdb_orig/1igd.pdb,data/raw/decoy_cache/decoys_r_us/lmds/dd/multiple/lmds/1igd/1igd.10639.pdb
lmds,1igd,data/raw/decoy_cache/decoys_r_us/lmds/dd/multiple/lmds/doc/pdb_orig/1igd.pdb,data/raw/decoy_cache/decoys_r_us/lmds/dd/multiple/lmds/1igd/1igd.10716.pdb
lmds,1igd,data/raw/decoy_cache/decoys_r_us/lmds/dd/multiple/lmds/doc/pdb_orig/1igd.pdb,data/raw/decoy_cache/decoys_r_us/lmds/dd/multiple/lmds/1igd/1igd.10724.pdb
lmds,1igd,data/raw/decoy_cache/decoys_r_us/lmds/dd/multiple/lmds/doc/pdb_orig/1igd.pdb,data/raw/decoy_cache/decoys_r_us/lmds/dd/multiple/lmds/1igd/1igd.10837.pdb
lmds,1igd,data/raw/decoy_cache/decoys_r_us/lmds/dd/multiple/lmds/doc/pdb_orig/1igd.pdb,data/raw/decoy_cache/decoys_r_us/lmds/dd/multiple/lmds/1igd/1igd.10922.pdb
lmds,1igd,data/raw/decoy_cache/decoys_r_us/lmds/dd/multiple/lmds/doc/pdb_orig/1igd.pdb,data/raw/decoy_cache/decoys_r_us/lmds/dd/multiple/lmds/1igd/1igd.10997.pdb
lmds,1igd,data/raw/decoy_cache/decoys_r_us/lmds/dd/multiple/lmds/doc/pdb_orig/1igd.pdb,data/raw/decoy_cache/decoys_r_us/lmds/dd/multiple/lmds/1igd/1igd.11004.pdb
lmds,1igd,data/raw/decoy_cache/decoys_r_us/lmds/dd/multiple/lmds/doc/pdb_orig/1igd.pdb,data/raw/decoy_cache/decoys_r_us/lmds/dd/multiple/lmds/1igd/1igd.11123.pdb
lmds,1igd,data/raw/decoy_cache/decoys_r_us/lmds/dd/multiple/lmds/doc/pdb_orig/1igd.pdb,data/raw/decoy_cache/decoys_r_us/lmds/dd/multiple/lmds/1igd/1igd.11180.pdb
lmds,1igd,data/raw/decoy_cache/decoys_r_us/lmds/dd/multiple/lmds/doc/pdb_orig/1igd.pdb,data/raw/decoy_cache/decoys_r_us/lmds/dd/multiple/lmds/1igd/1igd.11213.pdb
lmds,1igd,data/raw/decoy_cache/decoys_r_us/lmds/dd/multiple/lmds/doc/pdb_orig/1igd.pdb,data/raw/decoy_cache/decoys_r_us/lmds/dd/multiple/lmds/1igd/1igd.11241.pdb
lmds,1igd,data/raw/decoy_cache/decoys_r_us/lmds/dd/multiple/lmds/doc/pdb_orig/1igd.pdb,data/raw/decoy_cache/decoys_r_us/lmds/dd/multiple/lmds/1igd/1igd.11316.pdb
lmds,1igd,data/raw/decoy_cache/decoys_r_us/lmds/dd/multiple/lmds/doc/pdb_orig/1igd.pdb,data/raw/decoy_cache/decoys_r_us/lmds/dd/multiple/lmds/1igd/1igd.11358.pdb
lmds,1igd,data/raw/decoy_cache/decoys_r_us/lmds/dd/multiple/lmds/doc/pdb_orig/1igd.pdb,data/raw/decoy_cache/decoys_r_us/lmds/dd/multiple/lmds/1igd/1igd.11443.pdb
lmds,1igd,data/raw/decoy_cache/decoys_r_us/lmds/dd/multiple/lmds/doc/pdb_orig/1igd.pdb,data/raw/decoy_cache/decoys_r_us/lmds/dd/multiple/lmds/1igd/1igd.11467.pdb
lmds,1igd,data/raw/decoy_cache/decoys_r_us/lmds/dd/multiple/lmds/doc/pdb_orig/1igd.pdb,data/raw/decoy_cache/decoys_r_us/lmds/dd/multiple/lmds/1igd/1igd.11472.pdb
lmds,1igd,data/raw/decoy_cache/decoys_r_us/lmds/dd/multiple/lmds/doc/pdb_orig/1igd.pdb,data/raw/decoy_cache/decoys_r_us/lmds/dd/multiple/lmds/1igd/1igd.11499.pdb
lmds,1igd,data/raw/decoy_cache/decoys_r_us/lmds/dd/multiple/lmds/doc/pdb_orig/1igd.pdb,data/raw/decoy_cache/decoys_r_us/lmds/dd/multiple/lmds/1igd/1igd.11529.pdb
lmds,1igd,data/raw/decoy_cache/decoys_r_us/lmds/dd/multiple/lmds/doc/pdb_orig/1igd.pdb,data/raw/decoy_cache/decoys_r_us/lmds/dd/multiple/lmds/1igd/1igd.11634.pdb
lmds,1igd,data/raw/decoy_cache/decoys_r_us/lmds/dd/multiple/lmds/doc/pdb_orig/1igd.pdb,data/raw/decoy_cache/decoys_r_us/lmds/dd/multiple/lmds/1igd/1igd.11672.pdb
lmds,1igd,data/raw/decoy_cache/decoys_r_us/lmds/dd/multiple/lmds/doc/pdb_orig/1igd.pdb,data/raw/decoy_cache/decoys_r_us/lmds/dd/multiple/lmds/1igd/1igd.11721.pdb
lmds,1igd,data/raw/decoy_cache/decoys_r_us/lmds/dd/multiple/lmds/doc/pdb_orig/1igd.pdb,data/raw/decoy_cache/decoys_r_us/lmds/dd/multiple/lmds/1igd/1igd.11807.pdb
lmds,1igd,data/raw/decoy_cache/decoys_r_us/lmds/dd/multiple/lmds/doc/pdb_orig/1igd.pdb,data/raw/decoy_cache/decoys_r_us/lmds/dd/multiple/lmds/1igd/1igd.11816.pdb
lmds,1igd,data/raw/decoy_cache/decoys_r_us/lmds/dd/multiple/lmds/doc/pdb_orig/1igd.pdb,data/raw/decoy_cache/decoys_r_us/lmds/dd/multiple/lmds/1igd/1igd.11865.pdb
lmds,1igd,data/raw/decoy_cache/decoys_r_us/lmds/dd/multiple/lmds/doc/pdb_orig/1igd.pdb,data/raw/decoy_cache/decoys_r_us/lmds/dd/multiple/lmds/1igd/1igd.11880.pdb
lmds,1igd,data/raw/decoy_cache/decoys_r_us/lmds/dd/multiple/lmds/doc/pdb_orig/1igd.pdb,data/raw/decoy_cache/decoys_r_us/lmds/dd/multiple/lmds/1igd/1igd.11881.pdb
lmds,1igd,data/raw/decoy_cache/decoys_r_us/lmds/dd/multiple/lmds/doc/pdb_orig/1igd.pdb,data/raw/decoy_cache/decoys_r_us/lmds/dd/multiple/lmds/1igd/1igd.11959.pdb
lmds,1igd,data/raw/decoy_cache/decoys_r_us/lmds/dd/multiple/lmds/doc/pdb_orig/1igd.pdb,data/raw/decoy_cache/decoys_r_us/lmds/dd/multiple/lmds/1igd/1igd.20039.pdb
lmds,1igd,data/raw/decoy_cache/decoys_r_us/lmds/dd/multiple/lmds/doc/pdb_orig/1igd.pdb,data/raw/decoy_cache/decoys_r_us/lmds/dd/multiple/lmds/1igd/1igd.20060.pdb
lmds,1igd,data/raw/decoy_cache/decoys_r_us/lmds/dd/multiple/lmds/doc/pdb_orig/1igd.pdb,data/raw/decoy_cache/decoys_r_us/lmds/dd/multiple/lmds/1igd/1igd.20099.pdb
lmds,1igd,data/raw/decoy_cache/decoys_r_us/lmds/dd/multiple/lmds/doc/pdb_orig/1igd.pdb,data/raw/decoy_cache/decoys_r_us/lmds/dd/multiple/lmds/1igd/1igd.20123.pdb
lmds,1igd,data/raw/decoy_cache/decoys_r_us/lmds/dd/multiple/lmds/doc/pdb_orig/1igd.pdb,data/raw/decoy_cache/decoys_r_us/lmds/dd/multiple/lmds/1igd/1igd.20159.pdb
lmds,1igd,data/raw/decoy_cache/decoys_r_us/lmds/dd/multiple/lmds/doc/pdb_orig/1igd.pdb,data/raw/decoy_cache/decoys_r_us/lmds/dd/multiple/lmds/1igd/1igd.20167.pdb
lmds,1igd,data/raw/decoy_cache/decoys_r_us/lmds/dd/multiple/lmds/doc/pdb_orig/1igd.pdb,data/raw/decoy_cache/decoys_r_us/lmds/dd/multiple/lmds/1igd/1igd.20174.pdb
lmds,1igd,data/raw/decoy_cache/decoys_r_us/lmds/dd/multiple/lmds/doc/pdb_orig/1igd.pdb,data/raw/decoy_cache/decoys_r_us/lmds/dd/multiple/lmds/1igd/1igd.20450.pdb
lmds,1igd,data/raw/decoy_cache/decoys_r_us/lmds/dd/multiple/lmds/doc/pdb_orig/1igd.pdb,data/raw/decoy_cache/decoys_r_us/lmds/dd/multiple/lmds/1igd/1igd.20453.pdb
lmds,1igd,data/raw/decoy_cache/decoys_r_us/lmds/dd/multiple/lmds/doc/pdb_orig/1igd.pdb,data/raw/decoy_cache/decoys_r_us/lmds/dd/multiple/lmds/1igd/1igd.20463.pdb
lmds,1igd,data/raw/decoy_cache/decoys_r_us/lmds/dd/multiple/lmds/doc/pdb_orig/1igd.pdb,data/raw/decoy_cache/decoys_r_us/lmds/dd/multiple/lmds/1igd/1igd.20516.pdb
lmds,1igd,data/raw/decoy_cache/decoys_r_us/lmds/dd/multiple/lmds/doc/pdb_orig/1igd.pdb,data/raw/decoy_cache/decoys_r_us/lmds/dd/multiple/lmds/1igd/1igd.20552.pdb
lmds,1igd,data/raw/decoy_cache/decoys_r_us/lmds/dd/multiple/lmds/doc/pdb_orig/1igd.pdb,data/raw/decoy_cache/decoys_r_us/lmds/dd/multiple/lmds/1igd/1igd.20610.pdb
lmds,1igd,data/raw/decoy_cache/decoys_r_us/lmds/dd/multiple/lmds/doc/pdb_orig/1igd.pdb,data/raw/decoy_cache/decoys_r_us/lmds/dd/multiple/lmds/1igd/1igd.20668.pdb
lmds,1igd,data/raw/decoy_cache/decoys_r_us/lmds/dd/multiple/lmds/doc/pdb_orig/1igd.pdb,data/raw/decoy_cache/decoys_r_us/lmds/dd/multiple/lmds/1igd/1igd.20747.pdb
lmds,1igd,data/raw/decoy_cache/decoys_r_us/lmds/dd/multiple/lmds/doc/pdb_orig/1igd.pdb,data/raw/decoy_cache/decoys_r_us/lmds/dd/multiple/lmds/1igd/1igd.20752.pdb
lmds,1igd,data/raw/decoy_cache/decoys_r_us/lmds/dd/multiple/lmds/doc/pdb_orig/1igd.pdb,data/raw/decoy_cache/decoys_r_us/lmds/dd/multiple/lmds/1igd/1igd.20836.pdb
lmds,1igd,data/raw/decoy_cache/decoys_r_us/lmds/dd/multiple/lmds/doc/pdb_orig/1igd.pdb,data/raw/decoy_cache/decoys_r_us/lmds/dd/multiple/lmds/1igd/1igd.20852.pdb
lmds,1igd,data/raw/decoy_cache/decoys_r_us/lmds/dd/multiple/lmds/doc/pdb_orig/1igd.pdb,data/raw/decoy_cache/decoys_r_us/lmds/dd/multiple/lmds/1igd/1igd.20883.pdb
lmds,1igd,data/raw/decoy_cache/decoys_r_us/lmds/dd/multiple/lmds/doc/pdb_orig/1igd.pdb,data/raw/decoy_cache/decoys_r_us/lmds/dd/multiple/lmds/1igd/1igd.20926.pdb
lmds,1igd,data/raw/decoy_cache/decoys_r_us/lmds/dd/multiple/lmds/doc/pdb_orig/1igd.pdb,data/raw/decoy_cache/decoys_r_us/lmds/dd/multiple/lmds/1igd/1igd.21110.pdb
lmds,1igd,data/raw/decoy_cache/decoys_r_us/lmds/dd/multiple/lmds/doc/pdb_orig/1igd.pdb,data/raw/decoy_cache/decoys_r_us/lmds/dd/multiple/lmds/1igd/1igd.21188.pdb
lmds,1igd,data/raw/decoy_cache/decoys_r_us/lmds/dd/multiple/lmds/doc/pdb_orig/1igd.pdb,data/raw/decoy_cache/decoys_r_us/lmds/dd/multiple/lmds/1igd/1igd.21204.pdb
lmds,1igd,data/raw/decoy_cache/decoys_r_us/lmds/dd/multiple/lmds/doc/pdb_orig/1igd.pdb,data/raw/decoy_cache/decoys_r_us/lmds/dd/multiple/lmds/1igd/1igd.21238.pdb
lmds,1igd,data/raw/decoy_cache/decoys_r_us/lmds/dd/multiple/lmds/doc/pdb_orig/1igd.pdb,data/raw/decoy_cache/decoys_r_us/lmds/dd/multiple/lmds/1igd/1igd.21244.pdb
lmds,1igd,data/raw/decoy_cache/decoys_r_us/lmds/dd/multiple/lmds/doc/pdb_orig/1igd.pdb,data/raw/decoy_cache/decoys_r_us/lmds/dd/multiple/lmds/1igd/1igd.21278.pdb
lmds,1igd,data/raw/decoy_cache/decoys_r_us/lmds/dd/multiple/lmds/doc/pdb_orig/1igd.pdb,data/raw/decoy_cache/decoys_r_us/lmds/dd/multiple/lmds/1igd/1igd.21392.pdb
lmds,1igd,data/raw/decoy_cache/decoys_r_us/lmds/dd/multiple/lmds/doc/pdb_orig/1igd.pdb,data/raw/decoy_cache/decoys_r_us/lmds/dd/multiple/lmds/1igd/1igd.21399.pdb
lmds,1igd,data/raw/decoy_cache/decoys_r_us/lmds/dd/multiple/lmds/doc/pdb_orig/1igd.pdb,data/raw/decoy_cache/decoys_r_us/lmds/dd/multiple/lmds/1igd/1igd.21407.pdb
lmds,1igd,data/raw/decoy_cache/decoys_r_us/lmds/dd/multiple/lmds/doc/pdb_orig/1igd.pdb,data/raw/decoy_cache/decoys_r_us/lmds/dd/multiple/lmds/1igd/1igd.21418.pdb
lmds,1igd,data/raw/decoy_cache/decoys_r_us/lmds/dd/multiple/lmds/doc/pdb_orig/1igd.pdb,data/raw/decoy_cache/decoys_r_us/lmds/dd/multiple/lmds/1igd/1igd.21424.pdb
lmds,1igd,data/raw/decoy_cache/decoys_r_us/lmds/dd/multiple/lmds/doc/pdb_orig/1igd.pdb,data/raw/decoy_cache/decoys_r_us/lmds/dd/multiple/lmds/1igd/1igd.21580.pdb
lmds,1igd,data/raw/decoy_cache/decoys_r_us/lmds/dd/multiple/lmds/doc/pdb_orig/1igd.pdb,data/raw/decoy_cache/decoys_r_us/lmds/dd/multiple/lmds/1igd/1igd.21590.pdb
lmds,1igd,data/raw/decoy_cache/decoys_r_us/lmds/dd/multiple/lmds/doc/pdb_orig/1igd.pdb,data/raw/decoy_cache/decoys_r_us/lmds/dd/multiple/lmds/1igd/1igd.21630.pdb
lmds,1igd,data/raw/decoy_cache/decoys_r_us/lmds/dd/multiple/lmds/doc/pdb_orig/1igd.pdb,data/raw/decoy_cache/decoys_r_us/lmds/dd/multiple/lmds/1igd/1igd.21663.pdb
lmds,1igd,data/raw/decoy_cache/decoys_r_us/lmds/dd/multiple/lmds/doc/pdb_orig/1igd.pdb,data/raw/decoy_cache/decoys_r_us/lmds/dd/multiple/lmds/1igd/1igd.21675.pdb
lmds,1igd,data/raw/decoy_cache/decoys_r_us/lmds/dd/multiple/lmds/doc/pdb_orig/1igd.pdb,data/raw/decoy_cache/decoys_r_us/lmds/dd/multiple/lmds/1igd/1igd.21690.pdb
lmds,1igd,data/raw/decoy_cache/decoys_r_us/lmds/dd/multiple/lmds/doc/pdb_orig/1igd.pdb,data/raw/decoy_cache/decoys_r_us/lmds/dd/multiple/lmds/1igd/1igd.21691.pdb
lmds,1igd,data/raw/decoy_cache/decoys_r_us/lmds/dd/multiple/lmds/doc/pdb_orig/1igd.pdb,data/raw/decoy_cache/decoys_r_us/lmds/dd/multiple/lmds/1igd/1igd.21724.pdb
lmds,1igd,data/raw/decoy_cache/decoys_r_us/lmds/dd/multiple/lmds/doc/pdb_orig/1igd.pdb,data/raw/decoy_cache/decoys_r_us/lmds/dd/multiple/lmds/1igd/1igd.21729.pdb
lmds,1igd,data/raw/decoy_cache/decoys_r_us/lmds/dd/multiple/lmds/doc/pdb_orig/1igd.pdb,data/raw/decoy_cache/decoys_r_us/lmds/dd/multiple/lmds/1igd/1igd.21756.pdb
lmds,1igd,data/raw/decoy_cache/decoys_r_us/lmds/dd/multiple/lmds/doc/pdb_orig/1igd.pdb,data/raw/decoy_cache/decoys_r_us/lmds/dd/multiple/lmds/1igd/1igd.21788.pdb
lmds,1igd,data/raw/decoy_cache/decoys_r_us/lmds/dd/multiple/lmds/doc/pdb_orig/1igd.pdb,data/raw/decoy_cache/decoys_r_us/lmds/dd/multiple/lmds/1igd/1igd.21833.pdb
lmds,1igd,data/raw/decoy_cache/decoys_r_us/lmds/dd/multiple/lmds/doc/pdb_orig/1igd.pdb,data/raw/decoy_cache/decoys_r_us/lmds/dd/multiple/lmds/1igd/1igd.21867.pdb
lmds,1igd,data/raw/decoy_cache/decoys_r_us/lmds/dd/multiple/lmds/doc/pdb_orig/1igd.pdb,data/raw/decoy_cache/decoys_r_us/lmds/dd/multiple/lmds/1igd/1igd.21873.pdb
lmds,1igd,data/raw/decoy_cache/decoys_r_us/lmds/dd/multiple/lmds/doc/pdb_orig/1igd.pdb,data/raw/decoy_cache/decoys_r_us/lmds/dd/multiple/lmds/1igd/1igd.21896.pdb
lmds,1igd,data/raw/decoy_cache/decoys_r_us/lmds/dd/multiple/lmds/doc/pdb_orig/1igd.pdb,data/raw/decoy_cache/decoys_r_us/lmds/dd/multiple/lmds/1igd/1igd.22015.pdb
lmds,1igd,data/raw/decoy_cache/decoys_r_us/lmds/dd/multiple/lmds/doc/pdb_orig/1igd.pdb,data/raw/decoy_cache/decoys_r_us/lmds/dd/multiple/lmds/1igd/1igd.22019.pdb
lmds,1igd,data/raw/decoy_cache/decoys_r_us/lmds/dd/multiple/lmds/doc/pdb_orig/1igd.pdb,data/raw/decoy_cache/decoys_r_us/lmds/dd/multiple/lmds/1igd/1igd.22025.pdb
lmds,1igd,data/raw/decoy_cache/decoys_r_us/lmds/dd/multiple/lmds/doc/pdb_orig/1igd.pdb,data/raw/decoy_cache/decoys_r_us/lmds/dd/multiple/lmds/1igd/1igd.22058.pdb
lmds,1igd,data/raw/decoy_cache/decoys_r_us/lmds/dd/multiple/lmds/doc/pdb_orig/1igd.pdb,data/raw/decoy_cache/decoys_r_us/lmds/dd/multiple/lmds/1igd/1igd.22060.pdb
lmds,1igd,data/raw/decoy_cache/decoys_r_us/lmds/dd/multiple/lmds/doc/pdb_orig/1igd.pdb,data/raw/decoy_cache/decoys_r_us/lmds/dd/multiple/lmds/1igd/1igd.22063.pdb
lmds,1igd,data/raw/decoy_cache/decoys_r_us/lmds/dd/multiple/lmds/doc/pdb_orig/1igd.pdb,data/raw/decoy_cache/decoys_r_us/lmds/dd/multiple/lmds/1igd/1igd.22135.pdb
lmds,1igd,data/raw/decoy_cache/decoys_r_us/lmds/dd/multiple/lmds/doc/pdb_orig/1igd.pdb,data/raw/decoy_cache/decoys_r_us/lmds/dd/multiple/lmds/1igd/1igd.22295.pdb
lmds,1igd,data/raw/decoy_cache/decoys_r_us/lmds/dd/multiple/lmds/doc/pdb_orig/1igd.pdb,data/raw/decoy_cache/decoys_r_us/lmds/dd/multiple/lmds/1igd/1igd.22339.pdb
lmds,1igd,data/raw/decoy_cache/decoys_r_us/lmds/dd/multiple/lmds/doc/pdb_orig/1igd.pdb,data/raw/decoy_cache/decoys_r_us/lmds/dd/multiple/lmds/1igd/1igd.22344.pdb
lmds,1igd,data/raw/decoy_cache/decoys_r_us/lmds/dd/multiple/lmds/doc/pdb_orig/1igd.pdb,data/raw/decoy_cache/decoys_r_us/lmds/dd/multiple/lmds/1igd/1igd.25031.pdb
lmds,1igd,data/raw/decoy_cache/decoys_r_us/lmds/dd/multiple/lmds/doc/pdb_orig/1igd.pdb,data/raw/decoy_cache/decoys_r_us/lmds/dd/multiple/lmds/1igd/1igd.25106.pdb
lmds,1igd,data/raw/decoy_cache/decoys_r_us/lmds/dd/multiple/lmds/doc/pdb_orig/1igd.pdb,data/raw/decoy_cache/decoys_r_us/lmds/dd/multiple/lmds/1igd/1igd.25116.pdb
lmds,1igd,data/raw/decoy_cache/decoys_r_us/lmds/dd/multiple/lmds/doc/pdb_orig/1igd.pdb,data/raw/decoy_cache/decoys_r_us/lmds/dd/multiple/lmds/1igd/1igd.25146.pdb
lmds,1igd,data/raw/decoy_cache/decoys_r_us/lmds/dd/multiple/lmds/doc/pdb_orig/1igd.pdb,data/raw/decoy_cache/decoys_r_us/lmds/dd/multiple/lmds/1igd/1igd.25166.pdb
lmds,1igd,data/raw/decoy_cache/decoys_r_us/lmds/dd/multiple/lmds/doc/pdb_orig/1igd.pdb,data/raw/decoy_cache/decoys_r_us/lmds/dd/multiple/lmds/1igd/1igd.25167.pdb
lmds,1igd,data/raw/decoy_cache/decoys_r_us/lmds/dd/multiple/lmds/doc/pdb_orig/1igd.pdb,data/raw/decoy_cache/decoys_r_us/lmds/dd/multiple/lmds/1igd/1igd.25206.pdb
lmds,1igd,data/raw/decoy_cache/decoys_r_us/lmds/dd/multiple/lmds/doc/pdb_orig/1igd.pdb,data/raw/decoy_cache/decoys_r_us/lmds/dd/multiple/lmds/1igd/1igd.25226.pdb
lmds,1igd,data/raw/decoy_cache/decoys_r_us/lmds/dd/multiple/lmds/doc/pdb_orig/1igd.pdb,data/raw/decoy_cache/decoys_r_us/lmds/dd/multiple/lmds/1igd/1igd.25291.pdb
lmds,1igd,data/raw/decoy_cache/decoys_r_us/lmds/dd/multiple/lmds/doc/pdb_orig/1igd.pdb,data/raw/decoy_cache/decoys_r_us/lmds/dd/multiple/lmds/1igd/1igd.25364.pdb
lmds,1igd,data/raw/decoy_cache/decoys_r_us/lmds/dd/multiple/lmds/doc/pdb_orig/1igd.pdb,data/raw/decoy_cache/decoys_r_us/lmds/dd/multiple/lmds/1igd/1igd.25447.pdb
lmds,1igd,data/raw/decoy_cache/decoys_r_us/lmds/dd/multiple/lmds/doc/pdb_orig/1igd.pdb,data/raw/decoy_cache/decoys_r_us/lmds/dd/multiple/lmds/1igd/1igd.25485.pdb
lmds,1igd,data/raw/decoy_cache/decoys_r_us/lmds/dd/multiple/lmds/doc/pdb_orig/1igd.pdb,data/raw/decoy_cache/decoys_r_us/lmds/dd/multiple/lmds/1igd/1igd.25541.pdb
lmds,1igd,data/raw/decoy_cache/decoys_r_us/lmds/dd/multiple/lmds/doc/pdb_orig/1igd.pdb,data/raw/decoy_cache/decoys_r_us/lmds/dd/multiple/lmds/1igd/1igd.25558.pdb
lmds,1igd,data/raw/decoy_cache/decoys_r_us/lmds/dd/multiple/lmds/doc/pdb_orig/1igd.pdb,data/raw/decoy_cache/decoys_r_us/lmds/dd/multiple/lmds/1igd/1igd.25563.pdb
lmds,1igd,data/raw/decoy_cache/decoys_r_us/lmds/dd/multiple/lmds/doc/pdb_orig/1igd.pdb,data/raw/decoy_cache/decoys_r_us/lmds/dd/multiple/lmds/1igd/1igd.25564.pdb
lmds,1igd,data/raw/decoy_cache/decoys_r_us/lmds/dd/multiple/lmds/doc/pdb_orig/1igd.pdb,data/raw/decoy_cache/decoys_r_us/lmds/dd/multiple/lmds/1igd/1igd.25603.pdb
lmds,1igd,data/raw/decoy_cache/decoys_r_us/lmds/dd/multiple/lmds/doc/pdb_orig/1igd.pdb,data/raw/decoy_cache/decoys_r_us/lmds/dd/multiple/lmds/1igd/1igd.25660.pdb
lmds,1igd,data/raw/decoy_cache/decoys_r_us/lmds/dd/multiple/lmds/doc/pdb_orig/1igd.pdb,data/raw/decoy_cache/decoys_r_us/lmds/dd/multiple/lmds/1igd/1igd.25672.pdb
lmds,1igd,data/raw/decoy_cache/decoys_r_us/lmds/dd/multiple/lmds/doc/pdb_orig/1igd.pdb,data/raw/decoy_cache/decoys_r_us/lmds/dd/multiple/lmds/1igd/1igd.25691.pdb
lmds,1igd,data/raw/decoy_cache/decoys_r_us/lmds/dd/multiple/lmds/doc/pdb_orig/1igd.pdb,data/raw/decoy_cache/decoys_r_us/lmds/dd/multiple/lmds/1igd/1igd.25717.pdb
lmds,1igd,data/raw/decoy_cache/decoys_r_us/lmds/dd/multiple/lmds/doc/pdb_orig/1igd.pdb,data/raw/decoy_cache/decoys_r_us/lmds/dd/multiple/lmds/1igd/1igd.25777.pdb
lmds,1igd,data/raw/decoy_cache/decoys_r_us/lmds/dd/multiple/lmds/doc/pdb_orig/1igd.pdb,data/raw/decoy_cache/decoys_r_us/lmds/dd/multiple/lmds/1igd/1igd.25857.pdb
lmds,1igd,data/raw/decoy_cache/decoys_r_us/lmds/dd/multiple/lmds/doc/pdb_orig/1igd.pdb,data/raw/decoy_cache/decoys_r_us/lmds/dd/multiple/lmds/1igd/1igd.25883.pdb
lmds,1igd,data/raw/decoy_cache/decoys_r_us/lmds/dd/multiple/lmds/doc/pdb_orig/1igd.pdb,data/raw/decoy_cache/decoys_r_us/lmds/dd/multiple/lmds/1igd/1igd.25931.pdb
lmds,1igd,data/raw/decoy_cache/decoys_r_us/lmds/dd/multiple/lmds/doc/pdb_orig/1igd.pdb,data/raw/decoy_cache/decoys_r_us/lmds/dd/multiple/lmds/1igd/1igd.25960.pdb
lmds,1igd,data/raw/decoy_cache/decoys_r_us/lmds/dd/multiple/lmds/doc/pdb_orig/1igd.pdb,data/raw/decoy_cache/decoys_r_us/lmds/dd/multiple/lmds/1igd/1igd.25977.pdb
lmds,1igd,data/raw/decoy_cache/decoys_r_us/lmds/dd/multiple/lmds/doc/pdb_orig/1igd.pdb,data/raw/decoy_cache/decoys_r_us/lmds/dd/multiple/lmds/1igd/1igd.25997.pdb
lmds,1igd,data/raw/decoy_cache/decoys_r_us/lmds/dd/multiple/lmds/doc/pdb_orig/1igd.pdb,data/raw/decoy_cache/decoys_r_us/lmds/dd/multiple/lmds/1igd/1igd.26016.pdb
lmds,1igd,data/raw/decoy_cache/decoys_r_us/lmds/dd/multiple/lmds/doc/pdb_orig/1igd.pdb,data/raw/decoy_cache/decoys_r_us/lmds/dd/multiple/lmds/1igd/1igd.26064.pdb
lmds,1igd,data/raw/decoy_cache/decoys_r_us/lmds/dd/multiple/lmds/doc/pdb_orig/1igd.pdb,data/raw/decoy_cache/decoys_r_us/lmds/dd/multiple/lmds/1igd/1igd.26067.pdb
lmds,1igd,data/raw/decoy_cache/decoys_r_us/lmds/dd/multiple/lmds/doc/pdb_orig/1igd.pdb,data/raw/decoy_cache/decoys_r_us/lmds/dd/multiple/lmds/1igd/1igd.26076.pdb
lmds,1igd,data/raw/decoy_cache/decoys_r_us/lmds/dd/multiple/lmds/doc/pdb_orig/1igd.pdb,data/raw/decoy_cache/decoys_r_us/lmds/dd/multiple/lmds/1igd/1igd.26147.pdb
lmds,1igd,data/raw/decoy_cache/decoys_r_us/lmds/dd/multiple/lmds/doc/pdb_orig/1igd.pdb,data/raw/decoy_cache/decoys_r_us/lmds/dd/multiple/lmds/1igd/1igd.26149.pdb
lmds,1igd,data/raw/decoy_cache/decoys_r_us/lmds/dd/multiple/lmds/doc/pdb_orig/1igd.pdb,data/raw/decoy_cache/decoys_r_us/lmds/dd/multiple/lmds/1igd/1igd.26243.pdb
lmds,1igd,data/raw/decoy_cache/decoys_r_us/lmds/dd/multiple/lmds/doc/pdb_orig/1igd.pdb,data/raw/decoy_cache/decoys_r_us/lmds/dd/multiple/lmds/1igd/1igd.26377.pdb
lmds,1igd,data/raw/decoy_cache/decoys_r_us/lmds/dd/multiple/lmds/doc/pdb_orig/1igd.pdb,data/raw/decoy_cache/decoys_r_us/lmds/dd/multiple/lmds/1igd/1igd.26444.pdb
lmds,1igd,data/raw/decoy_cache/decoys_r_us/lmds/dd/multiple/lmds/doc/pdb_orig/1igd.pdb,data/raw/decoy_cache/decoys_r_us/lmds/dd/multiple/lmds/1igd/1igd.30020.pdb
lmds,1igd,data/raw/decoy_cache/decoys_r_us/lmds/dd/multiple/lmds/doc/pdb_orig/1igd.pdb,data/raw/decoy_cache/decoys_r_us/lmds/dd/multiple/lmds/1igd/1igd.30027.pdb
lmds,1igd,data/raw/decoy_cache/decoys_r_us/lmds/dd/multiple/lmds/doc/pdb_orig/1igd.pdb,data/raw/decoy_cache/decoys_r_us/lmds/dd/multiple/lmds/1igd/1igd.30032.pdb
lmds,1igd,data/raw/decoy_cache/decoys_r_us/lmds/dd/multiple/lmds/doc/pdb_orig/1igd.pdb,data/raw/decoy_cache/decoys_r_us/lmds/dd/multiple/lmds/1igd/1igd.30085.pdb
lmds,1igd,data/raw/decoy_cache/decoys_r_us/lmds/dd/multiple/lmds/doc/pdb_orig/1igd.pdb,data/raw/decoy_cache/decoys_r_us/lmds/dd/multiple/lmds/1igd/1igd.30123.pdb
lmds,1igd,data/raw/decoy_cache/decoys_r_us/lmds/dd/multiple/lmds/doc/pdb_orig/1igd.pdb,data/raw/decoy_cache/decoys_r_us/lmds/dd/multiple/lmds/1igd/1igd.30131.pdb
lmds,1igd,data/raw/decoy_cache/decoys_r_us/lmds/dd/multiple/lmds/doc/pdb_orig/1igd.pdb,data/raw/decoy_cache/decoys_r_us/lmds/dd/multiple/lmds/1igd/1igd.30160.pdb
lmds,1igd,data/raw/decoy_cache/decoys_r_us/lmds/dd/multiple/lmds/doc/pdb_orig/1igd.pdb,data/raw/decoy_cache/decoys_r_us/lmds/dd/multiple/lmds/1igd/1igd.30162.pdb
lmds,1igd,data/raw/decoy_cache/decoys_r_us/lmds/dd/multiple/lmds/doc/pdb_orig/1igd.pdb,data/raw/decoy_cache/decoys_r_us/lmds/dd/multiple/lmds/1igd/1igd.30232.pdb
lmds,1igd,data/raw/decoy_cache/decoys_r_us/lmds/dd/multiple/lmds/doc/pdb_orig/1igd.pdb,data/raw/decoy_cache/decoys_r_us/lmds/dd/multiple/lmds/1igd/1igd.30237.pdb
lmds,1igd,data/raw/decoy_cache/decoys_r_us/lmds/dd/multiple/lmds/doc/pdb_orig/1igd.pdb,data/raw/decoy_cache/decoys_r_us/lmds/dd/multiple/lmds/1igd/1igd.30253.pdb
lmds,1igd,data/raw/decoy_cache/decoys_r_us/lmds/dd/multiple/lmds/doc/pdb_orig/1igd.pdb,data/raw/decoy_cache/decoys_r_us/lmds/dd/multiple/lmds/1igd/1igd.30290.pdb
lmds,1igd,data/raw/decoy_cache/decoys_r_us/lmds/dd/multiple/lmds/doc/pdb_orig/1igd.pdb,data/raw/decoy_cache/decoys_r_us/lmds/dd/multiple/lmds/1igd/1igd.30361.pdb
lmds,1igd,data/raw/decoy_cache/decoys_r_us/lmds/dd/multiple/lmds/doc/pdb_orig/1igd.pdb,data/raw/decoy_cache/decoys_r_us/lmds/dd/multiple/lmds/1igd/1igd.30383.pdb
lmds,1igd,data/raw/decoy_cache/decoys_r_us/lmds/dd/multiple/lmds/doc/pdb_orig/1igd.pdb,data/raw/decoy_cache/decoys_r_us/lmds/dd/multiple/lmds/1igd/1igd.30384.pdb
lmds,1igd,data/raw/decoy_cache/decoys_r_us/lmds/dd/multiple/lmds/doc/pdb_orig/1igd.pdb,data/raw/decoy_cache/decoys_r_us/lmds/dd/multiple/lmds/1igd/1igd.30415.pdb
lmds,1igd,data/raw/decoy_cache/decoys_r_us/lmds/dd/multiple/lmds/doc/pdb_orig/1igd.pdb,data/raw/decoy_cache/decoys_r_us/lmds/dd/multiple/lmds/1igd/1igd.30434.pdb
lmds,1igd,data/raw/decoy_cache/decoys_r_us/lmds/dd/multiple/lmds/doc/pdb_orig/1igd.pdb,data/raw/decoy_cache/decoys_r_us/lmds/dd/multiple/lmds/1igd/1igd.30474.pdb
lmds,1igd,data/raw/decoy_cache/decoys_r_us/lmds/dd/multiple/lmds/doc/pdb_orig/1igd.pdb,data/raw/decoy_cache/decoys_r_us/lmds/dd/multiple/lmds/1igd/1igd.30485.pdb
lmds,1igd,data/raw/decoy_cache/decoys_r_us/lmds/dd/multiple/lmds/doc/pdb_orig/1igd.pdb,data/raw/decoy_cache/decoys_r_us/lmds/dd/multiple/lmds/1igd/1igd.30504.pdb
lmds,1igd,data/raw/decoy_cache/decoys_r_us/lmds/dd/multiple/lmds/doc/pdb_orig/1igd.pdb,data/raw/decoy_cache/decoys_r_us/lmds/dd/multiple/lmds/1igd/1igd.30516.pdb
lmds,1igd,data/raw/decoy_cache/decoys_r_us/lmds/dd/multiple/lmds/doc/pdb_orig/1igd.pdb,data/raw/decoy_cache/decoys_r_us/lmds/dd/multiple/lmds/1igd/1igd.30540.pdb
lmds,1igd,data/raw/decoy_cache/decoys_r_us/lmds/dd/multiple/lmds/doc/pdb_orig/1igd.pdb,data/raw/decoy_cache/decoys_r_us/lmds/dd/multiple/lmds/1igd/1igd.30613.pdb
lmds,1igd,data/raw/decoy_cache/decoys_r_us/lmds/dd/multiple/lmds/doc/pdb_orig/1igd.pdb,data/raw/decoy_cache/decoys_r_us/lmds/dd/multiple/lmds/1igd/1igd.30636.pdb
lmds,1igd,data/raw/decoy_cache/decoys_r_us/lmds/dd/multiple/lmds/doc/pdb_orig/1igd.pdb,data/raw/decoy_cache/decoys_r_us/lmds/dd/multiple/lmds/1igd/1igd.30711.pdb
lmds,1igd,data/raw/decoy_cache/decoys_r_us/lmds/dd/multiple/lmds/doc/pdb_orig/1igd.pdb,data/raw/decoy_cache/decoys_r_us/lmds/dd/multiple/lmds/1igd/1igd.30720.pdb
lmds,1igd,data/raw/decoy_cache/decoys_r_us/lmds/dd/multiple/lmds/doc/pdb_orig/1igd.pdb,data/raw/decoy_cache/decoys_r_us/lmds/dd/multiple/lmds/1igd/1igd.30742.pdb
lmds,1igd,data/raw/decoy_cache/decoys_r_us/lmds/dd/multiple/lmds/doc/pdb_orig/1igd.pdb,data/raw/decoy_cache/decoys_r_us/lmds/dd/multiple/lmds/1igd/1igd.30761.pdb
lmds,1igd,data/raw/decoy_cache/decoys_r_us/lmds/dd/multiple/lmds/doc/pdb_orig/1igd.pdb,data/raw/decoy_cache/decoys_r_us/lmds/dd/multiple/lmds/1igd/1igd.30770.pdb
lmds,1igd,data/raw/decoy_cache/decoys_r_us/lmds/dd/multiple/lmds/doc/pdb_orig/1igd.pdb,data/raw/decoy_cache/decoys_r_us/lmds/dd/multiple/lmds/1igd/1igd.30810.pdb
lmds,1igd,data/raw/decoy_cache/decoys_r_us/lmds/dd/multiple/lmds/doc/pdb_orig/1igd.pdb,data/raw/decoy_cache/decoys_r_us/lmds/dd/multiple/lmds/1igd/1igd.30815.pdb
lmds,1igd,data/raw/decoy_cache/decoys_r_us/lmds/dd/multiple/lmds/doc/pdb_orig/1igd.pdb,data/raw/decoy_cache/decoys_r_us/lmds/dd/multiple/lmds/1igd/1igd.30819.pdb
lmds,1igd,data/raw/decoy_cache/decoys_r_us/lmds/dd/multiple/lmds/doc/pdb_orig/1igd.pdb,data/raw/decoy_cache/decoys_r_us/lmds/dd/multiple/lmds/1igd/1igd.30826.pdb
lmds,1igd,data/raw/decoy_cache/decoys_r_us/lmds/dd/multiple/lmds/doc/pdb_orig/1igd.pdb,data/raw/decoy_cache/decoys_r_us/lmds/dd/multiple/lmds/1igd/1igd.30839.pdb
lmds,1igd,data/raw/decoy_cache/decoys_r_us/lmds/dd/multiple/lmds/doc/pdb_orig/1igd.pdb,data/raw/decoy_cache/decoys_r_us/lmds/dd/multiple/lmds/1igd/1igd.30856.pdb
lmds,1igd,data/raw/decoy_cache/decoys_r_us/lmds/dd/multiple/lmds/doc/pdb_orig/1igd.pdb,data/raw/decoy_cache/decoys_r_us/lmds/dd/multiple/lmds/1igd/1igd.30859.pdb
lmds,1igd,data/raw/decoy_cache/decoys_r_us/lmds/dd/multiple/lmds/doc/pdb_orig/1igd.pdb,data/raw/decoy_cache/decoys_r_us/lmds/dd/multiple/lmds/1igd/1igd.30877.pdb
lmds,1igd,data/raw/decoy_cache/decoys_r_us/lmds/dd/multiple/lmds/doc/pdb_orig/1igd.pdb,data/raw/decoy_cache/decoys_r_us/lmds/dd/multiple/lmds/1igd/1igd.30888.pdb
lmds,1igd,data/raw/decoy_cache/decoys_r_us/lmds/dd/multiple/lmds/doc/pdb_orig/1igd.pdb,data/raw/decoy_cache/decoys_r_us/lmds/dd/multiple/lmds/1igd/1igd.30911.pdb
lmds,1igd,data/raw/decoy_cache/decoys_r_us/lmds/dd/multiple/lmds/doc/pdb_orig/1igd.pdb,data/raw/decoy_cache/decoys_r_us/lmds/dd/multiple/lmds/1igd/1igd.31007.pdb
lmds,1igd,data/raw/decoy_cache/decoys_r_us/lmds/dd/multiple/lmds/doc/pdb_orig/1igd.pdb,data/raw/decoy_cache/decoys_r_us/lmds/dd/multiple/lmds/1igd/1igd.31186.pdb
lmds,1igd,data/raw/decoy_cache/decoys_r_us/lmds/dd/multiple/lmds/doc/pdb_orig/1igd.pdb,data/raw/decoy_cache/decoys_r_us/lmds/dd/multiple/lmds/1igd/1igd.31215.pdb
lmds,1igd,data/raw/decoy_cache/decoys_r_us/lmds/dd/multiple/lmds/doc/pdb_orig/1igd.pdb,data/raw/decoy_cache/decoys_r_us/lmds/dd/multiple/lmds/1igd/1igd.31218.pdb
lmds,1igd,data/raw/decoy_cache/decoys_r_us/lmds/dd/multiple/lmds/doc/pdb_orig/1igd.pdb,data/raw/decoy_cache/decoys_r_us/lmds/dd/multiple/lmds/1igd/1igd.31272.pdb
lmds,1igd,data/raw/decoy_cache/decoys_r_us/lmds/dd/multiple/lmds/doc/pdb_orig/1igd.pdb,data/raw/decoy_cache/decoys_r_us/lmds/dd/multiple/lmds/1igd/1igd.31347.pdb
lmds,1igd,data/raw/decoy_cache/decoys_r_us/lmds/dd/multiple/lmds/doc/pdb_orig/1igd.pdb,data/raw/decoy_cache/decoys_r_us/lmds/dd/multiple/lmds/1igd/1igd.31407.pdb
lmds,1igd,data/raw/decoy_cache/decoys_r_us/lmds/dd/multiple/lmds/doc/pdb_orig/1igd.pdb,data/raw/decoy_cache/decoys_r_us/lmds/dd/multiple/lmds/1igd/1igd.31459.pdb
lmds,1igd,data/raw/decoy_cache/decoys_r_us/lmds/dd/multiple/lmds/doc/pdb_orig/1igd.pdb,data/raw/decoy_cache/decoys_r_us/lmds/dd/multiple/lmds/1igd/1igd.31473.pdb
lmds,1igd,data/raw/decoy_cache/decoys_r_us/lmds/dd/multiple/lmds/doc/pdb_orig/1igd.pdb,data/raw/decoy_cache/decoys_r_us/lmds/dd/multiple/lmds/1igd/1igd.31500.pdb
lmds,1igd,data/raw/decoy_cache/decoys_r_us/lmds/dd/multiple/lmds/doc/pdb_orig/1igd.pdb,data/raw/decoy_cache/decoys_r_us/lmds/dd/multiple/lmds/1igd/1igd.31514.pdb
lmds,1igd,data/raw/decoy_cache/decoys_r_us/lmds/dd/multiple/lmds/doc/pdb_orig/1igd.pdb,data/raw/decoy_cache/decoys_r_us/lmds/dd/multiple/lmds/1igd/1igd.31592.pdb
lmds,1igd,data/raw/decoy_cache/decoys_r_us/lmds/dd/multiple/lmds/doc/pdb_orig/1igd.pdb,data/raw/decoy_cache/decoys_r_us/lmds/dd/multiple/lmds/1igd/1igd.31610.pdb
lmds,1igd,data/raw/decoy_cache/decoys_r_us/lmds/dd/multiple/lmds/doc/pdb_orig/1igd.pdb,data/raw/decoy_cache/decoys_r_us/lmds/dd/multiple/lmds/1igd/1igd.31660.pdb
lmds,1igd,data/raw/decoy_cache/decoys_r_us/lmds/dd/multiple/lmds/doc/pdb_orig/1igd.pdb,data/raw/decoy_cache/decoys_r_us/lmds/dd/multiple/lmds/1igd/1igd.31690.pdb
lmds,1igd,data/raw/decoy_cache/decoys_r_us/lmds/dd/multiple/lmds/doc/pdb_orig/1igd.pdb,data/raw/decoy_cache/decoys_r_us/lmds/dd/multiple/lmds/1igd/1igd.31694.pdb
lmds,1igd,data/raw/decoy_cache/decoys_r_us/lmds/dd/multiple/lmds/doc/pdb_orig/1igd.pdb,data/raw/decoy_cache/decoys_r_us/lmds/dd/multiple/lmds/1igd/1igd.31740.pdb
lmds,1igd,data/raw/decoy_cache/decoys_r_us/lmds/dd/multiple/lmds/doc/pdb_orig/1igd.pdb,data/raw/decoy_cache/decoys_r_us/lmds/dd/multiple/lmds/1igd/1igd.31749.pdb
lmds,1igd,data/raw/decoy_cache/decoys_r_us/lmds/dd/multiple/lmds/doc/pdb_orig/1igd.pdb,data/raw/decoy_cache/decoys_r_us/lmds/dd/multiple/lmds/1igd/1igd.31920.pdb
lmds,1igd,data/raw/decoy_cache/decoys_r_us/lmds/dd/multiple/lmds/doc/pdb_orig/1igd.pdb,data/raw/decoy_cache/decoys_r_us/lmds/dd/multiple/lmds/1igd/1igd.31942.pdb
lmds,1igd,data/raw/decoy_cache/decoys_r_us/lmds/dd/multiple/lmds/doc/pdb_orig/1igd.pdb,data/raw/decoy_cache/decoys_r_us/lmds/dd/multiple/lmds/1igd/1igd.32046.pdb
lmds,1igd,data/raw/decoy_cache/decoys_r_us/lmds/dd/multiple/lmds/doc/pdb_orig/1igd.pdb,data/raw/decoy_cache/decoys_r_us/lmds/dd/multiple/lmds/1igd/1igd.32143.pdb
lmds,1igd,data/raw/decoy_cache/decoys_r_us/lmds/dd/multiple/lmds/doc/pdb_orig/1igd.pdb,data/raw/decoy_cache/decoys_r_us/lmds/dd/multiple/lmds/1igd/1igd.32147.pdb
lmds,1igd,data/raw/decoy_cache/decoys_r_us/lmds/dd/multiple/lmds/doc/pdb_orig/1igd.pdb,data/raw/decoy_cache/decoys_r_us/lmds/dd/multiple/lmds/1igd/1igd.32300.pdb
lmds,1igd,data/raw/decoy_cache/decoys_r_us/lmds/dd/multiple/lmds/doc/pdb_orig/1igd.pdb,data/raw/decoy_cache/decoys_r_us/lmds/dd/multiple/lmds/1igd/1igd.35001.pdb
lmds,1igd,data/raw/decoy_cache/decoys_r_us/lmds/dd/multiple/lmds/doc/pdb_orig/1igd.pdb,data/raw/decoy_cache/decoys_r_us/lmds/dd/multiple/lmds/1igd/1igd.35019.pdb
lmds,1igd,data/raw/decoy_cache/decoys_r_us/lmds/dd/multiple/lmds/doc/pdb_orig/1igd.pdb,data/raw/decoy_cache/decoys_r_us/lmds/dd/multiple/lmds/1igd/1igd.35041.pdb
lmds,1igd,data/raw/decoy_cache/decoys_r_us/lmds/dd/multiple/lmds/doc/pdb_orig/1igd.pdb,data/raw/decoy_cache/decoys_r_us/lmds/dd/multiple/lmds/1igd/1igd.35082.pdb
lmds,1igd,data/raw/decoy_cache/decoys_r_us/lmds/dd/multiple/lmds/doc/pdb_orig/1igd.pdb,data/raw/decoy_cache/decoys_r_us/lmds/dd/multiple/lmds/1igd/1igd.35123.pdb
lmds,1igd,data/raw/decoy_cache/decoys_r_us/lmds/dd/multiple/lmds/doc/pdb_orig/1igd.pdb,data/raw/decoy_cache/decoys_r_us/lmds/dd/multiple/lmds/1igd/1igd.35145.pdb
lmds,1igd,data/raw/decoy_cache/decoys_r_us/lmds/dd/multiple/lmds/doc/pdb_orig/1igd.pdb,data/raw/decoy_cache/decoys_r_us/lmds/dd/multiple/lmds/1igd/1igd.35250.pdb
lmds,1igd,data/raw/decoy_cache/decoys_r_us/lmds/dd/multiple/lmds/doc/pdb_orig/1igd.pdb,data/raw/decoy_cache/decoys_r_us/lmds/dd/multiple/lmds/1igd/1igd.35254.pdb
lmds,1igd,data/raw/decoy_cache/decoys_r_us/lmds/dd/multiple/lmds/doc/pdb_orig/1igd.pdb,data/raw/decoy_cache/decoys_r_us/lmds/dd/multiple/lmds/1igd/1igd.35310.pdb
lmds,1igd,data/raw/decoy_cache/decoys_r_us/lmds/dd/multiple/lmds/doc/pdb_orig/1igd.pdb,data/raw/decoy_cache/decoys_r_us/lmds/dd/multiple/lmds/1igd/1igd.35376.pdb
lmds,1igd,data/raw/decoy_cache/decoys_r_us/lmds/dd/multiple/lmds/doc/pdb_orig/1igd.pdb,data/raw/decoy_cache/decoys_r_us/lmds/dd/multiple/lmds/1igd/1igd.35377.pdb
lmds,1igd,data/raw/decoy_cache/decoys_r_us/lmds/dd/multiple/lmds/doc/pdb_orig/1igd.pdb,data/raw/decoy_cache/decoys_r_us/lmds/dd/multiple/lmds/1igd/1igd.35382.pdb
lmds,1igd,data/raw/decoy_cache/decoys_r_us/lmds/dd/multiple/lmds/doc/pdb_orig/1igd.pdb,data/raw/decoy_cache/decoys_r_us/lmds/dd/multiple/lmds/1igd/1igd.35407.pdb
lmds,1igd,data/raw/decoy_cache/decoys_r_us/lmds/dd/multiple/lmds/doc/pdb_orig/1igd.pdb,data/raw/decoy_cache/decoys_r_us/lmds/dd/multiple/lmds/1igd/1igd.35446.pdb
lmds,1igd,data/raw/decoy_cache/decoys_r_us/lmds/dd/multiple/lmds/doc/pdb_orig/1igd.pdb,data/raw/decoy_cache/decoys_r_us/lmds/dd/multiple/lmds/1igd/1igd.35459.pdb
lmds,1igd,data/raw/decoy_cache/decoys_r_us/lmds/dd/multiple/lmds/doc/pdb_orig/1igd.pdb,data/raw/decoy_cache/decoys_r_us/lmds/dd/multiple/lmds/1igd/1igd.35487.pdb
lmds,1igd,data/raw/decoy_cache/decoys_r_us/lmds/dd/multiple/lmds/doc/pdb_orig/1igd.pdb,data/raw/decoy_cache/decoys_r_us/lmds/dd/multiple/lmds/1igd/1igd.35490.pdb
lmds,1igd,data/raw/decoy_cache/decoys_r_us/lmds/dd/multiple/lmds/doc/pdb_orig/1igd.pdb,data/raw/decoy_cache/decoys_r_us/lmds/dd/multiple/lmds/1igd/1igd.35491.pdb
lmds,1igd,data/raw/decoy_cache/decoys_r_us/lmds/dd/multiple/lmds/doc/pdb_orig/1igd.pdb,data/raw/decoy_cache/decoys_r_us/lmds/dd/multiple/lmds/1igd/1igd.35530.pdb
lmds,1igd,data/raw/decoy_cache/decoys_r_us/lmds/dd/multiple/lmds/doc/pdb_orig/1igd.pdb,data/raw/decoy_cache/decoys_r_us/lmds/dd/multiple/lmds/1igd/1igd.35540.pdb
lmds,1igd,data/raw/decoy_cache/decoys_r_us/lmds/dd/multiple/lmds/doc/pdb_orig/1igd.pdb,data/raw/decoy_cache/decoys_r_us/lmds/dd/multiple/lmds/1igd/1igd.35630.pdb
lmds,1igd,data/raw/decoy_cache/decoys_r_us/lmds/dd/multiple/lmds/doc/pdb_orig/1igd.pdb,data/raw/decoy_cache/decoys_r_us/lmds/dd/multiple/lmds/1igd/1igd.35664.pdb
lmds,1igd,data/raw/decoy_cache/decoys_r_us/lmds/dd/multiple/lmds/doc/pdb_orig/1igd.pdb,data/raw/decoy_cache/decoys_r_us/lmds/dd/multiple/lmds/1igd/1igd.35684.pdb
lmds,1igd,data/raw/decoy_cache/decoys_r_us/lmds/dd/multiple/lmds/doc/pdb_orig/1igd.pdb,data/raw/decoy_cache/decoys_r_us/lmds/dd/multiple/lmds/1igd/1igd.35700.pdb
lmds,1igd,data/raw/decoy_cache/decoys_r_us/lmds/dd/multiple/lmds/doc/pdb_orig/1igd.pdb,data/raw/decoy_cache/decoys_r_us/lmds/dd/multiple/lmds/1igd/1igd.35768.pdb
lmds,1igd,data/raw/decoy_cache/decoys_r_us/lmds/dd/multiple/lmds/doc/pdb_orig/1igd.pdb,data/raw/decoy_cache/decoys_r_us/lmds/dd/multiple/lmds/1igd/1igd.35835.pdb
lmds,1igd,data/raw/decoy_cache/decoys_r_us/lmds/dd/multiple/lmds/doc/pdb_orig/1igd.pdb,data/raw/decoy_cache/decoys_r_us/lmds/dd/multiple/lmds/1igd/1igd.35907.pdb
lmds,1igd,data/raw/decoy_cache/decoys_r_us/lmds/dd/multiple/lmds/doc/pdb_orig/1igd.pdb,data/raw/decoy_cache/decoys_r_us/lmds/dd/multiple/lmds/1igd/1igd.35956.pdb
lmds,1igd,data/raw/decoy_cache/decoys_r_us/lmds/dd/multiple/lmds/doc/pdb_orig/1igd.pdb,data/raw/decoy_cache/decoys_r_us/lmds/dd/multiple/lmds/1igd/1igd.35970.pdb
lmds,1igd,data/raw/decoy_cache/decoys_r_us/lmds/dd/multiple/lmds/doc/pdb_orig/1igd.pdb,data/raw/decoy_cache/decoys_r_us/lmds/dd/multiple/lmds/1igd/1igd.35985.pdb
lmds,1igd,data/raw/decoy_cache/decoys_r_us/lmds/dd/multiple/lmds/doc/pdb_orig/1igd.pdb,data/raw/decoy_cache/decoys_r_us/lmds/dd/multiple/lmds/1igd/1igd.36021.pdb
lmds,1igd,data/raw/decoy_cache/decoys_r_us/lmds/dd/multiple/lmds/doc/pdb_orig/1igd.pdb,data/raw/decoy_cache/decoys_r_us/lmds/dd/multiple/lmds/1igd/1igd.36076.pdb
lmds,1igd,data/raw/decoy_cache/decoys_r_us/lmds/dd/multiple/lmds/doc/pdb_orig/1igd.pdb,data/raw/decoy_cache/decoys_r_us/lmds/dd/multiple/lmds/1igd/1igd.36079.pdb
lmds,1igd,data/raw/decoy_cache/decoys_r_us/lmds/dd/multiple/lmds/doc/pdb_orig/1igd.pdb,data/raw/decoy_cache/decoys_r_us/lmds/dd/multiple/lmds/1igd/1igd.36099.pdb
lmds,1igd,data/raw/decoy_cache/decoys_r_us/lmds/dd/multiple/lmds/doc/pdb_orig/1igd.pdb,data/raw/decoy_cache/decoys_r_us/lmds/dd/multiple/lmds/1igd/1igd.36194.pdb
lmds,1igd,data/raw/decoy_cache/decoys_r_us/lmds/dd/multiple/lmds/doc/pdb_orig/1igd.pdb,data/raw/decoy_cache/decoys_r_us/lmds/dd/multiple/lmds/1igd/1igd.36237.pdb
lmds,1igd,data/raw/decoy_cache/decoys_r_us/lmds/dd/multiple/lmds/doc/pdb_orig/1igd.pdb,data/raw/decoy_cache/decoys_r_us/lmds/dd/multiple/lmds/1igd/1igd.36249.pdb
lmds,1igd,data/raw/decoy_cache/decoys_r_us/lmds/dd/multiple/lmds/doc/pdb_orig/1igd.pdb,data/raw/decoy_cache/decoys_r_us/lmds/dd/multiple/lmds/1igd/1igd.36266.pdb
lmds,1igd,data/raw/decoy_cache/decoys_r_us/lmds/dd/multiple/lmds/doc/pdb_orig/1igd.pdb,data/raw/decoy_cache/decoys_r_us/lmds/dd/multiple/lmds/1igd/1igd.36422.pdb
lmds,1igd,data/raw/decoy_cache/decoys_r_us/lmds/dd/multiple/lmds/doc/pdb_orig/1igd.pdb,data/raw/decoy_cache/decoys_r_us/lmds/dd/multiple/lmds/1igd/1igd.36480.pdb
lmds,1igd,data/raw/decoy_cache/decoys_r_us/lmds/dd/multiple/lmds/doc/pdb_orig/1igd.pdb,data/raw/decoy_cache/decoys_r_us/lmds/dd/multiple/lmds/1igd/1igd.36565.pdb
lmds,1igd,data/raw/decoy_cache/decoys_r_us/lmds/dd/multiple/lmds/doc/pdb_orig/1igd.pdb,data/raw/decoy_cache/decoys_r_us/lmds/dd/multiple/lmds/1igd/1igd.36578.pdb
lmds,1igd,data/raw/decoy_cache/decoys_r_us/lmds/dd/multiple/lmds/doc/pdb_orig/1igd.pdb,data/raw/decoy_cache/decoys_r_us/lmds/dd/multiple/lmds/1igd/1igd.36622.pdb
lmds,1igd,data/raw/decoy_cache/decoys_r_us/lmds/dd/multiple/lmds/doc/pdb_orig/1igd.pdb,data/raw/decoy_cache/decoys_r_us/lmds/dd/multiple/lmds/1igd/1igd.36655.pdb
lmds,1igd,data/raw/decoy_cache/decoys_r_us/lmds/dd/multiple/lmds/doc/pdb_orig/1igd.pdb,data/raw/decoy_cache/decoys_r_us/lmds/dd/multiple/lmds/1igd/1igd.36668.pdb
lmds,1igd,data/raw/decoy_cache/decoys_r_us/lmds/dd/multiple/lmds/doc/pdb_orig/1igd.pdb,data/raw/decoy_cache/decoys_r_us/lmds/dd/multiple/lmds/1igd/1igd.36675.pdb
lmds,1igd,data/raw/decoy_cache/decoys_r_us/lmds/dd/multiple/lmds/doc/pdb_orig/1igd.pdb,data/raw/decoy_cache/decoys_r_us/lmds/dd/multiple/lmds/1igd/1igd.36685.pdb
lmds,1igd,data/raw/decoy_cache/decoys_r_us/lmds/dd/multiple/lmds/doc/pdb_orig/1igd.pdb,data/raw/decoy_cache/decoys_r_us/lmds/dd/multiple/lmds/1igd/1igd.36695.pdb
lmds,1igd,data/raw/decoy_cache/decoys_r_us/lmds/dd/multiple/lmds/doc/pdb_orig/1igd.pdb,data/raw/decoy_cache/decoys_r_us/lmds/dd/multiple/lmds/1igd/1igd.36719.pdb
lmds,1igd,data/raw/decoy_cache/decoys_r_us/lmds/dd/multiple/lmds/doc/pdb_orig/1igd.pdb,data/raw/decoy_cache/decoys_r_us/lmds/dd/multiple/lmds/1igd/1igd.36788.pdb
lmds,1igd,data/raw/decoy_cache/decoys_r_us/lmds/dd/multiple/lmds/doc/pdb_orig/1igd.pdb,data/raw/decoy_cache/decoys_r_us/lmds/dd/multiple/lmds/1igd/1igd.36809.pdb
lmds,1igd,data/raw/decoy_cache/decoys_r_us/lmds/dd/multiple/lmds/doc/pdb_orig/1igd.pdb,data/raw/decoy_cache/decoys_r_us/lmds/dd/multiple/lmds/1igd/1igd.36969.pdb
lmds,1igd,data/raw/decoy_cache/decoys_r_us/lmds/dd/multiple/lmds/doc/pdb_orig/1igd.pdb,data/raw/decoy_cache/decoys_r_us/lmds/dd/multiple/lmds/1igd/1igd.37057.pdb
lmds,1igd,data/raw/decoy_cache/decoys_r_us/lmds/dd/multiple/lmds/doc/pdb_orig/1igd.pdb,data/raw/decoy_cache/decoys_r_us/lmds/dd/multiple/lmds/1igd/1igd.37121.pdb
lmds,1igd,data/raw/decoy_cache/decoys_r_us/lmds/dd/multiple/lmds/doc/pdb_orig/1igd.pdb,data/raw/decoy_cache/decoys_r_us/lmds/dd/multiple/lmds/1igd/1igd.37179.pdb
lmds,1igd,data/raw/decoy_cache/decoys_r_us/lmds/dd/multiple/lmds/doc/pdb_orig/1igd.pdb,data/raw/decoy_cache/decoys_r_us/lmds/dd/multiple/lmds/1igd/1igd.37201.pdb
lmds,1igd,data/raw/decoy_cache/decoys_r_us/lmds/dd/multiple/lmds/doc/pdb_orig/1igd.pdb,data/raw/decoy_cache/decoys_r_us/lmds/dd/multiple/lmds/1igd/1igd.37208.pdb
lmds,1igd,data/raw/decoy_cache/decoys_r_us/lmds/dd/multiple/lmds/doc/pdb_orig/1igd.pdb,data/raw/decoy_cache/decoys_r_us/lmds/dd/multiple/lmds/1igd/1igd.37231.pdb
lmds,1igd,data/raw/decoy_cache/decoys_r_us/lmds/dd/multiple/lmds/doc/pdb_orig/1igd.pdb,data/raw/decoy_cache/decoys_r_us/lmds/dd/multiple/lmds/1igd/1igd.37270.pdb
lmds,1igd,data/raw/decoy_cache/decoys_r_us/lmds/dd/multiple/lmds/doc/pdb_orig/1igd.pdb,data/raw/decoy_cache/decoys_r_us/lmds/dd/multiple/lmds/1igd/1igd.40003.pdb
lmds,1igd,data/raw/decoy_cache/decoys_r_us/lmds/dd/multiple/lmds/doc/pdb_orig/1igd.pdb,data/raw/decoy_cache/decoys_r_us/lmds/dd/multiple/lmds/1igd/1igd.40008.pdb
lmds,1igd,data/raw/decoy_cache/decoys_r_us/lmds/dd/multiple/lmds/doc/pdb_orig/1igd.pdb,data/raw/decoy_cache/decoys_r_us/lmds/dd/multiple/lmds/1igd/1igd.40033.pdb
lmds,1igd,data/raw/decoy_cache/decoys_r_us/lmds/dd/multiple/lmds/doc/pdb_orig/1igd.pdb,data/raw/decoy_cache/decoys_r_us/lmds/dd/multiple/lmds/1igd/1igd.40066.pdb
lmds,1igd,data/raw/decoy_cache/decoys_r_us/lmds/dd/multiple/lmds/doc/pdb_orig/1igd.pdb,data/raw/decoy_cache/decoys_r_us/lmds/dd/multiple/lmds/1igd/1igd.40319.pdb
lmds,1igd,data/raw/decoy_cache/decoys_r_us/lmds/dd/multiple/lmds/doc/pdb_orig/1igd.pdb,data/raw/decoy_cache/decoys_r_us/lmds/dd/multiple/lmds/1igd/1igd.40328.pdb
lmds,1igd,data/raw/decoy_cache/decoys_r_us/lmds/dd/multiple/lmds/doc/pdb_orig/1igd.pdb,data/raw/decoy_cache/decoys_r_us/lmds/dd/multiple/lmds/1igd/1igd.40352.pdb
lmds,1igd,data/raw/decoy_cache/decoys_r_us/lmds/dd/multiple/lmds/doc/pdb_orig/1igd.pdb,data/raw/decoy_cache/decoys_r_us/lmds/dd/multiple/lmds/1igd/1igd.40357.pdb
lmds,1igd,data/raw/decoy_cache/decoys_r_us/lmds/dd/multiple/lmds/doc/pdb_orig/1igd.pdb,data/raw/decoy_cache/decoys_r_us/lmds/dd/multiple/lmds/1igd/1igd.40426.pdb
lmds,1igd,data/raw/decoy_cache/decoys_r_us/lmds/dd/multiple/lmds/doc/pdb_orig/1igd.pdb,data/raw/decoy_cache/decoys_r_us/lmds/dd/multiple/lmds/1igd/1igd.40586.pdb
lmds,1igd,data/raw/decoy_cache/decoys_r_us/lmds/dd/multiple/lmds/doc/pdb_orig/1igd.pdb,data/raw/decoy_cache/decoys_r_us/lmds/dd/multiple/lmds/1igd/1igd.40609.pdb
lmds,1igd,data/raw/decoy_cache/decoys_r_us/lmds/dd/multiple/lmds/doc/pdb_orig/1igd.pdb,data/raw/decoy_cache/decoys_r_us/lmds/dd/multiple/lmds/1igd/1igd.40702.pdb
lmds,1igd,data/raw/decoy_cache/decoys_r_us/lmds/dd/multiple/lmds/doc/pdb_orig/1igd.pdb,data/raw/decoy_cache/decoys_r_us/lmds/dd/multiple/lmds/1igd/1igd.40716.pdb
lmds,1igd,data/raw/decoy_cache/decoys_r_us/lmds/dd/multiple/lmds/doc/pdb_orig/1igd.pdb,data/raw/decoy_cache/decoys_r_us/lmds/dd/multiple/lmds/1igd/1igd.40777.pdb
lmds,1igd,data/raw/decoy_cache/decoys_r_us/lmds/dd/multiple/lmds/doc/pdb_orig/1igd.pdb,data/raw/decoy_cache/decoys_r_us/lmds/dd/multiple/lmds/1igd/1igd.40854.pdb
lmds,1igd,data/raw/decoy_cache/decoys_r_us/lmds/dd/multiple/lmds/doc/pdb_orig/1igd.pdb,data/raw/decoy_cache/decoys_r_us/lmds/dd/multiple/lmds/1igd/1igd.40909.pdb
lmds,1igd,data/raw/decoy_cache/decoys_r_us/lmds/dd/multiple/lmds/doc/pdb_orig/1igd.pdb,data/raw/decoy_cache/decoys_r_us/lmds/dd/multiple/lmds/1igd/1igd.40947.pdb
lmds,1igd,data/raw/decoy_cache/decoys_r_us/lmds/dd/multiple/lmds/doc/pdb_orig/1igd.pdb,data/raw/decoy_cache/decoys_r_us/lmds/dd/multiple/lmds/1igd/1igd.40949.pdb
lmds,1igd,data/raw/decoy_cache/decoys_r_us/lmds/dd/multiple/lmds/doc/pdb_orig/1igd.pdb,data/raw/decoy_cache/decoys_r_us/lmds/dd/multiple/lmds/1igd/1igd.40952.pdb
lmds,1igd,data/raw/decoy_cache/decoys_r_us/lmds/dd/multiple/lmds/doc/pdb_orig/1igd.pdb,data/raw/decoy_cache/decoys_r_us/lmds/dd/multiple/lmds/1igd/1igd.40980.pdb
lmds,1igd,data/raw/decoy_cache/decoys_r_us/lmds/dd/multiple/lmds/doc/pdb_orig/1igd.pdb,data/raw/decoy_cache/decoys_r_us/lmds/dd/multiple/lmds/1igd/1igd.41011.pdb
lmds,1igd,data/raw/decoy_cache/decoys_r_us/lmds/dd/multiple/lmds/doc/pdb_orig/1igd.pdb,data/raw/decoy_cache/decoys_r_us/lmds/dd/multiple/lmds/1igd/1igd.41122.pdb
lmds,1igd,data/raw/decoy_cache/decoys_r_us/lmds/dd/multiple/lmds/doc/pdb_orig/1igd.pdb,data/raw/decoy_cache/decoys_r_us/lmds/dd/multiple/lmds/1igd/1igd.41264.pdb
lmds,1igd,data/raw/decoy_cache/decoys_r_us/lmds/dd/multiple/lmds/doc/pdb_orig/1igd.pdb,data/raw/decoy_cache/decoys_r_us/lmds/dd/multiple/lmds/1igd/1igd.41349.pdb
lmds,1igd,data/raw/decoy_cache/decoys_r_us/lmds/dd/multiple/lmds/doc/pdb_orig/1igd.pdb,data/raw/decoy_cache/decoys_r_us/lmds/dd/multiple/lmds/1igd/1igd.41353.pdb
lmds,1igd,data/raw/decoy_cache/decoys_r_us/lmds/dd/multiple/lmds/doc/pdb_orig/1igd.pdb,data/raw/decoy_cache/decoys_r_us/lmds/dd/multiple/lmds/1igd/1igd.41365.pdb
lmds,1igd,data/raw/decoy_cache/decoys_r_us/lmds/dd/multiple/lmds/doc/pdb_orig/1igd.pdb,data/raw/decoy_cache/decoys_r_us/lmds/dd/multiple/lmds/1igd/1igd.41385.pdb
lmds,1igd,data/raw/decoy_cache/decoys_r_us/lmds/dd/multiple/lmds/doc/pdb_orig/1igd.pdb,data/raw/decoy_cache/decoys_r_us/lmds/dd/multiple/lmds/1igd/1igd.41389.pdb
lmds,1igd,data/raw/decoy_cache/decoys_r_us/lmds/dd/multiple/lmds/doc/pdb_orig/1igd.pdb,data/raw/decoy_cache/decoys_r_us/lmds/dd/multiple/lmds/1igd/1igd.41429.pdb
lmds,1igd,data/raw/decoy_cache/decoys_r_us/lmds/dd/multiple/lmds/doc/pdb_orig/1igd.pdb,data/raw/decoy_cache/decoys_r_us/lmds/dd/multiple/lmds/1igd/1igd.41438.pdb
lmds,1igd,data/raw/decoy_cache/decoys_r_us/lmds/dd/multiple/lmds/doc/pdb_orig/1igd.pdb,data/raw/decoy_cache/decoys_r_us/lmds/dd/multiple/lmds/1igd/1igd.41452.pdb
lmds,1igd,data/raw/decoy_cache/decoys_r_us/lmds/dd/multiple/lmds/doc/pdb_orig/1igd.pdb,data/raw/decoy_cache/decoys_r_us/lmds/dd/multiple/lmds/1igd/1igd.41518.pdb
lmds,1igd,data/raw/decoy_cache/decoys_r_us/lmds/dd/multiple/lmds/doc/pdb_orig/1igd.pdb,data/raw/decoy_cache/decoys_r_us/lmds/dd/multiple/lmds/1igd/1igd.41540.pdb
lmds,1igd,data/raw/decoy_cache/decoys_r_us/lmds/dd/multiple/lmds/doc/pdb_orig/1igd.pdb,data/raw/decoy_cache/decoys_r_us/lmds/dd/multiple/lmds/1igd/1igd.45010.pdb
lmds,1igd,data/raw/decoy_cache/decoys_r_us/lmds/dd/multiple/lmds/doc/pdb_orig/1igd.pdb,data/raw/decoy_cache/decoys_r_us/lmds/dd/multiple/lmds/1igd/1igd.45012.pdb
lmds,1igd,data/raw/decoy_cache/decoys_r_us/lmds/dd/multiple/lmds/doc/pdb_orig/1igd.pdb,data/raw/decoy_cache/decoys_r_us/lmds/dd/multiple/lmds/1igd/1igd.45018.pdb
lmds,1igd,data/raw/decoy_cache/decoys_r_us/lmds/dd/multiple/lmds/doc/pdb_orig/1igd.pdb,data/raw/decoy_cache/decoys_r_us/lmds/dd/multiple/lmds/1igd/1igd.45085.pdb
lmds,1igd,data/raw/decoy_cache/decoys_r_us/lmds/dd/multiple/lmds/doc/pdb_orig/1igd.pdb,data/raw/decoy_cache/decoys_r_us/lmds/dd/multiple/lmds/1igd/1igd.45116.pdb
lmds,1igd,data/raw/decoy_cache/decoys_r_us/lmds/dd/multiple/lmds/doc/pdb_orig/1igd.pdb,data/raw/decoy_cache/decoys_r_us/lmds/dd/multiple/lmds/1igd/1igd.45121.pdb
lmds,1igd,data/raw/decoy_cache/decoys_r_us/lmds/dd/multiple/lmds/doc/pdb_orig/1igd.pdb,data/raw/decoy_cache/decoys_r_us/lmds/dd/multiple/lmds/1igd/1igd.45139.pdb
lmds,1igd,data/raw/decoy_cache/decoys_r_us/lmds/dd/multiple/lmds/doc/pdb_orig/1igd.pdb,data/raw/decoy_cache/decoys_r_us/lmds/dd/multiple/lmds/1igd/1igd.45142.pdb
lmds,1igd,data/raw/decoy_cache/decoys_r_us/lmds/dd/multiple/lmds/doc/pdb_orig/1igd.pdb,data/raw/decoy_cache/decoys_r_us/lmds/dd/multiple/lmds/1igd/1igd.45200.pdb
lmds,1igd,data/raw/decoy_cache/decoys_r_us/lmds/dd/multiple/lmds/doc/pdb_orig/1igd.pdb,data/raw/decoy_cache/decoys_r_us/lmds/dd/multiple/lmds/1igd/1igd.45222.pdb
lmds,1igd,data/raw/decoy_cache/decoys_r_us/lmds/dd/multiple/lmds/doc/pdb_orig/1igd.pdb,data/raw/decoy_cache/decoys_r_us/lmds/dd/multiple/lmds/1igd/1igd.45226.pdb
lmds,1igd,data/raw/decoy_cache/decoys_r_us/lmds/dd/multiple/lmds/doc/pdb_orig/1igd.pdb,data/raw/decoy_cache/decoys_r_us/lmds/dd/multiple/lmds/1igd/1igd.45235.pdb
lmds,1igd,data/raw/decoy_cache/decoys_r_us/lmds/dd/multiple/lmds/doc/pdb_orig/1igd.pdb,data/raw/decoy_cache/decoys_r_us/lmds/dd/multiple/lmds/1igd/1igd.45271.pdb
lmds,1igd,data/raw/decoy_cache/decoys_r_us/lmds/dd/multiple/lmds/doc/pdb_orig/1igd.pdb,data/raw/decoy_cache/decoys_r_us/lmds/dd/multiple/lmds/1igd/1igd.45292.pdb
lmds,1igd,data/raw/decoy_cache/decoys_r_us/lmds/dd/multiple/lmds/doc/pdb_orig/1igd.pdb,data/raw/decoy_cache/decoys_r_us/lmds/dd/multiple/lmds/1igd/1igd.45306.pdb
lmds,1igd,data/raw/decoy_cache/decoys_r_us/lmds/dd/multiple/lmds/doc/pdb_orig/1igd.pdb,data/raw/decoy_cache/decoys_r_us/lmds/dd/multiple/lmds/1igd/1igd.45448.pdb
lmds,1igd,data/raw/decoy_cache/decoys_r_us/lmds/dd/multiple/lmds/doc/pdb_orig/1igd.pdb,data/raw/decoy_cache/decoys_r_us/lmds/dd/multiple/lmds/1igd/1igd.45506.pdb
lmds,1igd,data/raw/decoy_cache/decoys_r_us/lmds/dd/multiple/lmds/doc/pdb_orig/1igd.pdb,data/raw/decoy_cache/decoys_r_us/lmds/dd/multiple/lmds/1igd/1igd.45521.pdb
lmds,1igd,data/raw/decoy_cache/decoys_r_us/lmds/dd/multiple/lmds/doc/pdb_orig/1igd.pdb,data/raw/decoy_cache/decoys_r_us/lmds/dd/multiple/lmds/1igd/1igd.45539.pdb
lmds,1igd,data/raw/decoy_cache/decoys_r_us/lmds/dd/multiple/lmds/doc/pdb_orig/1igd.pdb,data/raw/decoy_cache/decoys_r_us/lmds/dd/multiple/lmds/1igd/1igd.45580.pdb
lmds,1igd,data/raw/decoy_cache/decoys_r_us/lmds/dd/multiple/lmds/doc/pdb_orig/1igd.pdb,data/raw/decoy_cache/decoys_r_us/lmds/dd/multiple/lmds/1igd/1igd.45630.pdb
lmds,1igd,data/raw/decoy_cache/decoys_r_us/lmds/dd/multiple/lmds/doc/pdb_orig/1igd.pdb,data/raw/decoy_cache/decoys_r_us/lmds/dd/multiple/lmds/1igd/1igd.45643.pdb
lmds,1igd,data/raw/decoy_cache/decoys_r_us/lmds/dd/multiple/lmds/doc/pdb_orig/1igd.pdb,data/raw/decoy_cache/decoys_r_us/lmds/dd/multiple/lmds/1igd/1igd.45654.pdb
lmds,1igd,data/raw/decoy_cache/decoys_r_us/lmds/dd/multiple/lmds/doc/pdb_orig/1igd.pdb,data/raw/decoy_cache/decoys_r_us/lmds/dd/multiple/lmds/1igd/1igd.45698.pdb
lmds,1igd,data/raw/decoy_cache/decoys_r_us/lmds/dd/multiple/lmds/doc/pdb_orig/1igd.pdb,data/raw/decoy_cache/decoys_r_us/lmds/dd/multiple/lmds/1igd/1igd.45770.pdb
lmds,1igd,data/raw/decoy_cache/decoys_r_us/lmds/dd/multiple/lmds/doc/pdb_orig/1igd.pdb,data/raw/decoy_cache/decoys_r_us/lmds/dd/multiple/lmds/1igd/1igd.45855.pdb
lmds,1igd,data/raw/decoy_cache/decoys_r_us/lmds/dd/multiple/lmds/doc/pdb_orig/1igd.pdb,data/raw/decoy_cache/decoys_r_us/lmds/dd/multiple/lmds/1igd/1igd.45859.pdb
lmds,1igd,data/raw/decoy_cache/decoys_r_us/lmds/dd/multiple/lmds/doc/pdb_orig/1igd.pdb,data/raw/decoy_cache/decoys_r_us/lmds/dd/multiple/lmds/1igd/1igd.45882.pdb
lmds,1igd,data/raw/decoy_cache/decoys_r_us/lmds/dd/multiple/lmds/doc/pdb_orig/1igd.pdb,data/raw/decoy_cache/decoys_r_us/lmds/dd/multiple/lmds/1igd/1igd.45897.pdb
lmds,1igd,data/raw/decoy_cache/decoys_r_us/lmds/dd/multiple/lmds/doc/pdb_orig/1igd.pdb,data/raw/decoy_cache/decoys_r_us/lmds/dd/multiple/lmds/1igd/1igd.45911.pdb
lmds,1igd,data/raw/decoy_cache/decoys_r_us/lmds/dd/multiple/lmds/doc/pdb_orig/1igd.pdb,data/raw/decoy_cache/decoys_r_us/lmds/dd/multiple/lmds/1igd/1igd.45916.pdb
lmds,1igd,data/raw/decoy_cache/decoys_r_us/lmds/dd/multiple/lmds/doc/pdb_orig/1igd.pdb,data/raw/decoy_cache/decoys_r_us/lmds/dd/multiple/lmds/1igd/1igd.45960.pdb
lmds,1igd,data/raw/decoy_cache/decoys_r_us/lmds/dd/multiple/lmds/doc/pdb_orig/1igd.pdb,data/raw/decoy_cache/decoys_r_us/lmds/dd/multiple/lmds/1igd/1igd.45971.pdb
lmds,1igd,data/raw/decoy_cache/decoys_r_us/lmds/dd/multiple/lmds/doc/pdb_orig/1igd.pdb,data/raw/decoy_cache/decoys_r_us/lmds/dd/multiple/lmds/1igd/1igd.46043.pdb
lmds,1igd,data/raw/decoy_cache/decoys_r_us/lmds/dd/multiple/lmds/doc/pdb_orig/1igd.pdb,data/raw/decoy_cache/decoys_r_us/lmds/dd/multiple/lmds/1igd/1igd.46061.pdb
lmds,1igd,data/raw/decoy_cache/decoys_r_us/lmds/dd/multiple/lmds/doc/pdb_orig/1igd.pdb,data/raw/decoy_cache/decoys_r_us/lmds/dd/multiple/lmds/1igd/1igd.46081.pdb
lmds,1igd,data/raw/decoy_cache/decoys_r_us/lmds/dd/multiple/lmds/doc/pdb_orig/1igd.pdb,data/raw/decoy_cache/decoys_r_us/lmds/dd/multiple/lmds/1igd/1igd.46117.pdb
lmds,1igd,data/raw/decoy_cache/decoys_r_us/lmds/dd/multiple/lmds/doc/pdb_orig/1igd.pdb,data/raw/decoy_cache/decoys_r_us/lmds/dd/multiple/lmds/1igd/1igd.46215.pdb
lmds,1igd,data/raw/decoy_cache/decoys_r_us/lmds/dd/multiple/lmds/doc/pdb_orig/1igd.pdb,data/raw/decoy_cache/decoys_r_us/lmds/dd/multiple/lmds/1igd/1igd.46250.pdb
lmds,1igd,data/raw/decoy_cache/decoys_r_us/lmds/dd/multiple/lmds/doc/pdb_orig/1igd.pdb,data/raw/decoy_cache/decoys_r_us/lmds/dd/multiple/lmds/1igd/1igd.46317.pdb
lmds,1igd,data/raw/decoy_cache/decoys_r_us/lmds/dd/multiple/lmds/doc/pdb_orig/1igd.pdb,data/raw/decoy_cache/decoys_r_us/lmds/dd/multiple/lmds/1igd/1igd.46328.pdb
lmds,1igd,data/raw/decoy_cache/decoys_r_us/lmds/dd/multiple/lmds/doc/pdb_orig/1igd.pdb,data/raw/decoy_cache/decoys_r_us/lmds/dd/multiple/lmds/1igd/1igd.46365.pdb
lmds,1igd,data/raw/decoy_cache/decoys_r_us/lmds/dd/multiple/lmds/doc/pdb_orig/1igd.pdb,data/raw/decoy_cache/decoys_r_us/lmds/dd/multiple/lmds/1igd/1igd.46404.pdb
lmds,1igd,data/raw/decoy_cache/decoys_r_us/lmds/dd/multiple/lmds/doc/pdb_orig/1igd.pdb,data/raw/decoy_cache/decoys_r_us/lmds/dd/multiple/lmds/1igd/1igd.46453.pdb
lmds,1igd,data/raw/decoy_cache/decoys_r_us/lmds/dd/multiple/lmds/doc/pdb_orig/1igd.pdb,data/raw/decoy_cache/decoys_r_us/lmds/dd/multiple/lmds/1igd/1igd.46460.pdb
lmds,1igd,data/raw/decoy_cache/decoys_r_us/lmds/dd/multiple/lmds/doc/pdb_orig/1igd.pdb,data/raw/decoy_cache/decoys_r_us/lmds/dd/multiple/lmds/1igd/1igd.46497.pdb
lmds,1igd,data/raw/decoy_cache/decoys_r_us/lmds/dd/multiple/lmds/doc/pdb_orig/1igd.pdb,data/raw/decoy_cache/decoys_r_us/lmds/dd/multiple/lmds/1igd/1igd.46523.pdb
lmds,1igd,data/raw/decoy_cache/decoys_r_us/lmds/dd/multiple/lmds/doc/pdb_orig/1igd.pdb,data/raw/decoy_cache/decoys_r_us/lmds/dd/multiple/lmds/1igd/1igd.46595.pdb
lmds,1igd,data/raw/decoy_cache/decoys_r_us/lmds/dd/multiple/lmds/doc/pdb_orig/1igd.pdb,data/raw/decoy_cache/decoys_r_us/lmds/dd/multiple/lmds/1igd/1igd.46603.pdb
lmds,1igd,data/raw/decoy_cache/decoys_r_us/lmds/dd/multiple/lmds/doc/pdb_orig/1igd.pdb,data/raw/decoy_cache/decoys_r_us/lmds/dd/multiple/lmds/1igd/1igd.50012.pdb
lmds,1igd,data/raw/decoy_cache/decoys_r_us/lmds/dd/multiple/lmds/doc/pdb_orig/1igd.pdb,data/raw/decoy_cache/decoys_r_us/lmds/dd/multiple/lmds/1igd/1igd.50151.pdb
lmds,1igd,data/raw/decoy_cache/decoys_r_us/lmds/dd/multiple/lmds/doc/pdb_orig/1igd.pdb,data/raw/decoy_cache/decoys_r_us/lmds/dd/multiple/lmds/1igd/1igd.50170.pdb
lmds,1igd,data/raw/decoy_cache/decoys_r_us/lmds/dd/multiple/lmds/doc/pdb_orig/1igd.pdb,data/raw/decoy_cache/decoys_r_us/lmds/dd/multiple/lmds/1igd/1igd.50176.pdb
lmds,1igd,data/raw/decoy_cache/decoys_r_us/lmds/dd/multiple/lmds/doc/pdb_orig/1igd.pdb,data/raw/decoy_cache/decoys_r_us/lmds/dd/multiple/lmds/1igd/1igd.50199.pdb
lmds,1igd,data/raw/decoy_cache/decoys_r_us/lmds/dd/multiple/lmds/doc/pdb_orig/1igd.pdb,data/raw/decoy_cache/decoys_r_us/lmds/dd/multiple/lmds/1igd/1igd.50218.pdb
lmds,1igd,data/raw/decoy_cache/decoys_r_us/lmds/dd/multiple/lmds/doc/pdb_orig/1igd.pdb,data/raw/decoy_cache/decoys_r_us/lmds/dd/multiple/lmds/1igd/1igd.50257.pdb
lmds,1igd,data/raw/decoy_cache/decoys_r_us/lmds/dd/multiple/lmds/doc/pdb_orig/1igd.pdb,data/raw/decoy_cache/decoys_r_us/lmds/dd/multiple/lmds/1igd/1igd.50263.pdb
lmds,1igd,data/raw/decoy_cache/decoys_r_us/lmds/dd/multiple/lmds/doc/pdb_orig/1igd.pdb,data/raw/decoy_cache/decoys_r_us/lmds/dd/multiple/lmds/1igd/1igd.50388.pdb
lmds,1igd,data/raw/decoy_cache/decoys_r_us/lmds/dd/multiple/lmds/doc/pdb_orig/1igd.pdb,data/raw/decoy_cache/decoys_r_us/lmds/dd/multiple/lmds/1igd/1igd.50474.pdb
lmds,1igd,data/raw/decoy_cache/decoys_r_us/lmds/dd/multiple/lmds/doc/pdb_orig/1igd.pdb,data/raw/decoy_cache/decoys_r_us/lmds/dd/multiple/lmds/1igd/1igd.50496.pdb
lmds,1igd,data/raw/decoy_cache/decoys_r_us/lmds/dd/multiple/lmds/doc/pdb_orig/1igd.pdb,data/raw/decoy_cache/decoys_r_us/lmds/dd/multiple/lmds/1igd/1igd.50566.pdb
lmds,1igd,data/raw/decoy_cache/decoys_r_us/lmds/dd/multiple/lmds/doc/pdb_orig/1igd.pdb,data/raw/decoy_cache/decoys_r_us/lmds/dd/multiple/lmds/1igd/1igd.5059.pdb
lmds,1igd,data/raw/decoy_cache/decoys_r_us/lmds/dd/multiple/lmds/doc/pdb_orig/1igd.pdb,data/raw/decoy_cache/decoys_r_us/lmds/dd/multiple/lmds/1igd/1igd.50631.pdb
lmds,1igd,data/raw/decoy_cache/decoys_r_us/lmds/dd/multiple/lmds/doc/pdb_orig/1igd.pdb,data/raw/decoy_cache/decoys_r_us/lmds/dd/multiple/lmds/1igd/1igd.50711.pdb
lmds,1igd,data/raw/decoy_cache/decoys_r_us/lmds/dd/multiple/lmds/doc/pdb_orig/1igd.pdb,data/raw/decoy_cache/decoys_r_us/lmds/dd/multiple/lmds/1igd/1igd.50761.pdb
lmds,1igd,data/raw/decoy_cache/decoys_r_us/lmds/dd/multiple/lmds/doc/pdb_orig/1igd.pdb,data/raw/decoy_cache/decoys_r_us/lmds/dd/multiple/lmds/1igd/1igd.50781.pdb
lmds,1igd,data/raw/decoy_cache/decoys_r_us/lmds/dd/multiple/lmds/doc/pdb_orig/1igd.pdb,data/raw/decoy_cache/decoys_r_us/lmds/dd/multiple/lmds/1igd/1igd.50811.pdb
lmds,1igd,data/raw/decoy_cache/decoys_r_us/lmds/dd/multiple/lmds/doc/pdb_orig/1igd.pdb,data/raw/decoy_cache/decoys_r_us/lmds/dd/multiple/lmds/1igd/1igd.50821.pdb
lmds,1igd,data/raw/decoy_cache/decoys_r_us/lmds/dd/multiple/lmds/doc/pdb_orig/1igd.pdb,data/raw/decoy_cache/decoys_r_us/lmds/dd/multiple/lmds/1igd/1igd.50832.pdb
lmds,1igd,data/raw/decoy_cache/decoys_r_us/lmds/dd/multiple/lmds/doc/pdb_orig/1igd.pdb,data/raw/decoy_cache/decoys_r_us/lmds/dd/multiple/lmds/1igd/1igd.50845.pdb
lmds,1igd,data/raw/decoy_cache/decoys_r_us/lmds/dd/multiple/lmds/doc/pdb_orig/1igd.pdb,data/raw/decoy_cache/decoys_r_us/lmds/dd/multiple/lmds/1igd/1igd.50857.pdb
lmds,1igd,data/raw/decoy_cache/decoys_r_us/lmds/dd/multiple/lmds/doc/pdb_orig/1igd.pdb,data/raw/decoy_cache/decoys_r_us/lmds/dd/multiple/lmds/1igd/1igd.50933.pdb
lmds,1igd,data/raw/decoy_cache/decoys_r_us/lmds/dd/multiple/lmds/doc/pdb_orig/1igd.pdb,data/raw/decoy_cache/decoys_r_us/lmds/dd/multiple/lmds/1igd/1igd.50986.pdb
lmds,1igd,data/raw/decoy_cache/decoys_r_us/lmds/dd/multiple/lmds/doc/pdb_orig/1igd.pdb,data/raw/decoy_cache/decoys_r_us/lmds/dd/multiple/lmds/1igd/1igd.51048.pdb
lmds,1igd,data/raw/decoy_cache/decoys_r_us/lmds/dd/multiple/lmds/doc/pdb_orig/1igd.pdb,data/raw/decoy_cache/decoys_r_us/lmds/dd/multiple/lmds/1igd/1igd.51069.pdb
lmds,1igd,data/raw/decoy_cache/decoys_r_us/lmds/dd/multiple/lmds/doc/pdb_orig/1igd.pdb,data/raw/decoy_cache/decoys_r_us/lmds/dd/multiple/lmds/1igd/1igd.51073.pdb
lmds,1igd,data/raw/decoy_cache/decoys_r_us/lmds/dd/multiple/lmds/doc/pdb_orig/1igd.pdb,data/raw/decoy_cache/decoys_r_us/lmds/dd/multiple/lmds/1igd/1igd.5116.pdb
lmds,1igd,data/raw/decoy_cache/decoys_r_us/lmds/dd/multiple/lmds/doc/pdb_orig/1igd.pdb,data/raw/decoy_cache/decoys_r_us/lmds/dd/multiple/lmds/1igd/1igd.51163.pdb
lmds,1igd,data/raw/decoy_cache/decoys_r_us/lmds/dd/multiple/lmds/doc/pdb_orig/1igd.pdb,data/raw/decoy_cache/decoys_r_us/lmds/dd/multiple/lmds/1igd/1igd.51178.pdb
lmds,1igd,data/raw/decoy_cache/decoys_r_us/lmds/dd/multiple/lmds/doc/pdb_orig/1igd.pdb,data/raw/decoy_cache/decoys_r_us/lmds/dd/multiple/lmds/1igd/1igd.51179.pdb
lmds,1igd,data/raw/decoy_cache/decoys_r_us/lmds/dd/multiple/lmds/doc/pdb_orig/1igd.pdb,data/raw/decoy_cache/decoys_r_us/lmds/dd/multiple/lmds/1igd/1igd.51237.pdb
lmds,1igd,data/raw/decoy_cache/decoys_r_us/lmds/dd/multiple/lmds/doc/pdb_orig/1igd.pdb,data/raw/decoy_cache/decoys_r_us/lmds/dd/multiple/lmds/1igd/1igd.5127.pdb
lmds,1igd,data/raw/decoy_cache/decoys_r_us/lmds/dd/multiple/lmds/doc/pdb_orig/1igd.pdb,data/raw/decoy_cache/decoys_r_us/lmds/dd/multiple/lmds/1igd/1igd.51308.pdb
lmds,1igd,data/raw/decoy_cache/decoys_r_us/lmds/dd/multiple/lmds/doc/pdb_orig/1igd.pdb,data/raw/decoy_cache/decoys_r_us/lmds/dd/multiple/lmds/1igd/1igd.51358.pdb
lmds,1igd,data/raw/decoy_cache/decoys_r_us/lmds/dd/multiple/lmds/doc/pdb_orig/1igd.pdb,data/raw/decoy_cache/decoys_r_us/lmds/dd/multiple/lmds/1igd/1igd.51360.pdb
lmds,1igd,data/raw/decoy_cache/decoys_r_us/lmds/dd/multiple/lmds/doc/pdb_orig/1igd.pdb,data/raw/decoy_cache/decoys_r_us/lmds/dd/multiple/lmds/1igd/1igd.51450.pdb
lmds,1igd,data/raw/decoy_cache/decoys_r_us/lmds/dd/multiple/lmds/doc/pdb_orig/1igd.pdb,data/raw/decoy_cache/decoys_r_us/lmds/dd/multiple/lmds/1igd/1igd.51451.pdb
lmds,1igd,data/raw/decoy_cache/decoys_r_us/lmds/dd/multiple/lmds/doc/pdb_orig/1igd.pdb,data/raw/decoy_cache/decoys_r_us/lmds/dd/multiple/lmds/1igd/1igd.51540.pdb
lmds,1igd,data/raw/decoy_cache/decoys_r_us/lmds/dd/multiple/lmds/doc/pdb_orig/1igd.pdb,data/raw/decoy_cache/decoys_r_us/lmds/dd/multiple/lmds/1igd/1igd.51550.pdb
lmds,1igd,data/raw/decoy_cache/decoys_r_us/lmds/dd/multiple/lmds/doc/pdb_orig/1igd.pdb,data/raw/decoy_cache/decoys_r_us/lmds/dd/multiple/lmds/1igd/1igd.51809.pdb
lmds,1igd,data/raw/decoy_cache/decoys_r_us/lmds/dd/multiple/lmds/doc/pdb_orig/1igd.pdb,data/raw/decoy_cache/decoys_r_us/lmds/dd/multiple/lmds/1igd/1igd.51841.pdb
lmds,1igd,data/raw/decoy_cache/decoys_r_us/lmds/dd/multiple/lmds/doc/pdb_orig/1igd.pdb,data/raw/decoy_cache/decoys_r_us/lmds/dd/multiple/lmds/1igd/1igd.51920.pdb
lmds,1igd,data/raw/decoy_cache/decoys_r_us/lmds/dd/multiple/lmds/doc/pdb_orig/1igd.pdb,data/raw/decoy_cache/decoys_r_us/lmds/dd/multiple/lmds/1igd/1igd.52104.pdb
lmds,1igd,data/raw/decoy_cache/decoys_r_us/lmds/dd/multiple/lmds/doc/pdb_orig/1igd.pdb,data/raw/decoy_cache/decoys_r_us/lmds/dd/multiple/lmds/1igd/1igd.52162.pdb
lmds,1igd,data/raw/decoy_cache/decoys_r_us/lmds/dd/multiple/lmds/doc/pdb_orig/1igd.pdb,data/raw/decoy_cache/decoys_r_us/lmds/dd/multiple/lmds/1igd/1igd.52195.pdb
lmds,1igd,data/raw/decoy_cache/decoys_r_us/lmds/dd/multiple/lmds/doc/pdb_orig/1igd.pdb,data/raw/decoy_cache/decoys_r_us/lmds/dd/multiple/lmds/1igd/1igd.52196.pdb
lmds,1igd,data/raw/decoy_cache/decoys_r_us/lmds/dd/multiple/lmds/doc/pdb_orig/1igd.pdb,data/raw/decoy_cache/decoys_r_us/lmds/dd/multiple/lmds/1igd/1igd.52236.pdb
lmds,1igd,data/raw/decoy_cache/decoys_r_us/lmds/dd/multiple/lmds/doc/pdb_orig/1igd.pdb,data/raw/decoy_cache/decoys_r_us/lmds/dd/multiple/lmds/1igd/1igd.5255.pdb
lmds,1igd,data/raw/decoy_cache/decoys_r_us/lmds/dd/multiple/lmds/doc/pdb_orig/1igd.pdb,data/raw/decoy_cache/decoys_r_us/lmds/dd/multiple/lmds/1igd/1igd.5311.pdb
lmds,1igd,data/raw/decoy_cache/decoys_r_us/lmds/dd/multiple/lmds/doc/pdb_orig/1igd.pdb,data/raw/decoy_cache/decoys_r_us/lmds/dd/multiple/lmds/1igd/1igd.5313.pdb
lmds,1igd,data/raw/decoy_cache/decoys_r_us/lmds/dd/multiple/lmds/doc/pdb_orig/1igd.pdb,data/raw/decoy_cache/decoys_r_us/lmds/dd/multiple/lmds/1igd/1igd.5316.pdb
lmds,1igd,data/raw/decoy_cache/decoys_r_us/lmds/dd/multiple/lmds/doc/pdb_orig/1igd.pdb,data/raw/decoy_cache/decoys_r_us/lmds/dd/multiple/lmds/1igd/1igd.5351.pdb
lmds,1igd,data/raw/decoy_cache/decoys_r_us/lmds/dd/multiple/lmds/doc/pdb_orig/1igd.pdb,data/raw/decoy_cache/decoys_r_us/lmds/dd/multiple/lmds/1igd/1igd.5385.pdb
lmds,1igd,data/raw/decoy_cache/decoys_r_us/lmds/dd/multiple/lmds/doc/pdb_orig/1igd.pdb,data/raw/decoy_cache/decoys_r_us/lmds/dd/multiple/lmds/1igd/1igd.5480.pdb
lmds,1igd,data/raw/decoy_cache/decoys_r_us/lmds/dd/multiple/lmds/doc/pdb_orig/1igd.pdb,data/raw/decoy_cache/decoys_r_us/lmds/dd/multiple/lmds/1igd/1igd.55122.pdb
lmds,1igd,data/raw/decoy_cache/decoys_r_us/lmds/dd/multiple/lmds/doc/pdb_orig/1igd.pdb,data/raw/decoy_cache/decoys_r_us/lmds/dd/multiple/lmds/1igd/1igd.5521.pdb
lmds,1igd,data/raw/decoy_cache/decoys_r_us/lmds/dd/multiple/lmds/doc/pdb_orig/1igd.pdb,data/raw/decoy_cache/decoys_r_us/lmds/dd/multiple/lmds/1igd/1igd.55250.pdb
lmds,1igd,data/raw/decoy_cache/decoys_r_us/lmds/dd/multiple/lmds/doc/pdb_orig/1igd.pdb,data/raw/decoy_cache/decoys_r_us/lmds/dd/multiple/lmds/1igd/1igd.55311.pdb
lmds,1igd,data/raw/decoy_cache/decoys_r_us/lmds/dd/multiple/lmds/doc/pdb_orig/1igd.pdb,data/raw/decoy_cache/decoys_r_us/lmds/dd/multiple/lmds/1igd/1igd.55398.pdb
lmds,1igd,data/raw/decoy_cache/decoys_r_us/lmds/dd/multiple/lmds/doc/pdb_orig/1igd.pdb,data/raw/decoy_cache/decoys_r_us/lmds/dd/multiple/lmds/1igd/1igd.5548.pdb
lmds,1igd,data/raw/decoy_cache/decoys_r_us/lmds/dd/multiple/lmds/doc/pdb_orig/1igd.pdb,data/raw/decoy_cache/decoys_r_us/lmds/dd/multiple/lmds/1igd/1igd.55505.pdb
lmds,1igd,data/raw/decoy_cache/decoys_r_us/lmds/dd/multiple/lmds/doc/pdb_orig/1igd.pdb,data/raw/decoy_cache/decoys_r_us/lmds/dd/multiple/lmds/1igd/1igd.55593.pdb
lmds,1igd,data/raw/decoy_cache/decoys_r_us/lmds/dd/multiple/lmds/doc/pdb_orig/1igd.pdb,data/raw/decoy_cache/decoys_r_us/lmds/dd/multiple/lmds/1igd/1igd.55605.pdb
lmds,1igd,data/raw/decoy_cache/decoys_r_us/lmds/dd/multiple/lmds/doc/pdb_orig/1igd.pdb,data/raw/decoy_cache/decoys_r_us/lmds/dd/multiple/lmds/1igd/1igd.55616.pdb
lmds,1igd,data/raw/decoy_cache/decoys_r_us/lmds/dd/multiple/lmds/doc/pdb_orig/1igd.pdb,data/raw/decoy_cache/decoys_r_us/lmds/dd/multiple/lmds/1igd/1igd.55637.pdb
lmds,1igd,data/raw/decoy_cache/decoys_r_us/lmds/dd/multiple/lmds/doc/pdb_orig/1igd.pdb,data/raw/decoy_cache/decoys_r_us/lmds/dd/multiple/lmds/1igd/1igd.55790.pdb
lmds,1igd,data/raw/decoy_cache/decoys_r_us/lmds/dd/multiple/lmds/doc/pdb_orig/1igd.pdb,data/raw/decoy_cache/decoys_r_us/lmds/dd/multiple/lmds/1igd/1igd.55821.pdb
lmds,1igd,data/raw/decoy_cache/decoys_r_us/lmds/dd/multiple/lmds/doc/pdb_orig/1igd.pdb,data/raw/decoy_cache/decoys_r_us/lmds/dd/multiple/lmds/1igd/1igd.55829.pdb
lmds,1igd,data/raw/decoy_cache/decoys_r_us/lmds/dd/multiple/lmds/doc/pdb_orig/1igd.pdb,data/raw/decoy_cache/decoys_r_us/lmds/dd/multiple/lmds/1igd/1igd.55873.pdb
lmds,1igd,data/raw/decoy_cache/decoys_r_us/lmds/dd/multiple/lmds/doc/pdb_orig/1igd.pdb,data/raw/decoy_cache/decoys_r_us/lmds/dd/multiple/lmds/1igd/1igd.55892.pdb
lmds,1igd,data/raw/decoy_cache/decoys_r_us/lmds/dd/multiple/lmds/doc/pdb_orig/1igd.pdb,data/raw/decoy_cache/decoys_r_us/lmds/dd/multiple/lmds/1igd/1igd.55928.pdb
lmds,1igd,data/raw/decoy_cache/decoys_r_us/lmds/dd/multiple/lmds/doc/pdb_orig/1igd.pdb,data/raw/decoy_cache/decoys_r_us/lmds/dd/multiple/lmds/1igd/1igd.55936.pdb
lmds,1igd,data/raw/decoy_cache/decoys_r_us/lmds/dd/multiple/lmds/doc/pdb_orig/1igd.pdb,data/raw/decoy_cache/decoys_r_us/lmds/dd/multiple/lmds/1igd/1igd.55962.pdb
lmds,1igd,data/raw/decoy_cache/decoys_r_us/lmds/dd/multiple/lmds/doc/pdb_orig/1igd.pdb,data/raw/decoy_cache/decoys_r_us/lmds/dd/multiple/lmds/1igd/1igd.56002.pdb
lmds,1igd,data/raw/decoy_cache/decoys_r_us/lmds/dd/multiple/lmds/doc/pdb_orig/1igd.pdb,data/raw/decoy_cache/decoys_r_us/lmds/dd/multiple/lmds/1igd/1igd.5601.pdb
lmds,1igd,data/raw/decoy_cache/decoys_r_us/lmds/dd/multiple/lmds/doc/pdb_orig/1igd.pdb,data/raw/decoy_cache/decoys_r_us/lmds/dd/multiple/lmds/1igd/1igd.56063.pdb
lmds,1igd,data/raw/decoy_cache/decoys_r_us/lmds/dd/multiple/lmds/doc/pdb_orig/1igd.pdb,data/raw/decoy_cache/decoys_r_us/lmds/dd/multiple/lmds/1igd/1igd.5609.pdb
lmds,1igd,data/raw/decoy_cache/decoys_r_us/lmds/dd/multiple/lmds/doc/pdb_orig/1igd.pdb,data/raw/decoy_cache/decoys_r_us/lmds/dd/multiple/lmds/1igd/1igd.56144.pdb
lmds,1igd,data/raw/decoy_cache/decoys_r_us/lmds/dd/multiple/lmds/doc/pdb_orig/1igd.pdb,data/raw/decoy_cache/decoys_r_us/lmds/dd/multiple/lmds/1igd/1igd.56146.pdb
lmds,1igd,data/raw/decoy_cache/decoys_r_us/lmds/dd/multiple/lmds/doc/pdb_orig/1igd.pdb,data/raw/decoy_cache/decoys_r_us/lmds/dd/multiple/lmds/1igd/1igd.56189.pdb
lmds,1igd,data/raw/decoy_cache/decoys_r_us/lmds/dd/multiple/lmds/doc/pdb_orig/1igd.pdb,data/raw/decoy_cache/decoys_r_us/lmds/dd/multiple/lmds/1igd/1igd.56217.pdb
lmds,1igd,data/raw/decoy_cache/decoys_r_us/lmds/dd/multiple/lmds/doc/pdb_orig/1igd.pdb,data/raw/decoy_cache/decoys_r_us/lmds/dd/multiple/lmds/1igd/1igd.5622.pdb
lmds,1igd,data/raw/decoy_cache/decoys_r_us/lmds/dd/multiple/lmds/doc/pdb_orig/1igd.pdb,data/raw/decoy_cache/decoys_r_us/lmds/dd/multiple/lmds/1igd/1igd.56221.pdb
lmds,1igd,data/raw/decoy_cache/decoys_r_us/lmds/dd/multiple/lmds/doc/pdb_orig/1igd.pdb,data/raw/decoy_cache/decoys_r_us/lmds/dd/multiple/lmds/1igd/1igd.56236.pdb
lmds,1igd,data/raw/decoy_cache/decoys_r_us/lmds/dd/multiple/lmds/doc/pdb_orig/1igd.pdb,data/raw/decoy_cache/decoys_r_us/lmds/dd/multiple/lmds/1igd/1igd.56242.pdb
lmds,1igd,data/raw/decoy_cache/decoys_r_us/lmds/dd/multiple/lmds/doc/pdb_orig/1igd.pdb,data/raw/decoy_cache/decoys_r_us/lmds/dd/multiple/lmds/1igd/1igd.56340.pdb
lmds,1igd,data/raw/decoy_cache/decoys_r_us/lmds/dd/multiple/lmds/doc/pdb_orig/1igd.pdb,data/raw/decoy_cache/decoys_r_us/lmds/dd/multiple/lmds/1igd/1igd.56385.pdb
lmds,1igd,data/raw/decoy_cache/decoys_r_us/lmds/dd/multiple/lmds/doc/pdb_orig/1igd.pdb,data/raw/decoy_cache/decoys_r_us/lmds/dd/multiple/lmds/1igd/1igd.56399.pdb
lmds,1igd,data/raw/decoy_cache/decoys_r_us/lmds/dd/multiple/lmds/doc/pdb_orig/1igd.pdb,data/raw/decoy_cache/decoys_r_us/lmds/dd/multiple/lmds/1igd/1igd.5640.pdb
lmds,1igd,data/raw/decoy_cache/decoys_r_us/lmds/dd/multiple/lmds/doc/pdb_orig/1igd.pdb,data/raw/decoy_cache/decoys_r_us/lmds/dd/multiple/lmds/1igd/1igd.56405.pdb
lmds,1igd,data/raw/decoy_cache/decoys_r_us/lmds/dd/multiple/lmds/doc/pdb_orig/1igd.pdb,data/raw/decoy_cache/decoys_r_us/lmds/dd/multiple/lmds/1igd/1igd.5643.pdb
lmds,1igd,data/raw/decoy_cache/decoys_r_us/lmds/dd/multiple/lmds/doc/pdb_orig/1igd.pdb,data/raw/decoy_cache/decoys_r_us/lmds/dd/multiple/lmds/1igd/1igd.56505.pdb
lmds,1igd,data/raw/decoy_cache/decoys_r_us/lmds/dd/multiple/lmds/doc/pdb_orig/1igd.pdb,data/raw/decoy_cache/decoys_r_us/lmds/dd/multiple/lmds/1igd/1igd.56542.pdb
lmds,1igd,data/raw/decoy_cache/decoys_r_us/lmds/dd/multiple/lmds/doc/pdb_orig/1igd.pdb,data/raw/decoy_cache/decoys_r_us/lmds/dd/multiple/lmds/1igd/1igd.5655.pdb
lmds,1igd,data/raw/decoy_cache/decoys_r_us/lmds/dd/multiple/lmds/doc/pdb_orig/1igd.pdb,data/raw/decoy_cache/decoys_r_us/lmds/dd/multiple/lmds/1igd/1igd.56643.pdb
lmds,1igd,data/raw/decoy_cache/decoys_r_us/lmds/dd/multiple/lmds/doc/pdb_orig/1igd.pdb,data/raw/decoy_cache/decoys_r_us/lmds/dd/multiple/lmds/1igd/1igd.56647.pdb
lmds,1igd,data/raw/decoy_cache/decoys_r_us/lmds/dd/multiple/lmds/doc/pdb_orig/1igd.pdb,data/raw/decoy_cache/decoys_r_us/lmds/dd/multiple/lmds/1igd/1igd.56652.pdb
lmds,1igd,data/raw/decoy_cache/decoys_r_us/lmds/dd/multiple/lmds/doc/pdb_orig/1igd.pdb,data/raw/decoy_cache/decoys_r_us/lmds/dd/multiple/lmds/1igd/1igd.56798.pdb
lmds,1igd,data/raw/decoy_cache/decoys_r_us/lmds/dd/multiple/lmds/doc/pdb_orig/1igd.pdb,data/raw/decoy_cache/decoys_r_us/lmds/dd/multiple/lmds/1igd/1igd.56820.pdb
lmds,1igd,data/raw/decoy_cache/decoys_r_us/lmds/dd/multiple/lmds/doc/pdb_orig/1igd.pdb,data/raw/decoy_cache/decoys_r_us/lmds/dd/multiple/lmds/1igd/1igd.56821.pdb
lmds,1igd,data/raw/decoy_cache/decoys_r_us/lmds/dd/multiple/lmds/doc/pdb_orig/1igd.pdb,data/raw/decoy_cache/decoys_r_us/lmds/dd/multiple/lmds/1igd/1igd.56829.pdb
lmds,1igd,data/raw/decoy_cache/decoys_r_us/lmds/dd/multiple/lmds/doc/pdb_orig/1igd.pdb,data/raw/decoy_cache/decoys_r_us/lmds/dd/multiple/lmds/1igd/1igd.5689.pdb
lmds,1igd,data/raw/decoy_cache/decoys_r_us/lmds/dd/multiple/lmds/doc/pdb_orig/1igd.pdb,data/raw/decoy_cache/decoys_r_us/lmds/dd/multiple/lmds/1igd/1igd.56916.pdb
lmds,1igd,data/raw/decoy_cache/decoys_r_us/lmds/dd/multiple/lmds/doc/pdb_orig/1igd.pdb,data/raw/decoy_cache/decoys_r_us/lmds/dd/multiple/lmds/1igd/1igd.56941.pdb
lmds,1igd,data/raw/decoy_cache/decoys_r_us/lmds/dd/multiple/lmds/doc/pdb_orig/1igd.pdb,data/raw/decoy_cache/decoys_r_us/lmds/dd/multiple/lmds/1igd/1igd.56948.pdb
lmds,1igd,data/raw/decoy_cache/decoys_r_us/lmds/dd/multiple/lmds/doc/pdb_orig/1igd.pdb,data/raw/decoy_cache/decoys_r_us/lmds/dd/multiple/lmds/1igd/1igd.56961.pdb
lmds,1igd,data/raw/decoy_cache/decoys_r_us/lmds/dd/multiple/lmds/doc/pdb_orig/1igd.pdb,data/raw/decoy_cache/decoys_r_us/lmds/dd/multiple/lmds/1igd/1igd.57077.pdb
lmds,1igd,data/raw/decoy_cache/decoys_r_us/lmds/dd/multiple/lmds/doc/pdb_orig/1igd.pdb,data/raw/decoy_cache/decoys_r_us/lmds/dd/multiple/lmds/1igd/1igd.57131.pdb
lmds,1igd,data/raw/decoy_cache/decoys_r_us/lmds/dd/multiple/lmds/doc/pdb_orig/1igd.pdb,data/raw/decoy_cache/decoys_r_us/lmds/dd/multiple/lmds/1igd/1igd.57166.pdb
lmds,1igd,data/raw/decoy_cache/decoys_r_us/lmds/dd/multiple/lmds/doc/pdb_orig/1igd.pdb,data/raw/decoy_cache/decoys_r_us/lmds/dd/multiple/lmds/1igd/1igd.57173.pdb
lmds,1igd,data/raw/decoy_cache/decoys_r_us/lmds/dd/multiple/lmds/doc/pdb_orig/1igd.pdb,data/raw/decoy_cache/decoys_r_us/lmds/dd/multiple/lmds/1igd/1igd.57188.pdb
lmds,1igd,data/raw/decoy_cache/decoys_r_us/lmds/dd/multiple/lmds/doc/pdb_orig/1igd.pdb,data/raw/decoy_cache/decoys_r_us/lmds/dd/multiple/lmds/1igd/1igd.57209.pdb
lmds,1igd,data/raw/decoy_cache/decoys_r_us/lmds/dd/multiple/lmds/doc/pdb_orig/1igd.pdb,data/raw/decoy_cache/decoys_r_us/lmds/dd/multiple/lmds/1igd/1igd.57213.pdb
lmds,1igd,data/raw/decoy_cache/decoys_r_us/lmds/dd/multiple/lmds/doc/pdb_orig/1igd.pdb,data/raw/decoy_cache/decoys_r_us/lmds/dd/multiple/lmds/1igd/1igd.57222.pdb
lmds,1igd,data/raw/decoy_cache/decoys_r_us/lmds/dd/multiple/lmds/doc/pdb_orig/1igd.pdb,data/raw/decoy_cache/decoys_r_us/lmds/dd/multiple/lmds/1igd/1igd.57233.pdb
lmds,1igd,data/raw/decoy_cache/decoys_r_us/lmds/dd/multiple/lmds/doc/pdb_orig/1igd.pdb,data/raw/decoy_cache/decoys_r_us/lmds/dd/multiple/lmds/1igd/1igd.57306.pdb
lmds,1igd,data/raw/decoy_cache/decoys_r_us/lmds/dd/multiple/lmds/doc/pdb_orig/1igd.pdb,data/raw/decoy_cache/decoys_r_us/lmds/dd/multiple/lmds/1igd/1igd.5781.pdb
lmds,1igd,data/raw/decoy_cache/decoys_r_us/lmds/dd/multiple/lmds/doc/pdb_orig/1igd.pdb,data/raw/decoy_cache/decoys_r_us/lmds/dd/multiple/lmds/1igd/1igd.5903.pdb
lmds,1igd,data/raw/decoy_cache/decoys_r_us/lmds/dd/multiple/lmds/doc/pdb_orig/1igd.pdb,data/raw/decoy_cache/decoys_r_us/lmds/dd/multiple/lmds/1igd/1igd.5910.pdb
lmds,1igd,data/raw/decoy_cache/decoys_r_us/lmds/dd/multiple/lmds/doc/pdb_orig/1igd.pdb,data/raw/decoy_cache/decoys_r_us/lmds/dd/multiple/lmds/1igd/1igd.5959.pdb
lmds,1igd,data/raw/decoy_cache/decoys_r_us/lmds/dd/multiple/lmds/doc/pdb_orig/1igd.pdb,data/raw/decoy_cache/decoys_r_us/lmds/dd/multiple/lmds/1igd/1igd.60059.pdb
lmds,1igd,data/raw/decoy_cache/decoys_r_us/lmds/dd/multiple/lmds/doc/pdb_orig/1igd.pdb,data/raw/decoy_cache/decoys_r_us/lmds/dd/multiple/lmds/1igd/1igd.6014.pdb
lmds,1igd,data/raw/decoy_cache/decoys_r_us/lmds/dd/multiple/lmds/doc/pdb_orig/1igd.pdb,data/raw/decoy_cache/decoys_r_us/lmds/dd/multiple/lmds/1igd/1igd.60169.pdb
lmds,1igd,data/raw/decoy_cache/decoys_r_us/lmds/dd/multiple/lmds/doc/pdb_orig/1igd.pdb,data/raw/decoy_cache/decoys_r_us/lmds/dd/multiple/lmds/1igd/1igd.60232.pdb
lmds,1igd,data/raw/decoy_cache/decoys_r_us/lmds/dd/multiple/lmds/doc/pdb_orig/1igd.pdb,data/raw/decoy_cache/decoys_r_us/lmds/dd/multiple/lmds/1igd/1igd.60235.pdb
lmds,1igd,data/raw/decoy_cache/decoys_r_us/lmds/dd/multiple/lmds/doc/pdb_orig/1igd.pdb,data/raw/decoy_cache/decoys_r_us/lmds/dd/multiple/lmds/1igd/1igd.60263.pdb
lmds,1igd,data/raw/decoy_cache/decoys_r_us/lmds/dd/multiple/lmds/doc/pdb_orig/1igd.pdb,data/raw/decoy_cache/decoys_r_us/lmds/dd/multiple/lmds/1igd/1igd.60309.pdb
lmds,1igd,data/raw/decoy_cache/decoys_r_us/lmds/dd/multiple/lmds/doc/pdb_orig/1igd.pdb,data/raw/decoy_cache/decoys_r_us/lmds/dd/multiple/lmds/1igd/1igd.60349.pdb
lmds,1igd,data/raw/decoy_cache/decoys_r_us/lmds/dd/multiple/lmds/doc/pdb_orig/1igd.pdb,data/raw/decoy_cache/decoys_r_us/lmds/dd/multiple/lmds/1igd/1igd.60394.pdb
lmds,1igd,data/raw/decoy_cache/decoys_r_us/lmds/dd/multiple/lmds/doc/pdb_orig/1igd.pdb,data/raw/decoy_cache/decoys_r_us/lmds/dd/multiple/lmds/1igd/1igd.60429.pdb
lmds,1igd,data/raw/decoy_cache/decoys_r_us/lmds/dd/multiple/lmds/doc/pdb_orig/1igd.pdb,data/raw/decoy_cache/decoys_r_us/lmds/dd/multiple/lmds/1igd/1igd.6052.pdb
lmds,1igd,data/raw/decoy_cache/decoys_r_us/lmds/dd/multiple/lmds/doc/pdb_orig/1igd.pdb,data/raw/decoy_cache/decoys_r_us/lmds/dd/multiple/lmds/1igd/1igd.60524.pdb
lmds,1igd,data/raw/decoy_cache/decoys_r_us/lmds/dd/multiple/lmds/doc/pdb_orig/1igd.pdb,data/raw/decoy_cache/decoys_r_us/lmds/dd/multiple/lmds/1igd/1igd.60528.pdb
lmds,1igd,data/raw/decoy_cache/decoys_r_us/lmds/dd/multiple/lmds/doc/pdb_orig/1igd.pdb,data/raw/decoy_cache/decoys_r_us/lmds/dd/multiple/lmds/1igd/1igd.60532.pdb
lmds,1igd,data/raw/decoy_cache/decoys_r_us/lmds/dd/multiple/lmds/doc/pdb_orig/1igd.pdb,data/raw/decoy_cache/decoys_r_us/lmds/dd/multiple/lmds/1igd/1igd.60538.pdb
lmds,1igd,data/raw/decoy_cache/decoys_r_us/lmds/dd/multiple/lmds/doc/pdb_orig/1igd.pdb,data/raw/decoy_cache/decoys_r_us/lmds/dd/multiple/lmds/1igd/1igd.60600.pdb
lmds,1igd,data/raw/decoy_cache/decoys_r_us/lmds/dd/multiple/lmds/doc/pdb_orig/1igd.pdb,data/raw/decoy_cache/decoys_r_us/lmds/dd/multiple/lmds/1igd/1igd.60666.pdb
lmds,1igd,data/raw/decoy_cache/decoys_r_us/lmds/dd/multiple/lmds/doc/pdb_orig/1igd.pdb,data/raw/decoy_cache/decoys_r_us/lmds/dd/multiple/lmds/1igd/1igd.60676.pdb
lmds,1igd,data/raw/decoy_cache/decoys_r_us/lmds/dd/multiple/lmds/doc/pdb_orig/1igd.pdb,data/raw/decoy_cache/decoys_r_us/lmds/dd/multiple/lmds/1igd/1igd.60877.pdb
lmds,1igd,data/raw/decoy_cache/decoys_r_us/lmds/dd/multiple/lmds/doc/pdb_orig/1igd.pdb,data/raw/decoy_cache/decoys_r_us/lmds/dd/multiple/lmds/1igd/1igd.60895.pdb
lmds,1igd,data/raw/decoy_cache/decoys_r_us/lmds/dd/multiple/lmds/doc/pdb_orig/1igd.pdb,data/raw/decoy_cache/decoys_r_us/lmds/dd/multiple/lmds/1igd/1igd.60897.pdb
lmds,1igd,data/raw/decoy_cache/decoys_r_us/lmds/dd/multiple/lmds/doc/pdb_orig/1igd.pdb,data/raw/decoy_cache/decoys_r_us/lmds/dd/multiple/lmds/1igd/1igd.60916.pdb
lmds,1igd,data/raw/decoy_cache/decoys_r_us/lmds/dd/multiple/lmds/doc/pdb_orig/1igd.pdb,data/raw/decoy_cache/decoys_r_us/lmds/dd/multiple/lmds/1igd/1igd.6094.pdb
lmds,1igd,data/raw/decoy_cache/decoys_r_us/lmds/dd/multiple/lmds/doc/pdb_orig/1igd.pdb,data/raw/decoy_cache/decoys_r_us/lmds/dd/multiple/lmds/1igd/1igd.61043.pdb
lmds,1igd,data/raw/decoy_cache/decoys_r_us/lmds/dd/multiple/lmds/doc/pdb_orig/1igd.pdb,data/raw/decoy_cache/decoys_r_us/lmds/dd/multiple/lmds/1igd/1igd.6107.pdb
lmds,1igd,data/raw/decoy_cache/decoys_r_us/lmds/dd/multiple/lmds/doc/pdb_orig/1igd.pdb,data/raw/decoy_cache/decoys_r_us/lmds/dd/multiple/lmds/1igd/1igd.61102.pdb
lmds,1igd,data/raw/decoy_cache/decoys_r_us/lmds/dd/multiple/lmds/doc/pdb_orig/1igd.pdb,data/raw/decoy_cache/decoys_r_us/lmds/dd/multiple/lmds/1igd/1igd.61109.pdb
lmds,1igd,data/raw/decoy_cache/decoys_r_us/lmds/dd/multiple/lmds/doc/pdb_orig/1igd.pdb,data/raw/decoy_cache/decoys_r_us/lmds/dd/multiple/lmds/1igd/1igd.61168.pdb
lmds,1igd,data/raw/decoy_cache/decoys_r_us/lmds/dd/multiple/lmds/doc/pdb_orig/1igd.pdb,data/raw/decoy_cache/decoys_r_us/lmds/dd/multiple/lmds/1igd/1igd.61176.pdb
lmds,1igd,data/raw/decoy_cache/decoys_r_us/lmds/dd/multiple/lmds/doc/pdb_orig/1igd.pdb,data/raw/decoy_cache/decoys_r_us/lmds/dd/multiple/lmds/1igd/1igd.61205.pdb
lmds,1igd,data/raw/decoy_cache/decoys_r_us/lmds/dd/multiple/lmds/doc/pdb_orig/1igd.pdb,data/raw/decoy_cache/decoys_r_us/lmds/dd/multiple/lmds/1igd/1igd.61260.pdb
lmds,1igd,data/raw/decoy_cache/decoys_r_us/lmds/dd/multiple/lmds/doc/pdb_orig/1igd.pdb,data/raw/decoy_cache/decoys_r_us/lmds/dd/multiple/lmds/1igd/1igd.61278.pdb
lmds,1igd,data/raw/decoy_cache/decoys_r_us/lmds/dd/multiple/lmds/doc/pdb_orig/1igd.pdb,data/raw/decoy_cache/decoys_r_us/lmds/dd/multiple/lmds/1igd/1igd.61309.pdb
lmds,1igd,data/raw/decoy_cache/decoys_r_us/lmds/dd/multiple/lmds/doc/pdb_orig/1igd.pdb,data/raw/decoy_cache/decoys_r_us/lmds/dd/multiple/lmds/1igd/1igd.61313.pdb
lmds,1igd,data/raw/decoy_cache/decoys_r_us/lmds/dd/multiple/lmds/doc/pdb_orig/1igd.pdb,data/raw/decoy_cache/decoys_r_us/lmds/dd/multiple/lmds/1igd/1igd.61355.pdb
lmds,1igd,data/raw/decoy_cache/decoys_r_us/lmds/dd/multiple/lmds/doc/pdb_orig/1igd.pdb,data/raw/decoy_cache/decoys_r_us/lmds/dd/multiple/lmds/1igd/1igd.61373.pdb
lmds,1igd,data/raw/decoy_cache/decoys_r_us/lmds/dd/multiple/lmds/doc/pdb_orig/1igd.pdb,data/raw/decoy_cache/decoys_r_us/lmds/dd/multiple/lmds/1igd/1igd.61468.pdb
lmds,1igd,data/raw/decoy_cache/decoys_r_us/lmds/dd/multiple/lmds/doc/pdb_orig/1igd.pdb,data/raw/decoy_cache/decoys_r_us/lmds/dd/multiple/lmds/1igd/1igd.6149.pdb
lmds,1igd,data/raw/decoy_cache/decoys_r_us/lmds/dd/multiple/lmds/doc/pdb_orig/1igd.pdb,data/raw/decoy_cache/decoys_r_us/lmds/dd/multiple/lmds/1igd/1igd.61523.pdb
lmds,1igd,data/raw/decoy_cache/decoys_r_us/lmds/dd/multiple/lmds/doc/pdb_orig/1igd.pdb,data/raw/decoy_cache/decoys_r_us/lmds/dd/multiple/lmds/1igd/1igd.61586.pdb
lmds,1igd,data/raw/decoy_cache/decoys_r_us/lmds/dd/multiple/lmds/doc/pdb_orig/1igd.pdb,data/raw/decoy_cache/decoys_r_us/lmds/dd/multiple/lmds/1igd/1igd.pdb
lmds,1shf-A,data/raw/decoy_cache/decoys_r_us/lmds/dd/multiple/lmds/1shf-A/1shf-A.pdb,data/raw/decoy_cache/decoys_r_us/lmds/dd/multiple/lmds/1shf-A/1shf.10132.pdb
lmds,1shf-A,data/raw/decoy_cache/decoys_r_us/lmds/dd/multiple/lmds/1shf-A/1shf-A.pdb,data/raw/decoy_cache/decoys_r_us/lmds/dd/multiple/lmds/1shf-A/1shf.10160.pdb
lmds,1shf-A,data/raw/decoy_cache/decoys_r_us/lmds/dd/multiple/lmds/1shf-A/1shf-A.pdb,data/raw/decoy_cache/decoys_r_us/lmds/dd/multiple/lmds/1shf-A/1shf.10161.pdb
lmds,1shf-A,data/raw/decoy_cache/decoys_r_us/lmds/dd/multiple/lmds/1shf-A/1shf-A.pdb,data/raw/decoy_cache/decoys_r_us/lmds/dd/multiple/lmds/1shf-A/1shf.10177.pdb
lmds,1shf-A,data/raw/decoy_cache/decoys_r_us/lmds/dd/multiple/lmds/1shf-A/1shf-A.pdb,data/raw/decoy_cache/decoys_r_us/lmds/dd/multiple/lmds/1shf-A/1shf.10245.pdb
lmds,1shf-A,data/raw/decoy_cache/decoys_r_us/lmds/dd/multiple/lmds/1shf-A/1shf-A.pdb,data/raw/decoy_cache/decoys_r_us/lmds/dd/multiple/lmds/1shf-A/1shf.10252.pdb
lmds,1shf-A,data/raw/decoy_cache/decoys_r_us/lmds/dd/multiple/lmds/1shf-A/1shf-A.pdb,data/raw/decoy_cache/decoys_r_us/lmds/dd/multiple/lmds/1shf-A/1shf.10258.pdb
lmds,1shf-A,data/raw/decoy_cache/decoys_r_us/lmds/dd/multiple/lmds/1shf-A/1shf-A.pdb,data/raw/decoy_cache/decoys_r_us/lmds/dd/multiple/lmds/1shf-A/1shf.10281.pdb
lmds,1shf-A,data/raw/decoy_cache/decoys_r_us/lmds/dd/multiple/lmds/1shf-A/1shf-A.pdb,data/raw/decoy_cache/decoys_r_us/lmds/dd/multiple/lmds/1shf-A/1shf.10285.pdb
lmds,1shf-A,data/raw/decoy_cache/decoys_r_us/lmds/dd/multiple/lmds/1shf-A/1shf-A.pdb,data/raw/decoy_cache/decoys_r_us/lmds/dd/multiple/lmds/1shf-A/1shf.10306.pdb
lmds,1shf-A,data/raw/decoy_cache/decoys_r_us/lmds/dd/multiple/lmds/1shf-A/1shf-A.pdb,data/raw/decoy_cache/decoys_r_us/lmds/dd/multiple/lmds/1shf-A/1shf.10310.pdb
lmds,1shf-A,data/raw/decoy_cache/decoys_r_us/lmds/dd/multiple/lmds/1shf-A/1shf-A.pdb,data/raw/decoy_cache/decoys_r_us/lmds/dd/multiple/lmds/1shf-A/1shf.10327.pdb
lmds,1shf-A,data/raw/decoy_cache/decoys_r_us/lmds/dd/multiple/lmds/1shf-A/1shf-A.pdb,data/raw/decoy_cache/decoys_r_us/lmds/dd/multiple/lmds/1shf-A/1shf.10359.pdb
lmds,1shf-A,data/raw/decoy_cache/decoys_r_us/lmds/dd/multiple/lmds/1shf-A/1shf-A.pdb,data/raw/decoy_cache/decoys_r_us/lmds/dd/multiple/lmds/1shf-A/1shf.10360.pdb
lmds,1shf-A,data/raw/decoy_cache/decoys_r_us/lmds/dd/multiple/lmds/1shf-A/1shf-A.pdb,data/raw/decoy_cache/decoys_r_us/lmds/dd/multiple/lmds/1shf-A/1shf.10405.pdb
lmds,1shf-A,data/raw/decoy_cache/decoys_r_us/lmds/dd/multiple/lmds/1shf-A/1shf-A.pdb,data/raw/decoy_cache/decoys_r_us/lmds/dd/multiple/lmds/1shf-A/1shf.10416.pdb
lmds,1shf-A,data/raw/decoy_cache/decoys_r_us/lmds/dd/multiple/lmds/1shf-A/1shf-A.pdb,data/raw/decoy_cache/decoys_r_us/lmds/dd/multiple/lmds/1shf-A/1shf.10468.pdb
lmds,1shf-A,data/raw/decoy_cache/decoys_r_us/lmds/dd/multiple/lmds/1shf-A/1shf-A.pdb,data/raw/decoy_cache/decoys_r_us/lmds/dd/multiple/lmds/1shf-A/1shf.10469.pdb
lmds,1shf-A,data/raw/decoy_cache/decoys_r_us/lmds/dd/multiple/lmds/1shf-A/1shf-A.pdb,data/raw/decoy_cache/decoys_r_us/lmds/dd/multiple/lmds/1shf-A/1shf.10473.pdb
lmds,1shf-A,data/raw/decoy_cache/decoys_r_us/lmds/dd/multiple/lmds/1shf-A/1shf-A.pdb,data/raw/decoy_cache/decoys_r_us/lmds/dd/multiple/lmds/1shf-A/1shf.10506.pdb
lmds,1shf-A,data/raw/decoy_cache/decoys_r_us/lmds/dd/multiple/lmds/1shf-A/1shf-A.pdb,data/raw/decoy_cache/decoys_r_us/lmds/dd/multiple/lmds/1shf-A/1shf.10517.pdb
lmds,1shf-A,data/raw/decoy_cache/decoys_r_us/lmds/dd/multiple/lmds/1shf-A/1shf-A.pdb,data/raw/decoy_cache/decoys_r_us/lmds/dd/multiple/lmds/1shf-A/1shf.10521.pdb
lmds,1shf-A,data/raw/decoy_cache/decoys_r_us/lmds/dd/multiple/lmds/1shf-A/1shf-A.pdb,data/raw/decoy_cache/decoys_r_us/lmds/dd/multiple/lmds/1shf-A/1shf.10556.pdb
lmds,1shf-A,data/raw/decoy_cache/decoys_r_us/lmds/dd/multiple/lmds/1shf-A/1shf-A.pdb,data/raw/decoy_cache/decoys_r_us/lmds/dd/multiple/lmds/1shf-A/1shf.10566.pdb
lmds,1shf-A,data/raw/decoy_cache/decoys_r_us/lmds/dd/multiple/lmds/1shf-A/1shf-A.pdb,data/raw/decoy_cache/decoys_r_us/lmds/dd/multiple/lmds/1shf-A/1shf.10572.pdb
lmds,1shf-A,data/raw/decoy_cache/decoys_r_us/lmds/dd/multiple/lmds/1shf-A/1shf-A.pdb,data/raw/decoy_cache/decoys_r_us/lmds/dd/multiple/lmds/1shf-A/1shf.15141.pdb
lmds,1shf-A,data/raw/decoy_cache/decoys_r_us/lmds/dd/multiple/lmds/1shf-A/1shf-A.pdb,data/raw/decoy_cache/decoys_r_us/lmds/dd/multiple/lmds/1shf-A/1shf.15162.pdb
lmds,1shf-A,data/raw/decoy_cache/decoys_r_us/lmds/dd/multiple/lmds/1shf-A/1shf-A.pdb,data/raw/decoy_cache/decoys_r_us/lmds/dd/multiple/lmds/1shf-A/1shf.15223.pdb
lmds,1shf-A,data/raw/decoy_cache/decoys_r_us/lmds/dd/multiple/lmds/1shf-A/1shf-A.pdb,data/raw/decoy_cache/decoys_r_us/lmds/dd/multiple/lmds/1shf-A/1shf.15247.pdb
lmds,1shf-A,data/raw/decoy_cache/decoys_r_us/lmds/dd/multiple/lmds/1shf-A/1shf-A.pdb,data/raw/decoy_cache/decoys_r_us/lmds/dd/multiple/lmds/1shf-A/1shf.15254.pdb
lmds,1shf-A,data/raw/decoy_cache/decoys_r_us/lmds/dd/multiple/lmds/1shf-A/1shf-A.pdb,data/raw/decoy_cache/decoys_r_us/lmds/dd/multiple/lmds/1shf-A/1shf.15260.pdb
lmds,1shf-A,data/raw/decoy_cache/decoys_r_us/lmds/dd/multiple/lmds/1shf-A/1shf-A.pdb,data/raw/decoy_cache/decoys_r_us/lmds/dd/multiple/lmds/1shf-A/1shf.15298.pdb
lmds,1shf-A,data/raw/decoy_cache/decoys_r_us/lmds/dd/multiple/lmds/1shf-A/1shf-A.pdb,data/raw/decoy_cache/decoys_r_us/lmds/dd/multiple/lmds/1shf-A/1shf.15303.pdb
lmds,1shf-A,data/raw/decoy_cache/decoys_r_us/lmds/dd/multiple/lmds/1shf-A/1shf-A.pdb,data/raw/decoy_cache/decoys_r_us/lmds/dd/multiple/lmds/1shf-A/1shf.15309.pdb
lmds,1shf-A,data/raw/decoy_cache/decoys_r_us/lmds/dd/multiple/lmds/1shf-A/1shf-A.pdb,data/raw/decoy_cache/decoys_r_us/lmds/dd/multiple/lmds/1shf-A/1shf.15336.pdb
lmds,1shf-A,data/raw/decoy_cache/decoys_r_us/lmds/dd/multiple/lmds/1shf-A/1shf-A.pdb,data/raw/decoy_cache/decoys_r_us/lmds/dd/multiple/lmds/1shf-A/1shf.15368.pdb
lmds,1shf-A,data/raw/decoy_cache/decoys_r_us/lmds/dd/multiple/lmds/1shf-A/1shf-A.pdb,data/raw/decoy_cache/decoys_r_us/lmds/dd/multiple/lmds/1shf-A/1shf.15381.pdb
lmds,1shf-A,data/raw/decoy_cache/decoys_r_us/lmds/dd/multiple/lmds/1shf-A/1shf-A.pdb,data/raw/decoy_cache/decoys_r_us/lmds/dd/multiple/lmds/1shf-A/1shf.15400.pdb
lmds,1shf-A,data/raw/decoy_cache/decoys_r_us/lmds/dd/multiple/lmds/1shf-A/1shf-A.pdb,data/raw/decoy_cache/decoys_r_us/lmds/dd/multiple/lmds/1shf-A/1shf.15403.pdb
lmds,1shf-A,data/raw/decoy_cache/decoys_r_us/lmds/dd/multiple/lmds/1shf-A/1shf-A.pdb,data/raw/decoy_cache/decoys_r_us/lmds/dd/multiple/lmds/1shf-A/1shf.15421.pdb
lmds,1shf-A,data/raw/decoy_cache/decoys_r_us/lmds/dd/multiple/lmds/1shf-A/1shf-A.pdb,data/raw/decoy_cache/decoys_r_us/lmds/dd/multiple/lmds/1shf-A/1shf.15429.pdb
lmds,1shf-A,data/raw/decoy_cache/decoys_r_us/lmds/dd/multiple/lmds/1shf-A/1shf-A.pdb,data/raw/decoy_cache/decoys_r_us/lmds/dd/multiple/lmds/1shf-A/1shf.15533.pdb
lmds,1shf-A,data/raw/decoy_cache/decoys_r_us/lmds/dd/multiple/lmds/1shf-A/1shf-A.pdb,data/raw/decoy_cache/decoys_r_us/lmds/dd/multiple/lmds/1shf-A/1shf.15559.pdb
lmds,1shf-A,data/raw/decoy_cache/decoys_r_us/lmds/dd/multiple/lmds/1shf-A/1shf-A.pdb,data/raw/decoy_cache/decoys_r_us/lmds/dd/multiple/lmds/1shf-A/1shf.15571.pdb
lmds,1shf-A,data/raw/decoy_cache/decoys_r_us/lmds/dd/multiple/lmds/1shf-A/1shf-A.pdb,data/raw/decoy_cache/decoys_r_us/lmds/dd/multiple/lmds/1shf-A/1shf.15576.pdb
lmds,1shf-A,data/raw/decoy_cache/decoys_r_us/lmds/dd/multiple/lmds/1shf-A/1shf-A.pdb,data/raw/decoy_cache/decoys_r_us/lmds/dd/multiple/lmds/1shf-A/1shf.15578.pdb
lmds,1shf-A,data/raw/decoy_cache/decoys_r_us/lmds/dd/multiple/lmds/1shf-A/1shf-A.pdb,data/raw/decoy_cache/decoys_r_us/lmds/dd/multiple/lmds/1shf-A/1shf.15588.pdb
lmds,1shf-A,data/raw/decoy_cache/decoys_r_us/lmds/dd/multiple/lmds/1shf-A/1shf-A.pdb,data/raw/decoy_cache/decoys_r_us/lmds/dd/multiple/lmds/1shf-A/1shf.15603.pdb
lmds,1shf-A,data/raw/decoy_cache/decoys_r_us/lmds/dd/multiple/lmds/1shf-A/1shf-A.pdb,data/raw/decoy_cache/decoys_r_us/lmds/dd/multiple/lmds/1shf-A/1shf.15608.pdb
lmds,1shf-A,data/raw/decoy_cache/decoys_r_us/lmds/dd/multiple/lmds/1shf-A/1shf-A.pdb,data/raw/decoy_cache/decoys_r_us/lmds/dd/multiple/lmds/1shf-A/1shf.15616.pdb
lmds,1shf-A,data/raw/decoy_cache/decoys_r_us/lmds/dd/multiple/lmds/1shf-A/1shf-A.pdb,data/raw/decoy_cache/decoys_r_us/lmds/dd/multiple/lmds/1shf-A/1shf.15618.pdb
lmds,1shf-A,data/raw/decoy_cache/decoys_r_us/lmds/dd/multiple/lmds/1shf-A/1shf-A.pdb,data/raw/decoy_cache/decoys_r_us/lmds/dd/multiple/lmds/1shf-A/1shf.15648.pdb
lmds,1shf-A,data/raw/decoy_cache/decoys_r_us/lmds/dd/multiple/lmds/1shf-A/1shf-A.pdb,data/raw/decoy_cache/decoys_r_us/lmds/dd/multiple/lmds/1shf-A/1shf.15696.pdb
lmds,1shf-A,data/raw/decoy_cache/decoys_r_us/lmds/dd/multiple/lmds/1shf-A/1shf-A.pdb,data/raw/decoy_cache/decoys_r_us/lmds/dd/multiple/lmds/1shf-A/1shf.20141.pdb
lmds,1shf-A,data/raw/decoy_cache/decoys_r_us/lmds/dd/multiple/lmds/1shf-A/1shf-A.pdb,data/raw/decoy_cache/decoys_r_us/lmds/dd/multiple/lmds/1shf-A/1shf.20143.pdb
lmds,1shf-A,data/raw/decoy_cache/decoys_r_us/lmds/dd/multiple/lmds/1shf-A/1shf-A.pdb,data/raw/decoy_cache/decoys_r_us/lmds/dd/multiple/lmds/1shf-A/1shf.20165.pdb
lmds,1shf-A,data/raw/decoy_cache/decoys_r_us/lmds/dd/multiple/lmds/1shf-A/1shf-A.pdb,data/raw/decoy_cache/decoys_r_us/lmds/dd/multiple/lmds/1shf-A/1shf.20177.pdb
lmds,1shf-A,data/raw/decoy_cache/decoys_r_us/lmds/dd/multiple/lmds/1shf-A/1shf-A.pdb,data/raw/decoy_cache/decoys_r_us/lmds/dd/multiple/lmds/1shf-A/1shf.20189.pdb
lmds,1shf-A,data/raw/decoy_cache/decoys_r_us/lmds/dd/multiple/lmds/1shf-A/1shf-A.pdb,data/raw/decoy_cache/decoys_r_us/lmds/dd/multiple/lmds/1shf-A/1shf.20210.pdb
lmds,1shf-A,data/raw/decoy_cache/decoys_r_us/lmds/dd/multiple/lmds/1shf-A/1shf-A.pdb,data/raw/decoy_cache/decoys_r_us/lmds/dd/multiple/lmds/1shf-A/1shf.20213.pdb
lmds,1shf-A,data/raw/decoy_cache/decoys_r_us/lmds/dd/multiple/lmds/1shf-A/1shf-A.pdb,data/raw/decoy_cache/decoys_r_us/lmds/dd/multiple/lmds/1shf-A/1shf.20217.pdb
lmds,1shf-A,data/raw/decoy_cache/decoys_r_us/lmds/dd/multiple/lmds/1shf-A/1shf-A.pdb,data/raw/decoy_cache/decoys_r_us/lmds/dd/multiple/lmds/1shf-A/1shf.20317.pdb
lmds,1shf-A,data/raw/decoy_cache/decoys_r_us/lmds/dd/multiple/lmds/1shf-A/1shf-A.pdb,data/raw/decoy_cache/decoys_r_us/lmds/dd/multiple/lmds/1shf-A/1shf.20323.pdb
lmds,1shf-A,data/raw/decoy_cache/decoys_r_us/lmds/dd/multiple/lmds/1shf-A/1shf-A.pdb,data/raw/decoy_cache/decoys_r_us/lmds/dd/multiple/lmds/1shf-A/1shf.20361.pdb
lmds,1shf-A,data/raw/decoy_cache/decoys_r_us/lmds/dd/multiple/lmds/1shf-A/1shf-A.pdb,data/raw/decoy_cache/decoys_r_us/lmds/dd/multiple/lmds/1shf-A/1shf.20373.pdb
lmds,1shf-A,data/raw/decoy_cache/decoys_r_us/lmds/dd/multiple/lmds/1shf-A/1shf-A.pdb,data/raw/decoy_cache/decoys_r_us/lmds/dd/multiple/lmds/1shf-A/1shf.20408.pdb
lmds,1shf-A,data/raw/decoy_cache/decoys_r_us/lmds/dd/multiple/lmds/1shf-A/1shf-A.pdb,data/raw/decoy_cache/decoys_r_us/lmds/dd/multiple/lmds/1shf-A/1shf.20416.pdb
lmds,1shf-A,data/raw/decoy_cache/decoys_r_us/lmds/dd/multiple/lmds/1shf-A/1shf-A.pdb,data/raw/decoy_cache/decoys_r_us/lmds/dd/multiple/lmds/1shf-A/1shf.20426.pdb
lmds,1shf-A,data/raw/decoy_cache/decoys_r_us/lmds/dd/multiple/lmds/1shf-A/1shf-A.pdb,data/raw/decoy_cache/decoys_r_us/lmds/dd/multiple/lmds/1shf-A/1shf.20462.pdb
lmds,1shf-A,data/raw/decoy_cache/decoys_r_us/lmds/dd/multiple/lmds/1shf-A/1shf-A.pdb,data/raw/decoy_cache/decoys_r_us/lmds/dd/multiple/lmds/1shf-A/1shf.20469.pdb
lmds,1shf-A,data/raw/decoy_cache/decoys_r_us/lmds/dd/multiple/lmds/1shf-A/1shf-A.pdb,data/raw/decoy_cache/decoys_r_us/lmds/dd/multiple/lmds/1shf-A/1shf.20542.pdb
lmds,1shf-A,data/raw/decoy_cache/decoys_r_us/lmds/dd/multiple/lmds/1shf-A/1shf-A.pdb,data/raw/decoy_cache/decoys_r_us/lmds/dd/multiple/lmds/1shf-A/1shf.20655.pdb
lmds,1shf-A,data/raw/decoy_cache/decoys_r_us/lmds/dd/multiple/lmds/1shf-A/1shf-A.pdb,data/raw/decoy_cache/decoys_r_us/lmds/dd/multiple/lmds/1shf-A/1shf.20690.pdb
lmds,1shf-A,data/raw/decoy_cache/decoys_r_us/lmds/dd/multiple/lmds/1shf-A/1shf-A.pdb,data/raw/decoy_cache/decoys_r_us/lmds/dd/multiple/lmds/1shf-A/1shf.20692.pdb
lmds,1shf-A,data/raw/decoy_cache/decoys_r_us/lmds/dd/multiple/lmds/1shf-A/1shf-A.pdb,data/raw/decoy_cache/decoys_r_us/lmds/dd/multiple/lmds/1shf-A/1shf.20705.pdb
lmds,1shf-A,data/raw/decoy_cache/decoys_r_us/lmds/dd/multiple/lmds/1shf-A/1shf-A.pdb,data/raw/decoy_cache/decoys_r_us/lmds/dd/multiple/lmds/1shf-A/1shf.20727.pdb
lmds,1shf-A,data/raw/decoy_cache/decoys_r_us/lmds/dd/multiple/lmds/1shf-A/1shf-A.pdb,data/raw/decoy_cache/decoys_r_us/lmds/dd/multiple/lmds/1shf-A/1shf.20731.pdb
lmds,1shf-A,data/raw/decoy_cache/decoys_r_us/lmds/dd/multiple/lmds/1shf-A/1shf-A.pdb,data/raw/decoy_cache/decoys_r_us/lmds/dd/multiple/lmds/1shf-A/1shf.20734.pdb
lmds,1shf-A,data/raw/decoy_cache/decoys_r_us/lmds/dd/multiple/lmds/1shf-A/1shf-A.pdb,data/raw/decoy_cache/decoys_r_us/lmds/dd/multiple/lmds/1shf-A/1shf.20760.pdb
lmds,1shf-A,data/raw/decoy_cache/decoys_r_us/lmds/dd/multiple/lmds/1shf-A/1shf-A.pdb,data/raw/decoy_cache/decoys_r_us/lmds/dd/multiple/lmds/1shf-A/1shf.25119.pdb
lmds,1shf-A,data/raw/decoy_cache/decoys_r_us/lmds/dd/multiple/lmds/1shf-A/1shf-A.pdb,data/raw/decoy_cache/decoys_r_us/lmds/dd/multiple/lmds/1shf-A/1shf.25139.pdb
lmds,1shf-A,data/raw/decoy_cache/decoys_r_us/lmds/dd/multiple/lmds/1shf-A/1shf-A.pdb,data/raw/decoy_cache/decoys_r_us/lmds/dd/multiple/lmds/1shf-A/1shf.25220.pdb
lmds,1shf-A,data/raw/decoy_cache/decoys_r_us/lmds/dd/multiple/lmds/1shf-A/1shf-A.pdb,data/raw/decoy_cache/decoys_r_us/lmds/dd/multiple/lmds/1shf-A/1shf.25246.pdb
lmds,1shf-A,data/raw/decoy_cache/decoys_r_us/lmds/dd/multiple/lmds/1shf-A/1shf-A.pdb,data/raw/decoy_cache/decoys_r_us/lmds/dd/multiple/lmds/1shf-A/1shf.25257.pdb
lmds,1shf-A,data/raw/decoy_cache/decoys_r_us/lmds/dd/multiple/lmds/1shf-A/1shf-A.pdb,data/raw/decoy_cache/decoys_r_us/lmds/dd/multiple/lmds/1shf-A/1shf.25298.pdb
lmds,1shf-A,data/raw/decoy_cache/decoys_r_us/lmds/dd/multiple/lmds/1shf-A/1shf-A.pdb,data/raw/decoy_cache/decoys_r_us/lmds/dd/multiple/lmds/1shf-A/1shf.25303.pdb
lmds,1shf-A,data/raw/decoy_cache/decoys_r_us/lmds/dd/multiple/lmds/1shf-A/1shf-A.pdb,data/raw/decoy_cache/decoys_r_us/lmds/dd/multiple/lmds/1shf-A/1shf.25304.pdb
lmds,1shf-A,data/raw/decoy_cache/decoys_r_us/lmds/dd/multiple/lmds/1shf-A/1shf-A.pdb,data/raw/decoy_cache/decoys_r_us/lmds/dd/multiple/lmds/1shf-A/1shf.25364.pdb
lmds,1shf-A,data/raw/decoy_cache/decoys_r_us/lmds/dd/multiple/lmds/1shf-A/1shf-A.pdb,data/raw/decoy_cache/decoys_r_us/lmds/dd/multiple/lmds/1shf-A/1shf.25470.pdb
lmds,1shf-A,data/raw/decoy_cache/decoys_r_us/lmds/dd/multiple/lmds/1shf-A/1shf-A.pdb,data/raw/decoy_cache/decoys_r_us/lmds/dd/multiple/lmds/1shf-A/1shf.25473.pdb
lmds,1shf-A,data/raw/decoy_cache/decoys_r_us/lmds/dd/multiple/lmds/1shf-A/1shf-A.pdb,data/raw/decoy_cache/decoys_r_us/lmds/dd/multiple/lmds/1shf-A/1shf.25497.pdb
lmds,1shf-A,data/raw/decoy_cache/decoys_r_us/lmds/dd/multiple/lmds/1shf-A/1shf-A.pdb,data/raw/decoy_cache/decoys_r_us/lmds/dd/multiple/lmds/1shf-A/1shf.25503.pdb
lmds,1shf-A,data/raw/decoy_cache/decoys_r_us/lmds/dd/multiple/lmds/1shf-A/1shf-A.pdb,data/raw/decoy_cache/decoys_r_us/lmds/dd/multiple/lmds/1shf-A/1shf.25541.pdb
lmds,1shf-A,data/raw/decoy_cache/decoys_r_us/lmds/dd/multiple/lmds/1shf-A/1shf-A.pdb,data/raw/decoy_cache/decoys_r_us/lmds/dd/multiple/lmds/1shf-A/1shf.25559.pdb
lmds,1shf-A,data/raw/decoy_cache/decoys_r_us/lmds/dd/multiple/lmds/1shf-A/1shf-A.pdb,data/raw/decoy_cache/decoys_r_us/lmds/dd/multiple/lmds/1shf-A/1shf.25571.pdb
lmds,1shf-A,data/raw/decoy_cache/decoys_r_us/lmds/dd/multiple/lmds/1shf-A/1shf-A.pdb,data/raw/decoy_cache/decoys_r_us/lmds/dd/multiple/lmds/1shf-A/1shf.25578.pdb
lmds,1shf-A,data/raw/decoy_cache/decoys_r_us/lmds/dd/multiple/lmds/1shf-A/1shf-A.pdb,data/raw/decoy_cache/decoys_r_us/lmds/dd/multiple/lmds/1shf-A/1shf.25594.pdb
lmds,1shf-A,data/raw/decoy_cache/decoys_r_us/lmds/dd/multiple/lmds/1shf-A/1shf-A.pdb,data/raw/decoy_cache/decoys_r_us/lmds/dd/multiple/lmds/1shf-A/1shf.25615.pdb
lmds,1shf-A,data/raw/decoy_cache/decoys_r_us/lmds/dd/multiple/lmds/1shf-A/1shf-A.pdb,data/raw/decoy_cache/decoys_r_us/lmds/dd/multiple/lmds/1shf-A/1shf.30115.pdb
lmds,1shf-A,data/raw/decoy_cache/decoys_r_us/lmds/dd/multiple/lmds/1shf-A/1shf-A.pdb,data/raw/decoy_cache/decoys_r_us/lmds/dd/multiple/lmds/1shf-A/1shf.30138.pdb
lmds,1shf-A,data/raw/decoy_cache/decoys_r_us/lmds/dd/multiple/lmds/1shf-A/1shf-A.pdb,data/raw/decoy_cache/decoys_r_us/lmds/dd/multiple/lmds/1shf-A/1shf.30158.pdb
lmds,1shf-A,data/raw/decoy_cache/decoys_r_us/lmds/dd/multiple/lmds/1shf-A/1shf-A.pdb,data/raw/decoy_cache/decoys_r_us/lmds/dd/multiple/lmds/1shf-A/1shf.30202.pdb
lmds,1shf-A,data/raw/decoy_cache/decoys_r_us/lmds/dd/multiple/lmds/1shf-A/1shf-A.pdb,data/raw/decoy_cache/decoys_r_us/lmds/dd/multiple/lmds/1shf-A/1shf.30209.pdb
lmds,1shf-A,data/raw/decoy_cache/decoys_r_us/lmds/dd/multiple/lmds/1shf-A/1shf-A.pdb,data/raw/decoy_cache/decoys_r_us/lmds/dd/multiple/lmds/1shf-A/1shf.30222.pdb
lmds,1shf-A,data/raw/decoy_cache/decoys_r_us/lmds/dd/multiple/lmds/1shf-A/1shf-A.pdb,data/raw/decoy_cache/decoys_r_us/lmds/dd/multiple/lmds/1shf-A/1shf.30231.pdb
lmds,1shf-A,data/raw/decoy_cache/decoys_r_us/lmds/dd/multiple/lmds/1shf-A/1shf-A.pdb,data/raw/decoy_cache/decoys_r_us/lmds/dd/multiple/lmds/1shf-A/1shf.30254.pdb
lmds,1shf-A,data/raw/decoy_cache/decoys_r_us/lmds/dd/multiple/lmds/1shf-A/1shf-A.pdb,data/raw/decoy_cache/decoys_r_us/lmds/dd/multiple/lmds/1shf-A/1shf.30269.pdb
lmds,1shf-A,data/raw/decoy_cache/decoys_r_us/lmds/dd/multiple/lmds/1shf-A/1shf-A.pdb,data/raw/decoy_cache/decoys_r_us/lmds/dd/multiple/lmds/1shf-A/1shf.30306.pdb
lmds,1shf-A,data/raw/decoy_cache/decoys_r_us/lmds/dd/multiple/lmds/1shf-A/1shf-A.pdb,data/raw/decoy_cache/decoys_r_us/lmds/dd/multiple/lmds/1shf-A/1shf.30324.pdb
lmds,1shf-A,data/raw/decoy_cache/decoys_r_us/lmds/dd/multiple/lmds/1shf-A/1shf-A.pdb,data/raw/decoy_cache/decoys_r_us/lmds/dd/multiple/lmds/1shf-A/1shf.30336.pdb
lmds,1shf-A,data/raw/decoy_cache/decoys_r_us/lmds/dd/multiple/lmds/1shf-A/1shf-A.pdb,data/raw/decoy_cache/decoys_r_us/lmds/dd/multiple/lmds/1shf-A/1shf.30354.pdb
lmds,1shf-A,data/raw/decoy_cache/decoys_r_us/lmds/dd/multiple/lmds/1shf-A/1shf-A.pdb,data/raw/decoy_cache/decoys_r_us/lmds/dd/multiple/lmds/1shf-A/1shf.30361.pdb
lmds,1shf-A,data/raw/decoy_cache/decoys_r_us/lmds/dd/multiple/lmds/1shf-A/1shf-A.pdb,data/raw/decoy_cache/decoys_r_us/lmds/dd/multiple/lmds/1shf-A/1shf.30368.pdb
lmds,1shf-A,data/raw/decoy_cache/decoys_r_us/lmds/dd/multiple/lmds/1shf-A/1shf-A.pdb,data/raw/decoy_cache/decoys_r_us/lmds/dd/multiple/lmds/1shf-A/1shf.30377.pdb
lmds,1shf-A,data/raw/decoy_cache/decoys_r_us/lmds/dd/multiple/lmds/1shf-A/1shf-A.pdb,data/raw/decoy_cache/decoys_r_us/lmds/dd/multiple/lmds/1shf-A/1shf.30396.pdb
lmds,1shf-A,data/raw/decoy_cache/decoys_r_us/lmds/dd/multiple/lmds/1shf-A/1shf-A.pdb,data/raw/decoy_cache/decoys_r_us/lmds/dd/multiple/lmds/1shf-A/1shf.30407.pdb
lmds,1shf-A,data/raw/decoy_cache/decoys_r_us/lmds/dd/multiple/lmds/1shf-A/1shf-A.pdb,data/raw/decoy_cache/decoys_r_us/lmds/dd/multiple/lmds/1shf-A/1shf.30423.pdb
lmds,1shf-A,data/raw/decoy_cache/decoys_r_us/lmds/dd/multiple/lmds/1shf-A/1shf-A.pdb,data/raw/decoy_cache/decoys_r_us/lmds/dd/multiple/lmds/1shf-A/1shf.30443.pdb
lmds,1shf-A,data/raw/decoy_cache/decoys_r_us/lmds/dd/multiple/lmds/1shf-A/1shf-A.pdb,data/raw/decoy_cache/decoys_r_us/lmds/dd/multiple/lmds/1shf-A/1shf.30466.pdb
lmds,1shf-A,data/raw/decoy_cache/decoys_r_us/lmds/dd/multiple/lmds/1shf-A/1shf-A.pdb,data/raw/decoy_cache/decoys_r_us/lmds/dd/multiple/lmds/1shf-A/1shf.30477.pdb
lmds,1shf-A,data/raw/decoy_cache/decoys_r_us/lmds/dd/multiple/lmds/1shf-A/1shf-A.pdb,data/raw/decoy_cache/decoys_r_us/lmds/dd/multiple/lmds/1shf-A/1shf.30479.pdb
lmds,1shf-A,data/raw/decoy_cache/decoys_r_us/lmds/dd/multiple/lmds/1shf-A/1shf-A.pdb,data/raw/decoy_cache/decoys_r_us/lmds/dd/multiple/lmds/1shf-A/1shf.30496.pdb
lmds,1shf-A,data/raw/decoy_cache/decoys_r_us/lmds/dd/multiple/lmds/1shf-A/1shf-A.pdb,data/raw/decoy_cache/decoys_r_us/lmds/dd/multiple/lmds/1shf-A/1shf.30510.pdb
lmds,1shf-A,data/raw/decoy_cache/decoys_r_us/lmds/dd/multiple/lmds/1shf-A/1shf-A.pdb,data/raw/decoy_cache/decoys_r_us/lmds/dd/multiple/lmds/1shf-A/1shf.30538.pdb
lmds,1shf-A,data/raw/decoy_cache/decoys_r_us/lmds/dd/multiple/lmds/1shf-A/1shf-A.pdb,data/raw/decoy_cache/decoys_r_us/lmds/dd/multiple/lmds/1shf-A/1shf.30539.pdb
lmds,1shf-A,data/raw/decoy_cache/decoys_r_us/lmds/dd/multiple/lmds/1shf-A/1shf-A.pdb,data/raw/decoy_cache/decoys_r_us/lmds/dd/multiple/lmds/1shf-A/1shf.30544.pdb
lmds,1shf-A,data/raw/decoy_cache/decoys_r_us/lmds/dd/multiple/lmds/1shf-A/1shf-A.pdb,data/raw/decoy_cache/decoys_r_us/lmds/dd/multiple/lmds/1shf-A/1shf.30545.pdb
lmds,1shf-A,data/raw/decoy_cache/decoys_r_us/lmds/dd/multiple/lmds/1shf-A/1shf-A.pdb,data/raw/decoy_cache/decoys_r_us/lmds/dd/multiple/lmds/1shf-A/1shf.30560.pdb
lmds,1shf-A,data/raw/decoy_cache/decoys_r_us/lmds/dd/multiple/lmds/1shf-A/1shf-A.pdb,data/raw/decoy_cache/decoys_r_us/lmds/dd/multiple/lmds/1shf-A/1shf.30562.pdb
lmds,1shf-A,data/raw/decoy_cache/decoys_r_us/lmds/dd/multiple/lmds/1shf-A/1shf-A.pdb,data/raw/decoy_cache/decoys_r_us/lmds/dd/multiple/lmds/1shf-A/1shf.30571.pdb
lmds,1shf-A,data/raw/decoy_cache/decoys_r_us/lmds/dd/multiple/lmds/1shf-A/1shf-A.pdb,data/raw/decoy_cache/decoys_r_us/lmds/dd/multiple/lmds/1shf-A/1shf.30617.pdb
lmds,1shf-A,data/raw/decoy_cache/decoys_r_us/lmds/dd/multiple/lmds/1shf-A/1shf-A.pdb,data/raw/decoy_cache/decoys_r_us/lmds/dd/multiple/lmds/1shf-A/1shf.30618.pdb
lmds,1shf-A,data/raw/decoy_cache/decoys_r_us/lmds/dd/multiple/lmds/1shf-A/1shf-A.pdb,data/raw/decoy_cache/decoys_r_us/lmds/dd/multiple/lmds/1shf-A/1shf.30659.pdb
lmds,1shf-A,data/raw/decoy_cache/decoys_r_us/lmds/dd/multiple/lmds/1shf-A/1shf-A.pdb,data/raw/decoy_cache/decoys_r_us/lmds/dd/multiple/lmds/1shf-A/1shf.30701.pdb
lmds,1shf-A,data/raw/decoy_cache/decoys_r_us/lmds/dd/multiple/lmds/1shf-A/1shf-A.pdb,data/raw/decoy_cache/decoys_r_us/lmds/dd/multiple/lmds/1shf-A/1shf.30705.pdb
lmds,1shf-A,data/raw/decoy_cache/decoys_r_us/lmds/dd/multiple/lmds/1shf-A/1shf-A.pdb,data/raw/decoy_cache/decoys_r_us/lmds/dd/multiple/lmds/1shf-A/1shf.30719.pdb
lmds,1shf-A,data/raw/decoy_cache/decoys_r_us/lmds/dd/multiple/lmds/1shf-A/1shf-A.pdb,data/raw/decoy_cache/decoys_r_us/lmds/dd/multiple/lmds/1shf-A/1shf.30739.pdb
lmds,1shf-A,data/raw/decoy_cache/decoys_r_us/lmds/dd/multiple/lmds/1shf-A/1shf-A.pdb,data/raw/decoy_cache/decoys_r_us/lmds/dd/multiple/lmds/1shf-A/1shf.30742.pdb
lmds,1shf-A,data/raw/decoy_cache/decoys_r_us/lmds/dd/multiple/lmds/1shf-A/1shf-A.pdb,data/raw/decoy_cache/decoys_r_us/lmds/dd/multiple/lmds/1shf-A/1shf.30744.pdb
lmds,1shf-A,data/raw/decoy_cache/decoys_r_us/lmds/dd/multiple/lmds/1shf-A/1shf-A.pdb,data/raw/decoy_cache/decoys_r_us/lmds/dd/multiple/lmds/1shf-A/1shf.30763.pdb
lmds,1shf-A,data/raw/decoy_cache/decoys_r_us/lmds/dd/multiple/lmds/1shf-A/1shf-A.pdb,data/raw/decoy_cache/decoys_r_us/lmds/dd/multiple/lmds/1shf-A/1shf.30764.pdb
lmds,1shf-A,data/raw/decoy_cache/decoys_r_us/lmds/dd/multiple/lmds/1shf-A/1shf-A.pdb,data/raw/decoy_cache/decoys_r_us/lmds/dd/multiple/lmds/1shf-A/1shf.30773.pdb
lmds,1shf-A,data/raw/decoy_cache/decoys_r_us/lmds/dd/multiple/lmds/1shf-A/1shf-A.pdb,data/raw/decoy_cache/decoys_r_us/lmds/dd/multiple/lmds/1shf-A/1shf.30775.pdb
lmds,1shf-A,data/raw/decoy_cache/decoys_r_us/lmds/dd/multiple/lmds/1shf-A/1shf-A.pdb,data/raw/decoy_cache/decoys_r_us/lmds/dd/multiple/lmds/1shf-A/1shf.30800.pdb
lmds,1shf-A,data/raw/decoy_cache/decoys_r_us/lmds/dd/multiple/lmds/1shf-A/1shf-A.pdb,data/raw/decoy_cache/decoys_r_us/lmds/dd/multiple/lmds/1shf-A/1shf.30804.pdb
lmds,1shf-A,data/raw/decoy_cache/decoys_r_us/lmds/dd/multiple/lmds/1shf-A/1shf-A.pdb,data/raw/decoy_cache/decoys_r_us/lmds/dd/multiple/lmds/1shf-A/1shf.30854.pdb
lmds,1shf-A,data/raw/decoy_cache/decoys_r_us/lmds/dd/multiple/lmds/1shf-A/1shf-A.pdb,data/raw/decoy_cache/decoys_r_us/lmds/dd/multiple/lmds/1shf-A/1shf.30856.pdb
lmds,1shf-A,data/raw/decoy_cache/decoys_r_us/lmds/dd/multiple/lmds/1shf-A/1shf-A.pdb,data/raw/decoy_cache/decoys_r_us/lmds/dd/multiple/lmds/1shf-A/1shf.30858.pdb
lmds,1shf-A,data/raw/decoy_cache/decoys_r_us/lmds/dd/multiple/lmds/1shf-A/1shf-A.pdb,data/raw/decoy_cache/decoys_r_us/lmds/dd/multiple/lmds/1shf-A/1shf.30866.pdb
lmds,1shf-A,data/raw/decoy_cache/decoys_r_us/lmds/dd/multiple/lmds/1shf-A/1shf-A.pdb,data/raw/decoy_cache/decoys_r_us/lmds/dd/multiple/lmds/1shf-A/1shf.35151.pdb
lmds,1shf-A,data/raw/decoy_cache/decoys_r_us/lmds/dd/multiple/lmds/1shf-A/1shf-A.pdb,data/raw/decoy_cache/decoys_r_us/lmds/dd/multiple/lmds/1shf-A/1shf.35164.pdb
lmds,1shf-A,data/raw/decoy_cache/decoys_r_us/lmds/dd/multiple/lmds/1shf-A/1shf-A.pdb,data/raw/decoy_cache/decoys_r_us/lmds/dd/multiple/lmds/1shf-A/1shf.35181.pdb
lmds,1shf-A,data/raw/decoy_cache/decoys_r_us/lmds/dd/multiple/lmds/1shf-A/1shf-A.pdb,data/raw/decoy_cache/decoys_r_us/lmds/dd/multiple/lmds/1shf-A/1shf.35182.pdb
lmds,1shf-A,data/raw/decoy_cache/decoys_r_us/lmds/dd/multiple/lmds/1shf-A/1shf-A.pdb,data/raw/decoy_cache/decoys_r_us/lmds/dd/multiple/lmds/1shf-A/1shf.35233.pdb
lmds,1shf-A,data/raw/decoy_cache/decoys_r_us/lmds/dd/multiple/lmds/1shf-A/1shf-A.pdb,data/raw/decoy_cache/decoys_r_us/lmds/dd/multiple/lmds/1shf-A/1shf.35255.pdb
lmds,1shf-A,data/raw/decoy_cache/decoys_r_us/lmds/dd/multiple/lmds/1shf-A/1shf-A.pdb,data/raw/decoy_cache/decoys_r_us/lmds/dd/multiple/lmds/1shf-A/1shf.35268.pdb
lmds,1shf-A,data/raw/decoy_cache/decoys_r_us/lmds/dd/multiple/lmds/1shf-A/1shf-A.pdb,data/raw/decoy_cache/decoys_r_us/lmds/dd/multiple/lmds/1shf-A/1shf.35274.pdb
lmds,1shf-A,data/raw/decoy_cache/decoys_r_us/lmds/dd/multiple/lmds/1shf-A/1shf-A.pdb,data/raw/decoy_cache/decoys_r_us/lmds/dd/multiple/lmds/1shf-A/1shf.35278.pdb
lmds,1shf-A,data/raw/decoy_cache/decoys_r_us/lmds/dd/multiple/lmds/1shf-A/1shf-A.pdb,data/raw/decoy_cache/decoys_r_us/lmds/dd/multiple/lmds/1shf-A/1shf.35324.pdb
lmds,1shf-A,data/raw/decoy_cache/decoys_r_us/lmds/dd/multiple/lmds/1shf-A/1shf-A.pdb,data/raw/decoy_cache/decoys_r_us/lmds/dd/multiple/lmds/1shf-A/1shf.35352.pdb
lmds,1shf-A,data/raw/decoy_cache/decoys_r_us/lmds/dd/multiple/lmds/1shf-A/1shf-A.pdb,data/raw/decoy_cache/decoys_r_us/lmds/dd/multiple/lmds/1shf-A/1shf.35360.pdb
lmds,1shf-A,data/raw/decoy_cache/decoys_r_us/lmds/dd/multiple/lmds/1shf-A/1shf-A.pdb,data/raw/decoy_cache/decoys_r_us/lmds/dd/multiple/lmds/1shf-A/1shf.35386.pdb
lmds,1shf-A,data/raw/decoy_cache/decoys_r_us/lmds/dd/multiple/lmds/1shf-A/1shf-A.pdb,data/raw/decoy_cache/decoys_r_us/lmds/dd/multiple/lmds/1shf-A/1shf.35397.pdb
lmds,1shf-A,data/raw/decoy_cache/decoys_r_us/lmds/dd/multiple/lmds/1shf-A/1shf-A.pdb,data/raw/decoy_cache/decoys_r_us/lmds/dd/multiple/lmds/1shf-A/1shf.35404.pdb
lmds,1shf-A,data/raw/decoy_cache/decoys_r_us/lmds/dd/multiple/lmds/1shf-A/1shf-A.pdb,data/raw/decoy_cache/decoys_r_us/lmds/dd/multiple/lmds/1shf-A/1shf.35412.pdb
lmds,1shf-A,data/raw/decoy_cache/decoys_r_us/lmds/dd/multiple/lmds/1shf-A/1shf-A.pdb,data/raw/decoy_cache/decoys_r_us/lmds/dd/multiple/lmds/1shf-A/1shf.35422.pdb
lmds,1shf-A,data/raw/decoy_cache/decoys_r_us/lmds/dd/multiple/lmds/1shf-A/1shf-A.pdb,data/raw/decoy_cache/decoys_r_us/lmds/dd/multiple/lmds/1shf-A/1shf.35452.pdb
lmds,1shf-A,data/raw/decoy_cache/decoys_r_us/lmds/dd/multiple/lmds/1shf-A/1shf-A.pdb,data/raw/decoy_cache/decoys_r_us/lmds/dd/multiple/lmds/1shf-A/1shf.35453.pdb
lmds,1shf-A,data/raw/decoy_cache/decoys_r_us/lmds/dd/multiple/lmds/1shf-A/1shf-A.pdb,data/raw/decoy_cache/decoys_r_us/lmds/dd/multiple/lmds/1shf-A/1shf.35527.pdb
lmds,1shf-A,data/raw/decoy_cache/decoys_r_us/lmds/dd/multiple/lmds/1shf-A/1shf-A.pdb,data/raw/decoy_cache/decoys_r_us/lmds/dd/multiple/lmds/1shf-A/1shf.35541.pdb
lmds,1shf-A,data/raw/decoy_cache/decoys_r_us/lmds/dd/multiple/lmds/1shf-A/1shf-A.pdb,data/raw/decoy_cache/decoys_r_us/lmds/dd/multiple/lmds/1shf-A/1shf.35543.pdb
lmds,1shf-A,data/raw/decoy_cache/decoys_r_us/lmds/dd/multiple/lmds/1shf-A/1shf-A.pdb,data/raw/decoy_cache/decoys_r_us/lmds/dd/multiple/lmds/1shf-A/1shf.35554.pdb
lmds,1shf-A,data/raw/decoy_cache/decoys_r_us/lmds/dd/multiple/lmds/1shf-A/1shf-A.pdb,data/raw/decoy_cache/decoys_r_us/lmds/dd/multiple/lmds/1shf-A/1shf.35570.pdb
lmds,1shf-A,data/raw/decoy_cache/decoys_r_us/lmds/dd/multiple/lmds/1shf-A/1shf-A.pdb,data/raw/decoy_cache/decoys_r_us/lmds/dd/multiple/lmds/1shf-A/1shf.35594.pdb
lmds,1shf-A,data/raw/decoy_cache/decoys_r_us/lmds/dd/multiple/lmds/1shf-A/1shf-A.pdb,data/raw/decoy_cache/decoys_r_us/lmds/dd/multiple/lmds/1shf-A/1shf.35601.pdb
lmds,1shf-A,data/raw/decoy_cache/decoys_r_us/lmds/dd/multiple/lmds/1shf-A/1shf-A.pdb,data/raw/decoy_cache/decoys_r_us/lmds/dd/multiple/lmds/1shf-A/1shf.35684.pdb
lmds,1shf-A,data/raw/decoy_cache/decoys_r_us/lmds/dd/multiple/lmds/1shf-A/1shf-A.pdb,data/raw/decoy_cache/decoys_r_us/lmds/dd/multiple/lmds/1shf-A/1shf.35750.pdb
lmds,1shf-A,data/raw/decoy_cache/decoys_r_us/lmds/dd/multiple/lmds/1shf-A/1shf-A.pdb,data/raw/decoy_cache/decoys_r_us/lmds/dd/multiple/lmds/1shf-A/1shf.35767.pdb
lmds,1shf-A,data/raw/decoy_cache/decoys_r_us/lmds/dd/multiple/lmds/1shf-A/1shf-A.pdb,data/raw/decoy_cache/decoys_r_us/lmds/dd/multiple/lmds/1shf-A/1shf.35768.pdb
lmds,1shf-A,data/raw/decoy_cache/decoys_r_us/lmds/dd/multiple/lmds/1shf-A/1shf-A.pdb,data/raw/decoy_cache/decoys_r_us/lmds/dd/multiple/lmds/1shf-A/1shf.35774.pdb
lmds,1shf-A,data/raw/decoy_cache/decoys_r_us/lmds/dd/multiple/lmds/1shf-A/1shf-A.pdb,data/raw/decoy_cache/decoys_r_us/lmds/dd/multiple/lmds/1shf-A/1shf.35779.pdb
lmds,1shf-A,data/raw/decoy_cache/decoys_r_us/lmds/dd/multiple/lmds/1shf-A/1shf-A.pdb,data/raw/decoy_cache/decoys_r_us/lmds/dd/multiple/lmds/1shf-A/1shf.35787.pdb
lmds,1shf-A,data/raw/decoy_cache/decoys_r_us/lmds/dd/multiple/lmds/1shf-A/1shf-A.pdb,data/raw/decoy_cache/decoys_r_us/lmds/dd/multiple/lmds/1shf-A/1shf.35829.pdb
lmds,1shf-A,data/raw/decoy_cache/decoys_r_us/lmds/dd/multiple/lmds/1shf-A/1shf-A.pdb,data/raw/decoy_cache/decoys_r_us/lmds/dd/multiple/lmds/1shf-A/1shf.35852.pdb
lmds,1shf-A,data/raw/decoy_cache/decoys_r_us/lmds/dd/multiple/lmds/1shf-A/1shf-A.pdb,data/raw/decoy_cache/decoys_r_us/lmds/dd/multiple/lmds/1shf-A/1shf.35856.pdb
lmds,1shf-A,data/raw/decoy_cache/decoys_r_us/lmds/dd/multiple/lmds/1shf-A/1shf-A.pdb,data/raw/decoy_cache/decoys_r_us/lmds/dd/multiple/lmds/1shf-A/1shf.35861.pdb
lmds,1shf-A,data/raw/decoy_cache/decoys_r_us/lmds/dd/multiple/lmds/1shf-A/1shf-A.pdb,data/raw/decoy_cache/decoys_r_us/lmds/dd/multiple/lmds/1shf-A/1shf.40119.pdb
lmds,1shf-A,data/raw/decoy_cache/decoys_r_us/lmds/dd/multiple/lmds/1shf-A/1shf-A.pdb,data/raw/decoy_cache/decoys_r_us/lmds/dd/multiple/lmds/1shf-A/1shf.40130.pdb
lmds,1shf-A,data/raw/decoy_cache/decoys_r_us/lmds/dd/multiple/lmds/1shf-A/1shf-A.pdb,data/raw/decoy_cache/decoys_r_us/lmds/dd/multiple/lmds/1shf-A/1shf.40148.pdb
lmds,1shf-A,data/raw/decoy_cache/decoys_r_us/lmds/dd/multiple/lmds/1shf-A/1shf-A.pdb,data/raw/decoy_cache/decoys_r_us/lmds/dd/multiple/lmds/1shf-A/1shf.40166.pdb
lmds,1shf-A,data/raw/decoy_cache/decoys_r_us/lmds/dd/multiple/lmds/1shf-A/1shf-A.pdb,data/raw/decoy_cache/decoys_r_us/lmds/dd/multiple/lmds/1shf-A/1shf.40193.pdb
lmds,1shf-A,data/raw/decoy_cache/decoys_r_us/lmds/dd/multiple/lmds/1shf-A/1shf-A.pdb,data/raw/decoy_cache/decoys_r_us/lmds/dd/multiple/lmds/1shf-A/1shf.40209.pdb
lmds,1shf-A,data/raw/decoy_cache/decoys_r_us/lmds/dd/multiple/lmds/1shf-A/1shf-A.pdb,data/raw/decoy_cache/decoys_r_us/lmds/dd/multiple/lmds/1shf-A/1shf.40224.pdb
lmds,1shf-A,data/raw/decoy_cache/decoys_r_us/lmds/dd/multiple/lmds/1shf-A/1shf-A.pdb,data/raw/decoy_cache/decoys_r_us/lmds/dd/multiple/lmds/1shf-A/1shf.40238.pdb
lmds,1shf-A,data/raw/decoy_cache/decoys_r_us/lmds/dd/multiple/lmds/1shf-A/1shf-A.pdb,data/raw/decoy_cache/decoys_r_us/lmds/dd/multiple/lmds/1shf-A/1shf.40240.pdb
lmds,1shf-A,data/raw/decoy_cache/decoys_r_us/lmds/dd/multiple/lmds/1shf-A/1shf-A.pdb,data/raw/decoy_cache/decoys_r_us/lmds/dd/multiple/lmds/1shf-A/1shf.40269.pdb
lmds,1shf-A,data/raw/decoy_cache/decoys_r_us/lmds/dd/multiple/lmds/1shf-A/1shf-A.pdb,data/raw/decoy_cache/decoys_r_us/lmds/dd/multiple/lmds/1shf-A/1shf.40279.pdb
lmds,1shf-A,data/raw/decoy_cache/decoys_r_us/lmds/dd/multiple/lmds/1shf-A/1shf-A.pdb,data/raw/decoy_cache/decoys_r_us/lmds/dd/multiple/lmds/1shf-A/1shf.40337.pdb
lmds,1shf-A,data/raw/decoy_cache/decoys_r_us/lmds/dd/multiple/lmds/1shf-A/1shf-A.pdb,data/raw/decoy_cache/decoys_r_us/lmds/dd/multiple/lmds/1shf-A/1shf.40360.pdb
lmds,1shf-A,data/raw/decoy_cache/decoys_r_us/lmds/dd/multiple/lmds/1shf-A/1shf-A.pdb,data/raw/decoy_cache/decoys_r_us/lmds/dd/multiple/lmds/1shf-A/1shf.40383.pdb
lmds,1shf-A,data/raw/decoy_cache/decoys_r_us/lmds/dd/multiple/lmds/1shf-A/1shf-A.pdb,data/raw/decoy_cache/decoys_r_us/lmds/dd/multiple/lmds/1shf-A/1shf.40390.pdb
lmds,1shf-A,data/raw/decoy_cache/decoys_r_us/lmds/dd/multiple/lmds/1shf-A/1shf-A.pdb,data/raw/decoy_cache/decoys_r_us/lmds/dd/multiple/lmds/1shf-A/1shf.40421.pdb
lmds,1shf-A,data/raw/decoy_cache/decoys_r_us/lmds/dd/multiple/lmds/1shf-A/1shf-A.pdb,data/raw/decoy_cache/decoys_r_us/lmds/dd/multiple/lmds/1shf-A/1shf.40440.pdb
lmds,1shf-A,data/raw/decoy_cache/decoys_r_us/lmds/dd/multiple/lmds/1shf-A/1shf-A.pdb,data/raw/decoy_cache/decoys_r_us/lmds/dd/multiple/lmds/1shf-A/1shf.40472.pdb
lmds,1shf-A,data/raw/decoy_cache/decoys_r_us/lmds/dd/multiple/lmds/1shf-A/1shf-A.pdb,data/raw/decoy_cache/decoys_r_us/lmds/dd/multiple/lmds/1shf-A/1shf.40514.pdb
lmds,1shf-A,data/raw/decoy_cache/decoys_r_us/lmds/dd/multiple/lmds/1shf-A/1shf-A.pdb,data/raw/decoy_cache/decoys_r_us/lmds/dd/multiple/lmds/1shf-A/1shf.40520.pdb
lmds,1shf-A,data/raw/decoy_cache/decoys_r_us/lmds/dd/multiple/lmds/1shf-A/1shf-A.pdb,data/raw/decoy_cache/decoys_r_us/lmds/dd/multiple/lmds/1shf-A/1shf.40530.pdb
lmds,1shf-A,data/raw/decoy_cache/decoys_r_us/lmds/dd/multiple/lmds/1shf-A/1shf-A.pdb,data/raw/decoy_cache/decoys_r_us/lmds/dd/multiple/lmds/1shf-A/1shf.40532.pdb
lmds,1shf-A,data/raw/decoy_cache/decoys_r_us/lmds/dd/multiple/lmds/1shf-A/1shf-A.pdb,data/raw/decoy_cache/decoys_r_us/lmds/dd/multiple/lmds/1shf-A/1shf.40534.pdb
lmds,1shf-A,data/raw/decoy_cache/decoys_r_us/lmds/dd/multiple/lmds/1shf-A/1shf-A.pdb,data/raw/decoy_cache/decoys_r_us/lmds/dd/multiple/lmds/1shf-A/1shf.40537.pdb
lmds,1shf-A,data/raw/decoy_cache/decoys_r_us/lmds/dd/multiple/lmds/1shf-A/1shf-A.pdb,data/raw/decoy_cache/decoys_r_us/lmds/dd/multiple/lmds/1shf-A/1shf.40560.pdb
lmds,1shf-A,data/raw/decoy_cache/decoys_r_us/lmds/dd/multiple/lmds/1shf-A/1shf-A.pdb,data/raw/decoy_cache/decoys_r_us/lmds/dd/multiple/lmds/1shf-A/1shf.40562.pdb
lmds,1shf-A,data/raw/decoy_cache/decoys_r_us/lmds/dd/multiple/lmds/1shf-A/1shf-A.pdb,data/raw/decoy_cache/decoys_r_us/lmds/dd/multiple/lmds/1shf-A/1shf.40580.pdb
lmds,1shf-A,data/raw/decoy_cache/decoys_r_us/lmds/dd/multiple/lmds/1shf-A/1shf-A.pdb,data/raw/decoy_cache/decoys_r_us/lmds/dd/multiple/lmds/1shf-A/1shf.40597.pdb
lmds,1shf-A,data/raw/decoy_cache/decoys_r_us/lmds/dd/multiple/lmds/1shf-A/1shf-A.pdb,data/raw/decoy_cache/decoys_r_us/lmds/dd/multiple/lmds/1shf-A/1shf.40598.pdb
lmds,1shf-A,data/raw/decoy_cache/decoys_r_us/lmds/dd/multiple/lmds/1shf-A/1shf-A.pdb,data/raw/decoy_cache/decoys_r_us/lmds/dd/multiple/lmds/1shf-A/1shf.40605.pdb
lmds,1shf-A,data/raw/decoy_cache/decoys_r_us/lmds/dd/multiple/lmds/1shf-A/1shf-A.pdb,data/raw/decoy_cache/decoys_r_us/lmds/dd/multiple/lmds/1shf-A/1shf.40627.pdb
lmds,1shf-A,data/raw/decoy_cache/decoys_r_us/lmds/dd/multiple/lmds/1shf-A/1shf-A.pdb,data/raw/decoy_cache/decoys_r_us/lmds/dd/multiple/lmds/1shf-A/1shf.40649.pdb
lmds,1shf-A,data/raw/decoy_cache/decoys_r_us/lmds/dd/multiple/lmds/1shf-A/1shf-A.pdb,data/raw/decoy_cache/decoys_r_us/lmds/dd/multiple/lmds/1shf-A/1shf.40651.pdb
lmds,1shf-A,data/raw/decoy_cache/decoys_r_us/lmds/dd/multiple/lmds/1shf-A/1shf-A.pdb,data/raw/decoy_cache/decoys_r_us/lmds/dd/multiple/lmds/1shf-A/1shf.40652.pdb
lmds,1shf-A,data/raw/decoy_cache/decoys_r_us/lmds/dd/multiple/lmds/1shf-A/1shf-A.pdb,data/raw/decoy_cache/decoys_r_us/lmds/dd/multiple/lmds/1shf-A/1shf.40658.pdb
lmds,1shf-A,data/raw/decoy_cache/decoys_r_us/lmds/dd/multiple/lmds/1shf-A/1shf-A.pdb,data/raw/decoy_cache/decoys_r_us/lmds/dd/multiple/lmds/1shf-A/1shf.40660.pdb
lmds,1shf-A,data/raw/decoy_cache/decoys_r_us/lmds/dd/multiple/lmds/1shf-A/1shf-A.pdb,data/raw/decoy_cache/decoys_r_us/lmds/dd/multiple/lmds/1shf-A/1shf.40681.pdb
lmds,1shf-A,data/raw/decoy_cache/decoys_r_us/lmds/dd/multiple/lmds/1shf-A/1shf-A.pdb,data/raw/decoy_cache/decoys_r_us/lmds/dd/multiple/lmds/1shf-A/1shf.40686.pdb
lmds,1shf-A,data/raw/decoy_cache/decoys_r_us/lmds/dd/multiple/lmds/1shf-A/1shf-A.pdb,data/raw/decoy_cache/decoys_r_us/lmds/dd/multiple/lmds/1shf-A/1shf.40690.pdb
lmds,1shf-A,data/raw/decoy_cache/decoys_r_us/lmds/dd/multiple/lmds/1shf-A/1shf-A.pdb,data/raw/decoy_cache/decoys_r_us/lmds/dd/multiple/lmds/1shf-A/1shf.40709.pdb
lmds,1shf-A,data/raw/decoy_cache/decoys_r_us/lmds/dd/multiple/lmds/1shf-A/1shf-A.pdb,data/raw/decoy_cache/decoys_r_us/lmds/dd/multiple/lmds/1shf-A/1shf.40778.pdb
lmds,1shf-A,data/raw/decoy_cache/decoys_r_us/lmds/dd/multiple/lmds/1shf-A/1shf-A.pdb,data/raw/decoy_cache/decoys_r_us/lmds/dd/multiple/lmds/1shf-A/1shf.40830.pdb
lmds,1shf-A,data/raw/decoy_cache/decoys_r_us/lmds/dd/multiple/lmds/1shf-A/1shf-A.pdb,data/raw/decoy_cache/decoys_r_us/lmds/dd/multiple/lmds/1shf-A/1shf.45147.pdb
lmds,1shf-A,data/raw/decoy_cache/decoys_r_us/lmds/dd/multiple/lmds/1shf-A/1shf-A.pdb,data/raw/decoy_cache/decoys_r_us/lmds/dd/multiple/lmds/1shf-A/1shf.45162.pdb
lmds,1shf-A,data/raw/decoy_cache/decoys_r_us/lmds/dd/multiple/lmds/1shf-A/1shf-A.pdb,data/raw/decoy_cache/decoys_r_us/lmds/dd/multiple/lmds/1shf-A/1shf.45181.pdb
lmds,1shf-A,data/raw/decoy_cache/decoys_r_us/lmds/dd/multiple/lmds/1shf-A/1shf-A.pdb,data/raw/decoy_cache/decoys_r_us/lmds/dd/multiple/lmds/1shf-A/1shf.45206.pdb
lmds,1shf-A,data/raw/decoy_cache/decoys_r_us/lmds/dd/multiple/lmds/1shf-A/1shf-A.pdb,data/raw/decoy_cache/decoys_r_us/lmds/dd/multiple/lmds/1shf-A/1shf.45216.pdb
lmds,1shf-A,data/raw/decoy_cache/decoys_r_us/lmds/dd/multiple/lmds/1shf-A/1shf-A.pdb,data/raw/decoy_cache/decoys_r_us/lmds/dd/multiple/lmds/1shf-A/1shf.45237.pdb
lmds,1shf-A,data/raw/decoy_cache/decoys_r_us/lmds/dd/multiple/lmds/1shf-A/1shf-A.pdb,data/raw/decoy_cache/decoys_r_us/lmds/dd/multiple/lmds/1shf-A/1shf.45250.pdb
lmds,1shf-A,data/raw/decoy_cache/decoys_r_us/lmds/dd/multiple/lmds/1shf-A/1shf-A.pdb,data/raw/decoy_cache/decoys_r_us/lmds/dd/multiple/lmds/1shf-A/1shf.45285.pdb
lmds,1shf-A,data/raw/decoy_cache/decoys_r_us/lmds/dd/multiple/lmds/1shf-A/1shf-A.pdb,data/raw/decoy_cache/decoys_r_us/lmds/dd/multiple/lmds/1shf-A/1shf.45292.pdb
lmds,1shf-A,data/raw/decoy_cache/decoys_r_us/lmds/dd/multiple/lmds/1shf-A/1shf-A.pdb,data/raw/decoy_cache/decoys_r_us/lmds/dd/multiple/lmds/1shf-A/1shf.45304.pdb
lmds,1shf-A,data/raw/decoy_cache/decoys_r_us/lmds/dd/multiple/lmds/1shf-A/1shf-A.pdb,data/raw/decoy_cache/decoys_r_us/lmds/dd/multiple/lmds/1shf-A/1shf.45307.pdb
lmds,1shf-A,data/raw/decoy_cache/decoys_r_us/lmds/dd/multiple/lmds/1shf-A/1shf-A.pdb,data/raw/decoy_cache/decoys_r_us/lmds/dd/multiple/lmds/1shf-A/1shf.45317.pdb
lmds,1shf-A,data/raw/decoy_cache/decoys_r_us/lmds/dd/multiple/lmds/1shf-A/1shf-A.pdb,data/raw/decoy_cache/decoys_r_us/lmds/dd/multiple/lmds/1shf-A/1shf.45345.pdb
lmds,1shf-A,data/raw/decoy_cache/decoys_r_us/lmds/dd/multiple/lmds/1shf-A/1shf-A.pdb,data/raw/decoy_cache/decoys_r_us/lmds/dd/multiple/lmds/1shf-A/1shf.45391.pdb
lmds,1shf-A,data/raw/decoy_cache/decoys_r_us/lmds/dd/multiple/lmds/1shf-A/1shf-A.pdb,data/raw/decoy_cache/decoys_r_us/lmds/dd/multiple/lmds/1shf-A/1shf.45414.pdb
lmds,1shf-A,data/raw/decoy_cache/decoys_r_us/lmds/dd/multiple/lmds/1shf-A/1shf-A.pdb,data/raw/decoy_cache/decoys_r_us/lmds/dd/multiple/lmds/1shf-A/1shf.45424.pdb
lmds,1shf-A,data/raw/decoy_cache/decoys_r_us/lmds/dd/multiple/lmds/1shf-A/1shf-A.pdb,data/raw/decoy_cache/decoys_r_us/lmds/dd/multiple/lmds/1shf-A/1shf.45450.pdb
lmds,1shf-A,data/raw/decoy_cache/decoys_r_us/lmds/dd/multiple/lmds/1shf-A/1shf-A.pdb,data/raw/decoy_cache/decoys_r_us/lmds/dd/multiple/lmds/1shf-A/1shf.45490.pdb
lmds,1shf-A,data/raw/decoy_cache/decoys_r_us/lmds/dd/multiple/lmds/1shf-A/1shf-A.pdb,data/raw/decoy_cache/decoys_r_us/lmds/dd/multiple/lmds/1shf-A/1shf.45529.pdb
lmds,1shf-A,data/raw/decoy_cache/decoys_r_us/lmds/dd/multiple/lmds/1shf-A/1shf-A.pdb,data/raw/decoy_cache/decoys_r_us/lmds/dd/multiple/lmds/1shf-A/1shf.45530.pdb
lmds,1shf-A,data/raw/decoy_cache/decoys_r_us/lmds/dd/multiple/lmds/1shf-A/1shf-A.pdb,data/raw/decoy_cache/decoys_r_us/lmds/dd/multiple/lmds/1shf-A/1shf.45582.pdb
lmds,1shf-A,data/raw/decoy_cache/decoys_r_us/lmds/dd/multiple/lmds/1shf-A/1shf-A.pdb,data/raw/decoy_cache/decoys_r_us/lmds/dd/multiple/lmds/1shf-A/1shf.45589.pdb
lmds,1shf-A,data/raw/decoy_cache/decoys_r_us/lmds/dd/multiple/lmds/1shf-A/1shf-A.pdb,data/raw/decoy_cache/decoys_r_us/lmds/dd/multiple/lmds/1shf-A/1shf.45604.pdb
lmds,1shf-A,data/raw/decoy_cache/decoys_r_us/lmds/dd/multiple/lmds/1shf-A/1shf-A.pdb,data/raw/decoy_cache/decoys_r_us/lmds/dd/multiple/lmds/1shf-A/1shf.45661.pdb
lmds,1shf-A,data/raw/decoy_cache/decoys_r_us/lmds/dd/multiple/lmds/1shf-A/1shf-A.pdb,data/raw/decoy_cache/decoys_r_us/lmds/dd/multiple/lmds/1shf-A/1shf.45691.pdb
lmds,1shf-A,data/raw/decoy_cache/decoys_r_us/lmds/dd/multiple/lmds/1shf-A/1shf-A.pdb,data/raw/decoy_cache/decoys_r_us/lmds/dd/multiple/lmds/1shf-A/1shf.45714.pdb
lmds,1shf-A,data/raw/decoy_cache/decoys_r_us/lmds/dd/multiple/lmds/1shf-A/1shf-A.pdb,data/raw/decoy_cache/decoys_r_us/lmds/dd/multiple/lmds/1shf-A/1shf.45747.pdb
lmds,1shf-A,data/raw/decoy_cache/decoys_r_us/lmds/dd/multiple/lmds/1shf-A/1shf-A.pdb,data/raw/decoy_cache/decoys_r_us/lmds/dd/multiple/lmds/1shf-A/1shf.45756.pdb
lmds,1shf-A,data/raw/decoy_cache/decoys_r_us/lmds/dd/multiple/lmds/1shf-A/1shf-A.pdb,data/raw/decoy_cache/decoys_r_us/lmds/dd/multiple/lmds/1shf-A/1shf.45768.pdb
lmds,1shf-A,data/raw/decoy_cache/decoys_r_us/lmds/dd/multiple/lmds/1shf-A/1shf-A.pdb,data/raw/decoy_cache/decoys_r_us/lmds/dd/multiple/lmds/1shf-A/1shf.45811.pdb
lmds,1shf-A,data/raw/decoy_cache/decoys_r_us/lmds/dd/multiple/lmds/1shf-A/1shf-A.pdb,data/raw/decoy_cache/decoys_r_us/lmds/dd/multiple/lmds/1shf-A/1shf.45813.pdb
lmds,1shf-A,data/raw/decoy_cache/decoys_r_us/lmds/dd/multiple/lmds/1shf-A/1shf-A.pdb,data/raw/decoy_cache/decoys_r_us/lmds/dd/multiple/lmds/1shf-A/1shf.45820.pdb
lmds,1shf-A,data/raw/decoy_cache/decoys_r_us/lmds/dd/multiple/lmds/1shf-A/1shf-A.pdb,data/raw/decoy_cache/decoys_r_us/lmds/dd/multiple/lmds/1shf-A/1shf.45830.pdb
lmds,1shf-A,data/raw/decoy_cache/decoys_r_us/lmds/dd/multiple/lmds/1shf-A/1shf-A.pdb,data/raw/decoy_cache/decoys_r_us/lmds/dd/multiple/lmds/1shf-A/1shf.45842.pdb
lmds,1shf-A,data/raw/decoy_cache/decoys_r_us/lmds/dd/multiple/lmds/1shf-A/1shf-A.pdb,data/raw/decoy_cache/decoys_r_us/lmds/dd/multiple/lmds/1shf-A/1shf.45845.pdb
lmds,1shf-A,data/raw/decoy_cache/decoys_r_us/lmds/dd/multiple/lmds/1shf-A/1shf-A.pdb,data/raw/decoy_cache/decoys_r_us/lmds/dd/multiple/lmds/1shf-A/1shf.45851.pdb
lmds,1shf-A,data/raw/decoy_cache/decoys_r_us/lmds/dd/multiple/lmds/1shf-A/1shf-A.pdb,data/raw/decoy_cache/decoys_r_us/lmds/dd/multiple/lmds/1shf-A/1shf.45859.pdb
lmds,1shf-A,data/raw/decoy_cache/decoys_r_us/lmds/dd/multiple/lmds/1shf-A/1shf-A.pdb,data/raw/decoy_cache/decoys_r_us/lmds/dd/multiple/lmds/1shf-A/1shf.45880.pdb
lmds,1shf-A,data/raw/decoy_cache/decoys_r_us/lmds/dd/multiple/lmds/1shf-A/1shf-A.pdb,data/raw/decoy_cache/decoys_r_us/lmds/dd/multiple/lmds/1shf-A/1shf.50120.pdb
lmds,1shf-A,data/raw/decoy_cache/decoys_r_us/lmds/dd/multiple/lmds/1shf-A/1shf-A.pdb,data/raw/decoy_cache/decoys_r_us/lmds/dd/multiple/lmds/1shf-A/1shf.50147.pdb
lmds,1shf-A,data/raw/decoy_cache/decoys_r_us/lmds/dd/multiple/lmds/1shf-A/1shf-A.pdb,data/raw/decoy_cache/decoys_r_us/lmds/dd/multiple/lmds/1shf-A/1shf.50151.pdb
lmds,1shf-A,data/raw/decoy_cache/decoys_r_us/lmds/dd/multiple/lmds/1shf-A/1shf-A.pdb,data/raw/decoy_cache/decoys_r_us/lmds/dd/multiple/lmds/1shf-A/1shf.50178.pdb
lmds,1shf-A,data/raw/decoy_cache/decoys_r_us/lmds/dd/multiple/lmds/1shf-A/1shf-A.pdb,data/raw/decoy_cache/decoys_r_us/lmds/dd/multiple/lmds/1shf-A/1shf.50229.pdb
lmds,1shf-A,data/raw/decoy_cache/decoys_r_us/lmds/dd/multiple/lmds/1shf-A/1shf-A.pdb,data/raw/decoy_cache/decoys_r_us/lmds/dd/multiple/lmds/1shf-A/1shf.50239.pdb
lmds,1shf-A,data/raw/decoy_cache/decoys_r_us/lmds/dd/multiple/lmds/1shf-A/1shf-A.pdb,data/raw/decoy_cache/decoys_r_us/lmds/dd/multiple/lmds/1shf-A/1shf.50271.pdb
lmds,1shf-A,data/raw/decoy_cache/decoys_r_us/lmds/dd/multiple/lmds/1shf-A/1shf-A.pdb,data/raw/decoy_cache/decoys_r_us/lmds/dd/multiple/lmds/1shf-A/1shf.50276.pdb
lmds,1shf-A,data/raw/decoy_cache/decoys_r_us/lmds/dd/multiple/lmds/1shf-A/1shf-A.pdb,data/raw/decoy_cache/decoys_r_us/lmds/dd/multiple/lmds/1shf-A/1shf.50330.pdb
lmds,1shf-A,data/raw/decoy_cache/decoys_r_us/lmds/dd/multiple/lmds/1shf-A/1shf-A.pdb,data/raw/decoy_cache/decoys_r_us/lmds/dd/multiple/lmds/1shf-A/1shf.50356.pdb
lmds,1shf-A,data/raw/decoy_cache/decoys_r_us/lmds/dd/multiple/lmds/1shf-A/1shf-A.pdb,data/raw/decoy_cache/decoys_r_us/lmds/dd/multiple/lmds/1shf-A/1shf.50359.pdb
lmds,1shf-A,data/raw/decoy_cache/decoys_r_us/lmds/dd/multiple/lmds/1shf-A/1shf-A.pdb,data/raw/decoy_cache/decoys_r_us/lmds/dd/multiple/lmds/1shf-A/1shf.50410.pdb
lmds,1shf-A,data/raw/decoy_cache/decoys_r_us/lmds/dd/multiple/lmds/1shf-A/1shf-A.pdb,data/raw/decoy_cache/decoys_r_us/lmds/dd/multiple/lmds/1shf-A/1shf.50441.pdb
lmds,1shf-A,data/raw/decoy_cache/decoys_r_us/lmds/dd/multiple/lmds/1shf-A/1shf-A.pdb,data/raw/decoy_cache/decoys_r_us/lmds/dd/multiple/lmds/1shf-A/1shf.50443.pdb
lmds,1shf-A,data/raw/decoy_cache/decoys_r_us/lmds/dd/multiple/lmds/1shf-A/1shf-A.pdb,data/raw/decoy_cache/decoys_r_us/lmds/dd/multiple/lmds/1shf-A/1shf.50476.pdb
lmds,1shf-A,data/raw/decoy_cache/decoys_r_us/lmds/dd/multiple/lmds/1shf-A/1shf-A.pdb,data/raw/decoy_cache/decoys_r_us/lmds/dd/multiple/lmds/1shf-A/1shf.50481.pdb
lmds,1shf-A,data/raw/decoy_cache/decoys_r_us/lmds/dd/multiple/lmds/1shf-A/1shf-A.pdb,data/raw/decoy_cache/decoys_r_us/lmds/dd/multiple/lmds/1shf-A/1shf.50489.pdb
lmds,1shf-A,data/raw/decoy_cache/decoys_r_us/lmds/dd/multiple/lmds/1shf-A/1shf-A.pdb,data/raw/decoy_cache/decoys_r_us/lmds/dd/multiple/lmds/1shf-A/1shf.50497.pdb
lmds,1shf-A,data/raw/decoy_cache/decoys_r_us/lmds/dd/multiple/lmds/1shf-A/1shf-A.pdb,data/raw/decoy_cache/decoys_r_us/lmds/dd/multiple/lmds/1shf-A/1shf.50545.pdb
lmds,1shf-A,data/raw/decoy_cache/decoys_r_us/lmds/dd/multiple/lmds/1shf-A/1shf-A.pdb,data/raw/decoy_cache/decoys_r_us/lmds/dd/multiple/lmds/1shf-A/1shf.50641.pdb
lmds,1shf-A,data/raw/decoy_cache/decoys_r_us/lmds/dd/multiple/lmds/1shf-A/1shf-A.pdb,data/raw/decoy_cache/decoys_r_us/lmds/dd/multiple/lmds/1shf-A/1shf.50679.pdb
lmds,1shf-A,data/raw/decoy_cache/decoys_r_us/lmds/dd/multiple/lmds/1shf-A/1shf-A.pdb,data/raw/decoy_cache/decoys_r_us/lmds/dd/multiple/lmds/1shf-A/1shf.50691.pdb
lmds,1shf-A,data/raw/decoy_cache/decoys_r_us/lmds/dd/multiple/lmds/1shf-A/1shf-A.pdb,data/raw/decoy_cache/decoys_r_us/lmds/dd/multiple/lmds/1shf-A/1shf.50708.pdb
lmds,1shf-A,data/raw/decoy_cache/decoys_r_us/lmds/dd/multiple/lmds/1shf-A/1shf-A.pdb,data/raw/decoy_cache/decoys_r_us/lmds/dd/multiple/lmds/1shf-A/1shf.50742.pdb
lmds,1shf-A,data/raw/decoy_cache/decoys_r_us/lmds/dd/multiple/lmds/1shf-A/1shf-A.pdb,data/raw/decoy_cache/decoys_r_us/lmds/dd/multiple/lmds/1shf-A/1shf.50778.pdb
lmds,1shf-A,data/raw/decoy_cache/decoys_r_us/lmds/dd/multiple/lmds/1shf-A/1shf-A.pdb,data/raw/decoy_cache/decoys_r_us/lmds/dd/multiple/lmds/1shf-A/1shf.50804.pdb
lmds,1shf-A,data/raw/decoy_cache/decoys_r_us/lmds/dd/multiple/lmds/1shf-A/1shf-A.pdb,data/raw/decoy_cache/decoys_r_us/lmds/dd/multiple/lmds/1shf-A/1shf.50815.pdb
lmds,1shf-A,data/raw/decoy_cache/decoys_r_us/lmds/dd/multiple/lmds/1shf-A/1shf-A.pdb,data/raw/decoy_cache/decoys_r_us/lmds/dd/multiple/lmds/1shf-A/1shf.50832.pdb
lmds,1shf-A,data/raw/decoy_cache/decoys_r_us/lmds/dd/multiple/lmds/1shf-A/1shf-A.pdb,data/raw/decoy_cache/decoys_r_us/lmds/dd/multiple/lmds/1shf-A/1shf.50842.pdb
lmds,1shf-A,data/raw/decoy_cache/decoys_r_us/lmds/dd/multiple/lmds/1shf-A/1shf-A.pdb,data/raw/decoy_cache/decoys_r_us/lmds/dd/multiple/lmds/1shf-A/1shf.50845.pdb
lmds,1shf-A,data/raw/decoy_cache/decoys_r_us/lmds/dd/multiple/lmds/1shf-A/1shf-A.pdb,data/raw/decoy_cache/decoys_r_us/lmds/dd/multiple/lmds/1shf-A/1shf.50850.pdb
lmds,1shf-A,data/raw/decoy_cache/decoys_r_us/lmds/dd/multiple/lmds/1shf-A/1shf-A.pdb,data/raw/decoy_cache/decoys_r_us/lmds/dd/multiple/lmds/1shf-A/1shf.50902.pdb
lmds,1shf-A,data/raw/decoy_cache/decoys_r_us/lmds/dd/multiple/lmds/1shf-A/1shf-A.pdb,data/raw/decoy_cache/decoys_r_us/lmds/dd/multiple/lmds/1shf-A/1shf.50908.pdb
lmds,1shf-A,data/raw/decoy_cache/decoys_r_us/lmds/dd/multiple/lmds/1shf-A/1shf-A.pdb,data/raw/decoy_cache/decoys_r_us/lmds/dd/multiple/lmds/1shf-A/1shf.50909.pdb
lmds,1shf-A,data/raw/decoy_cache/decoys_r_us/lmds/dd/multiple/lmds/1shf-A/1shf-A.pdb,data/raw/decoy_cache/decoys_r_us/lmds/dd/multiple/lmds/1shf-A/1shf.50910.pdb
lmds,1shf-A,data/raw/decoy_cache/decoys_r_us/lmds/dd/multiple/lmds/1shf-A/1shf-A.pdb,data/raw/decoy_cache/decoys_r_us/lmds/dd/multiple/lmds/1shf-A/1shf.50913.pdb
lmds,1shf-A,data/raw/decoy_cache/decoys_r_us/lmds/dd/multiple/lmds/1shf-A/1shf-A.pdb,data/raw/decoy_cache/decoys_r_us/lmds/dd/multiple/lmds/1shf-A/1shf.50928.pdb
lmds,1shf-A,data/raw/decoy_cache/decoys_r_us/lmds/dd/multiple/lmds/1shf-A/1shf-A.pdb,data/raw/decoy_cache/decoys_r_us/lmds/dd/multiple/lmds/1shf-A/1shf.50931.pdb
lmds,1shf-A,data/raw/decoy_cache/decoys_r_us/lmds/dd/multiple/lmds/1shf-A/1shf-A.pdb,data/raw/decoy_cache/decoys_r_us/lmds/dd/multiple/lmds/1shf-A/1shf.50934.pdb
lmds,1shf-A,data/raw/decoy_cache/decoys_r_us/lmds/dd/multiple/lmds/1shf-A/1shf-A.pdb,data/raw/decoy_cache/decoys_r_us/lmds/dd/multiple/lmds/1shf-A/1shf.50952.pdb
lmds,1shf-A,data/raw/decoy_cache/decoys_r_us/lmds/dd/multiple/lmds/1shf-A/1shf-A.pdb,data/raw/decoy_cache/decoys_r_us/lmds/dd/multiple/lmds/1shf-A/1shf.50954.pdb
lmds,1shf-A,data/raw/decoy_cache/decoys_r_us/lmds/dd/multiple/lmds/1shf-A/1shf-A.pdb,data/raw/decoy_cache/decoys_r_us/lmds/dd/multiple/lmds/1shf-A/1shf.50956.pdb
lmds,1shf-A,data/raw/decoy_cache/decoys_r_us/lmds/dd/multiple/lmds/1shf-A/1shf-A.pdb,data/raw/decoy_cache/decoys_r_us/lmds/dd/multiple/lmds/1shf-A/1shf.50959.pdb
lmds,1shf-A,data/raw/decoy_cache/decoys_r_us/lmds/dd/multiple/lmds/1shf-A/1shf-A.pdb,data/raw/decoy_cache/decoys_r_us/lmds/dd/multiple/lmds/1shf-A/1shf.5098.pdb
lmds,1shf-A,data/raw/decoy_cache/decoys_r_us/lmds/dd/multiple/lmds/1shf-A/1shf-A.pdb,data/raw/decoy_cache/decoys_r_us/lmds/dd/multiple/lmds/1shf-A/1shf.50988.pdb
lmds,1shf-A,data/raw/decoy_cache/decoys_r_us/lmds/dd/multiple/lmds/1shf-A/1shf-A.pdb,data/raw/decoy_cache/decoys_r_us/lmds/dd/multiple/lmds/1shf-A/1shf.51016.pdb
lmds,1shf-A,data/raw/decoy_cache/decoys_r_us/lmds/dd/multiple/lmds/1shf-A/1shf-A.pdb,data/raw/decoy_cache/decoys_r_us/lmds/dd/multiple/lmds/1shf-A/1shf.51035.pdb
lmds,1shf-A,data/raw/decoy_cache/decoys_r_us/lmds/dd/multiple/lmds/1shf-A/1shf-A.pdb,data/raw/decoy_cache/decoys_r_us/lmds/dd/multiple/lmds/1shf-A/1shf.51070.pdb
lmds,1shf-A,data/raw/decoy_cache/decoys_r_us/lmds/dd/multiple/lmds/1shf-A/1shf-A.pdb,data/raw/decoy_cache/decoys_r_us/lmds/dd/multiple/lmds/1shf-A/1shf.51091.pdb
lmds,1shf-A,data/raw/decoy_cache/decoys_r_us/lmds/dd/multiple/lmds/1shf-A/1shf-A.pdb,data/raw/decoy_cache/decoys_r_us/lmds/dd/multiple/lmds/1shf-A/1shf.51094.pdb
lmds,1shf-A,data/raw/decoy_cache/decoys_r_us/lmds/dd/multiple/lmds/1shf-A/1shf-A.pdb,data/raw/decoy_cache/decoys_r_us/lmds/dd/multiple/lmds/1shf-A/1shf.51103.pdb
lmds,1shf-A,data/raw/decoy_cache/decoys_r_us/lmds/dd/multiple/lmds/1shf-A/1shf-A.pdb,data/raw/decoy_cache/decoys_r_us/lmds/dd/multiple/lmds/1shf-A/1shf.51116.pdb
lmds,1shf-A,data/raw/decoy_cache/decoys_r_us/lmds/dd/multiple/lmds/1shf-A/1shf-A.pdb,data/raw/decoy_cache/decoys_r_us/lmds/dd/multiple/lmds/1shf-A/1shf.51223.pdb
lmds,1shf-A,data/raw/decoy_cache/decoys_r_us/lmds/dd/multiple/lmds/1shf-A/1shf-A.pdb,data/raw/decoy_cache/decoys_r_us/lmds/dd/multiple/lmds/1shf-A/1shf.51283.pdb
lmds,1shf-A,data/raw/decoy_cache/decoys_r_us/lmds/dd/multiple/lmds/1shf-A/1shf-A.pdb,data/raw/decoy_cache/decoys_r_us/lmds/dd/multiple/lmds/1shf-A/1shf.51286.pdb
lmds,1shf-A,data/raw/decoy_cache/decoys_r_us/lmds/dd/multiple/lmds/1shf-A/1shf-A.pdb,data/raw/decoy_cache/decoys_r_us/lmds/dd/multiple/lmds/1shf-A/1shf.51291.pdb
lmds,1shf-A,data/raw/decoy_cache/decoys_r_us/lmds/dd/multiple/lmds/1shf-A/1shf-A.pdb,data/raw/decoy_cache/decoys_r_us/lmds/dd/multiple/lmds/1shf-A/1shf.51296.pdb
lmds,1shf-A,data/raw/decoy_cache/decoys_r_us/lmds/dd/multiple/lmds/1shf-A/1shf-A.pdb,data/raw/decoy_cache/decoys_r_us/lmds/dd/multiple/lmds/1shf-A/1shf.51308.pdb
lmds,1shf-A,data/raw/decoy_cache/decoys_r_us/lmds/dd/multiple/lmds/1shf-A/1shf-A.pdb,data/raw/decoy_cache/decoys_r_us/lmds/dd/multiple/lmds/1shf-A/1shf.51324.pdb
lmds,1shf-A,data/raw/decoy_cache/decoys_r_us/lmds/dd/multiple/lmds/1shf-A/1shf-A.pdb,data/raw/decoy_cache/decoys_r_us/lmds/dd/multiple/lmds/1shf-A/1shf.51347.pdb
lmds,1shf-A,data/raw/decoy_cache/decoys_r_us/lmds/dd/multiple/lmds/1shf-A/1shf-A.pdb,data/raw/decoy_cache/decoys_r_us/lmds/dd/multiple/lmds/1shf-A/1shf.51349.pdb
lmds,1shf-A,data/raw/decoy_cache/decoys_r_us/lmds/dd/multiple/lmds/1shf-A/1shf-A.pdb,data/raw/decoy_cache/decoys_r_us/lmds/dd/multiple/lmds/1shf-A/1shf.51357.pdb
lmds,1shf-A,data/raw/decoy_cache/decoys_r_us/lmds/dd/multiple/lmds/1shf-A/1shf-A.pdb,data/raw/decoy_cache/decoys_r_us/lmds/dd/multiple/lmds/1shf-A/1shf.51367.pdb
lmds,1shf-A,data/raw/decoy_cache/decoys_r_us/lmds/dd/multiple/lmds/1shf-A/1shf-A.pdb,data/raw/decoy_cache/decoys_r_us/lmds/dd/multiple/lmds/1shf-A/1shf.51426.pdb
lmds,1shf-A,data/raw/decoy_cache/decoys_r_us/lmds/dd/multiple/lmds/1shf-A/1shf-A.pdb,data/raw/decoy_cache/decoys_r_us/lmds/dd/multiple/lmds/1shf-A/1shf.5145.pdb
lmds,1shf-A,data/raw/decoy_cache/decoys_r_us/lmds/dd/multiple/lmds/1shf-A/1shf-A.pdb,data/raw/decoy_cache/decoys_r_us/lmds/dd/multiple/lmds/1shf-A/1shf.51454.pdb
lmds,1shf-A,data/raw/decoy_cache/decoys_r_us/lmds/dd/multiple/lmds/1shf-A/1shf-A.pdb,data/raw/decoy_cache/decoys_r_us/lmds/dd/multiple/lmds/1shf-A/1shf.51561.pdb
lmds,1shf-A,data/raw/decoy_cache/decoys_r_us/lmds/dd/multiple/lmds/1shf-A/1shf-A.pdb,data/raw/decoy_cache/decoys_r_us/lmds/dd/multiple/lmds/1shf-A/1shf.51568.pdb
lmds,1shf-A,data/raw/decoy_cache/decoys_r_us/lmds/dd/multiple/lmds/1shf-A/1shf-A.pdb,data/raw/decoy_cache/decoys_r_us/lmds/dd/multiple/lmds/1shf-A/1shf.51577.pdb
lmds,1shf-A,data/raw/decoy_cache/decoys_r_us/lmds/dd/multiple/lmds/1shf-A/1shf-A.pdb,data/raw/decoy_cache/decoys_r_us/lmds/dd/multiple/lmds/1shf-A/1shf.51582.pdb
lmds,1shf-A,data/raw/decoy_cache/decoys_r_us/lmds/dd/multiple/lmds/1shf-A/1shf-A.pdb,data/raw/decoy_cache/decoys_r_us/lmds/dd/multiple/lmds/1shf-A/1shf.51590.pdb
lmds,1shf-A,data/raw/decoy_cache/decoys_r_us/lmds/dd/multiple/lmds/1shf-A/1shf-A.pdb,data/raw/decoy_cache/decoys_r_us/lmds/dd/multiple/lmds/1shf-A/1shf.51593.pdb
lmds,1shf-A,data/raw/decoy_cache/decoys_r_us/lmds/dd/multiple/lmds/1shf-A/1shf-A.pdb,data/raw/decoy_cache/decoys_r_us/lmds/dd/multiple/lmds/1shf-A/1shf.51600.pdb
lmds,1shf-A,data/raw/decoy_cache/decoys_r_us/lmds/dd/multiple/lmds/1shf-A/1shf-A.pdb,data/raw/decoy_cache/decoys_r_us/lmds/dd/multiple/lmds/1shf-A/1shf.5197.pdb
lmds,1shf-A,data/raw/decoy_cache/decoys_r_us/lmds/dd/multiple/lmds/1shf-A/1shf-A.pdb,data/raw/decoy_cache/decoys_r_us/lmds/dd/multiple/lmds/1shf-A/1shf.5265.pdb
lmds,1shf-A,data/raw/decoy_cache/decoys_r_us/lmds/dd/multiple/lmds/1shf-A/1shf-A.pdb,data/raw/decoy_cache/decoys_r_us/lmds/dd/multiple/lmds/1shf-A/1shf.5285.pdb
lmds,1shf-A,data/raw/decoy_cache/decoys_r_us/lmds/dd/multiple/lmds/1shf-A/1shf-A.pdb,data/raw/decoy_cache/decoys_r_us/lmds/dd/multiple/lmds/1shf-A/1shf.5309.pdb
lmds,1shf-A,data/raw/decoy_cache/decoys_r_us/lmds/dd/multiple/lmds/1shf-A/1shf-A.pdb,data/raw/decoy_cache/decoys_r_us/lmds/dd/multiple/lmds/1shf-A/1shf.5330.pdb
lmds,1shf-A,data/raw/decoy_cache/decoys_r_us/lmds/dd/multiple/lmds/1shf-A/1shf-A.pdb,data/raw/decoy_cache/decoys_r_us/lmds/dd/multiple/lmds/1shf-A/1shf.5341.pdb
lmds,1shf-A,data/raw/decoy_cache/decoys_r_us/lmds/dd/multiple/lmds/1shf-A/1shf-A.pdb,data/raw/decoy_cache/decoys_r_us/lmds/dd/multiple/lmds/1shf-A/1shf.5349.pdb
lmds,1shf-A,data/raw/decoy_cache/decoys_r_us/lmds/dd/multiple/lmds/1shf-A/1shf-A.pdb,data/raw/decoy_cache/decoys_r_us/lmds/dd/multiple/lmds/1shf-A/1shf.5371.pdb
lmds,1shf-A,data/raw/decoy_cache/decoys_r_us/lmds/dd/multiple/lmds/1shf-A/1shf-A.pdb,data/raw/decoy_cache/decoys_r_us/lmds/dd/multiple/lmds/1shf-A/1shf.5373.pdb
lmds,1shf-A,data/raw/decoy_cache/decoys_r_us/lmds/dd/multiple/lmds/1shf-A/1shf-A.pdb,data/raw/decoy_cache/decoys_r_us/lmds/dd/multiple/lmds/1shf-A/1shf.5379.pdb
lmds,1shf-A,data/raw/decoy_cache/decoys_r_us/lmds/dd/multiple/lmds/1shf-A/1shf-A.pdb,data/raw/decoy_cache/decoys_r_us/lmds/dd/multiple/lmds/1shf-A/1shf.5391.pdb
lmds,1shf-A,data/raw/decoy_cache/decoys_r_us/lmds/dd/multiple/lmds/1shf-A/1shf-A.pdb,data/raw/decoy_cache/decoys_r_us/lmds/dd/multiple/lmds/1shf-A/1shf.5394.pdb
lmds,1shf-A,data/raw/decoy_cache/decoys_r_us/lmds/dd/multiple/lmds/1shf-A/1shf-A.pdb,data/raw/decoy_cache/decoys_r_us/lmds/dd/multiple/lmds/1shf-A/1shf.5403.pdb
lmds,1shf-A,data/raw/decoy_cache/decoys_r_us/lmds/dd/multiple/lmds/1shf-A/1shf-A.pdb,data/raw/decoy_cache/decoys_r_us/lmds/dd/multiple/lmds/1shf-A/1shf.5474.pdb
lmds,1shf-A,data/raw/decoy_cache/decoys_r_us/lmds/dd/multiple/lmds/1shf-A/1shf-A.pdb,data/raw/decoy_cache/decoys_r_us/lmds/dd/multiple/lmds/1shf-A/1shf.5481.pdb
lmds,1shf-A,data/raw/decoy_cache/decoys_r_us/lmds/dd/multiple/lmds/1shf-A/1shf-A.pdb,data/raw/decoy_cache/decoys_r_us/lmds/dd/multiple/lmds/1shf-A/1shf.5487.pdb
lmds,1shf-A,data/raw/decoy_cache/decoys_r_us/lmds/dd/multiple/lmds/1shf-A/1shf-A.pdb,data/raw/decoy_cache/decoys_r_us/lmds/dd/multiple/lmds/1shf-A/1shf.5495.pdb
lmds,1shf-A,data/raw/decoy_cache/decoys_r_us/lmds/dd/multiple/lmds/1shf-A/1shf-A.pdb,data/raw/decoy_cache/decoys_r_us/lmds/dd/multiple/lmds/1shf-A/1shf.5502.pdb
lmds,1shf-A,data/raw/decoy_cache/decoys_r_us/lmds/dd/multiple/lmds/1shf-A/1shf-A.pdb,data/raw/decoy_cache/decoys_r_us/lmds/dd/multiple/lmds/1shf-A/1shf.5511.pdb
lmds,1shf-A,data/raw/decoy_cache/decoys_r_us/lmds/dd/multiple/lmds/1shf-A/1shf-A.pdb,data/raw/decoy_cache/decoys_r_us/lmds/dd/multiple/lmds/1shf-A/1shf.55116.pdb
lmds,1shf-A,data/raw/decoy_cache/decoys_r_us/lmds/dd/multiple/lmds/1shf-A/1shf-A.pdb,data/raw/decoy_cache/decoys_r_us/lmds/dd/multiple/lmds/1shf-A/1shf.55132.pdb
lmds,1shf-A,data/raw/decoy_cache/decoys_r_us/lmds/dd/multiple/lmds/1shf-A/1shf-A.pdb,data/raw/decoy_cache/decoys_r_us/lmds/dd/multiple/lmds/1shf-A/1shf.55166.pdb
lmds,1shf-A,data/raw/decoy_cache/decoys_r_us/lmds/dd/multiple/lmds/1shf-A/1shf-A.pdb,data/raw/decoy_cache/decoys_r_us/lmds/dd/multiple/lmds/1shf-A/1shf.55206.pdb
lmds,1shf-A,data/raw/decoy_cache/decoys_r_us/lmds/dd/multiple/lmds/1shf-A/1shf-A.pdb,data/raw/decoy_cache/decoys_r_us/lmds/dd/multiple/lmds/1shf-A/1shf.55217.pdb
lmds,1shf-A,data/raw/decoy_cache/decoys_r_us/lmds/dd/multiple/lmds/1shf-A/1shf-A.pdb,data/raw/decoy_cache/decoys_r_us/lmds/dd/multiple/lmds/1shf-A/1shf.55250.pdb
lmds,1shf-A,data/raw/decoy_cache/decoys_r_us/lmds/dd/multiple/lmds/1shf-A/1shf-A.pdb,data/raw/decoy_cache/decoys_r_us/lmds/dd/multiple/lmds/1shf-A/1shf.55256.pdb
lmds,1shf-A,data/raw/decoy_cache/decoys_r_us/lmds/dd/multiple/lmds/1shf-A/1shf-A.pdb,data/raw/decoy_cache/decoys_r_us/lmds/dd/multiple/lmds/1shf-A/1shf.55274.pdb
lmds,1shf-A,data/raw/decoy_cache/decoys_r_us/lmds/dd/multiple/lmds/1shf-A/1shf-A.pdb,data/raw/decoy_cache/decoys_r_us/lmds/dd/multiple/lmds/1shf-A/1shf.55305.pdb
lmds,1shf-A,data/raw/decoy_cache/decoys_r_us/lmds/dd/multiple/lmds/1shf-A/1shf-A.pdb,data/raw/decoy_cache/decoys_r_us/lmds/dd/multiple/lmds/1shf-A/1shf.55325.pdb
lmds,1shf-A,data/raw/decoy_cache/decoys_r_us/lmds/dd/multiple/lmds/1shf-A/1shf-A.pdb,data/raw/decoy_cache/decoys_r_us/lmds/dd/multiple/lmds/1shf-A/1shf.55363.pdb
lmds,1shf-A,data/raw/decoy_cache/decoys_r_us/lmds/dd/multiple/lmds/1shf-A/1shf-A.pdb,data/raw/decoy_cache/decoys_r_us/lmds/dd/multiple/lmds/1shf-A/1shf.55365.pdb
lmds,1shf-A,data/raw/decoy_cache/decoys_r_us/lmds/dd/multiple/lmds/1shf-A/1shf-A.pdb,data/raw/decoy_cache/decoys_r_us/lmds/dd/multiple/lmds/1shf-A/1shf.55396.pdb
lmds,1shf-A,data/raw/decoy_cache/decoys_r_us/lmds/dd/multiple/lmds/1shf-A/1shf-A.pdb,data/raw/decoy_cache/decoys_r_us/lmds/dd/multiple/lmds/1shf-A/1shf.55397.pdb
lmds,1shf-A,data/raw/decoy_cache/decoys_r_us/lmds/dd/multiple/lmds/1shf-A/1shf-A.pdb,data/raw/decoy_cache/decoys_r_us/lmds/dd/multiple/lmds/1shf-A/1shf.55399.pdb
lmds,1shf-A,data/raw/decoy_cache/decoys_r_us/lmds/dd/multiple/lmds/1shf-A/1shf-A.pdb,data/raw/decoy_cache/decoys_r_us/lmds/dd/multiple/lmds/1shf-A/1shf.55431.pdb
lmds,1shf-A,data/raw/decoy_cache/decoys_r_us/lmds/dd/multiple/lmds/1shf-A/1shf-A.pdb,data/raw/decoy_cache/decoys_r_us/lmds/dd/multiple/lmds/1shf-A/1shf.55458.pdb
lmds,1shf-A,data/raw/decoy_cache/decoys_r_us/lmds/dd/multiple/lmds/1shf-A/1shf-A.pdb,data/raw/decoy_cache/decoys_r_us/lmds/dd/multiple/lmds/1shf-A/1shf.55468.pdb
lmds,1shf-A,data/raw/decoy_cache/decoys_r_us/lmds/dd/multiple/lmds/1shf-A/1shf-A.pdb,data/raw/decoy_cache/decoys_r_us/lmds/dd/multiple/lmds/1shf-A/1shf.55508.pdb
lmds,1shf-A,data/raw/decoy_cache/decoys_r_us/lmds/dd/multiple/lmds/1shf-A/1shf-A.pdb,data/raw/decoy_cache/decoys_r_us/lmds/dd/multiple/lmds/1shf-A/1shf.55522.pdb
lmds,1shf-A,data/raw/decoy_cache/decoys_r_us/lmds/dd/multiple/lmds/1shf-A/1shf-A.pdb,data/raw/decoy_cache/decoys_r_us/lmds/dd/multiple/lmds/1shf-A/1shf.55525.pdb
lmds,1shf-A,data/raw/decoy_cache/decoys_r_us/lmds/dd/multiple/lmds/1shf-A/1shf-A.pdb,data/raw/decoy_cache/decoys_r_us/lmds/dd/multiple/lmds/1shf-A/1shf.55534.pdb
lmds,1shf-A,data/raw/decoy_cache/decoys_r_us/lmds/dd/multiple/lmds/1shf-A/1shf-A.pdb,data/raw/decoy_cache/decoys_r_us/lmds/dd/multiple/lmds/1shf-A/1shf.55535.pdb
lmds,1shf-A,data/raw/decoy_cache/decoys_r_us/lmds/dd/multiple/lmds/1shf-A/1shf-A.pdb,data/raw/decoy_cache/decoys_r_us/lmds/dd/multiple/lmds/1shf-A/1shf.55537.pdb
lmds,1shf-A,data/raw/decoy_cache/decoys_r_us/lmds/dd/multiple/lmds/1shf-A/1shf-A.pdb,data/raw/decoy_cache/decoys_r_us/lmds/dd/multiple/lmds/1shf-A/1shf.55551.pdb
lmds,1shf-A,data/raw/decoy_cache/decoys_r_us/lmds/dd/multiple/lmds/1shf-A/1shf-A.pdb,data/raw/decoy_cache/decoys_r_us/lmds/dd/multiple/lmds/1shf-A/1shf.55566.pdb
lmds,1shf-A,data/raw/decoy_cache/decoys_r_us/lmds/dd/multiple/lmds/1shf-A/1shf-A.pdb,data/raw/decoy_cache/decoys_r_us/lmds/dd/multiple/lmds/1shf-A/1shf.55590.pdb
lmds,1shf-A,data/raw/decoy_cache/decoys_r_us/lmds/dd/multiple/lmds/1shf-A/1shf-A.pdb,data/raw/decoy_cache/decoys_r_us/lmds/dd/multiple/lmds/1shf-A/1shf.55624.pdb
lmds,1shf-A,data/raw/decoy_cache/decoys_r_us/lmds/dd/multiple/lmds/1shf-A/1shf-A.pdb,data/raw/decoy_cache/decoys_r_us/lmds/dd/multiple/lmds/1shf-A/1shf.55639.pdb
lmds,1shf-A,data/raw/decoy_cache/decoys_r_us/lmds/dd/multiple/lmds/1shf-A/1shf-A.pdb,data/raw/decoy_cache/decoys_r_us/lmds/dd/multiple/lmds/1shf-A/1shf.55646.pdb
lmds,1shf-A,data/raw/decoy_cache/decoys_r_us/lmds/dd/multiple/lmds/1shf-A/1shf-A.pdb,data/raw/decoy_cache/decoys_r_us/lmds/dd/multiple/lmds/1shf-A/1shf.55654.pdb
lmds,1shf-A,data/raw/decoy_cache/decoys_r_us/lmds/dd/multiple/lmds/1shf-A/1shf-A.pdb,data/raw/decoy_cache/decoys_r_us/lmds/dd/multiple/lmds/1shf-A/1shf.55671.pdb
lmds,1shf-A,data/raw/decoy_cache/decoys_r_us/lmds/dd/multiple/lmds/1shf-A/1shf-A.pdb,data/raw/decoy_cache/decoys_r_us/lmds/dd/multiple/lmds/1shf-A/1shf.55695.pdb
lmds,1shf-A,data/raw/decoy_cache/decoys_r_us/lmds/dd/multiple/lmds/1shf-A/1shf-A.pdb,data/raw/decoy_cache/decoys_r_us/lmds/dd/multiple/lmds/1shf-A/1shf.55701.pdb
lmds,1shf-A,data/raw/decoy_cache/decoys_r_us/lmds/dd/multiple/lmds/1shf-A/1shf-A.pdb,data/raw/decoy_cache/decoys_r_us/lmds/dd/multiple/lmds/1shf-A/1shf.55720.pdb
lmds,1shf-A,data/raw/decoy_cache/decoys_r_us/lmds/dd/multiple/lmds/1shf-A/1shf-A.pdb,data/raw/decoy_cache/decoys_r_us/lmds/dd/multiple/lmds/1shf-A/1shf.55724.pdb
lmds,1shf-A,data/raw/decoy_cache/decoys_r_us/lmds/dd/multiple/lmds/1shf-A/1shf-A.pdb,data/raw/decoy_cache/decoys_r_us/lmds/dd/multiple/lmds/1shf-A/1shf.55737.pdb
lmds,1shf-A,data/raw/decoy_cache/decoys_r_us/lmds/dd/multiple/lmds/1shf-A/1shf-A.pdb,data/raw/decoy_cache/decoys_r_us/lmds/dd/multiple/lmds/1shf-A/1shf.55740.pdb
lmds,1shf-A,data/raw/decoy_cache/decoys_r_us/lmds/dd/multiple/lmds/1shf-A/1shf-A.pdb,data/raw/decoy_cache/decoys_r_us/lmds/dd/multiple/lmds/1shf-A/1shf.55760.pdb
lmds,1shf-A,data/raw/decoy_cache/decoys_r_us/lmds/dd/multiple/lmds/1shf-A/1shf-A.pdb,data/raw/decoy_cache/decoys_r_us/lmds/dd/multiple/lmds/1shf-A/1shf.55790.pdb
lmds,1shf-A,data/raw/decoy_cache/decoys_r_us/lmds/dd/multiple/lmds/1shf-A/1shf-A.pdb,data/raw/decoy_cache/decoys_r_us/lmds/dd/multiple/lmds/1shf-A/1shf.60127.pdb
lmds,1shf-A,data/raw/decoy_cache/decoys_r_us/lmds/dd/multiple/lmds/1shf-A/1shf-A.pdb,data/raw/decoy_cache/decoys_r_us/lmds/dd/multiple/lmds/1shf-A/1shf.60140.pdb
lmds,1shf-A,data/raw/decoy_cache/decoys_r_us/lmds/dd/multiple/lmds/1shf-A/1shf-A.pdb,data/raw/decoy_cache/decoys_r_us/lmds/dd/multiple/lmds/1shf-A/1shf.60142.pdb
lmds,1shf-A,data/raw/decoy_cache/decoys_r_us/lmds/dd/multiple/lmds/1shf-A/1shf-A.pdb,data/raw/decoy_cache/decoys_r_us/lmds/dd/multiple/lmds/1shf-A/1shf.60152.pdb
lmds,1shf-A,data/raw/decoy_cache/decoys_r_us/lmds/dd/multiple/lmds/1shf-A/1shf-A.pdb,data/raw/decoy_cache/decoys_r_us/lmds/dd/multiple/lmds/1shf-A/1shf.60172.pdb
lmds,1shf-A,data/raw/decoy_cache/decoys_r_us/lmds/dd/multiple/lmds/1shf-A/1shf-A.pdb,data/raw/decoy_cache/decoys_r_us/lmds/dd/multiple/lmds/1shf-A/1shf.60238.pdb
lmds,1shf-A,data/raw/decoy_cache/decoys_r_us/lmds/dd/multiple/lmds/1shf-A/1shf-A.pdb,data/raw/decoy_cache/decoys_r_us/lmds/dd/multiple/lmds/1shf-A/1shf.60315.pdb
lmds,1shf-A,data/raw/decoy_cache/decoys_r_us/lmds/dd/multiple/lmds/1shf-A/1shf-A.pdb,data/raw/decoy_cache/decoys_r_us/lmds/dd/multiple/lmds/1shf-A/1shf.60318.pdb
lmds,1shf-A,data/raw/decoy_cache/decoys_r_us/lmds/dd/multiple/lmds/1shf-A/1shf-A.pdb,data/raw/decoy_cache/decoys_r_us/lmds/dd/multiple/lmds/1shf-A/1shf.60325.pdb
lmds,1shf-A,data/raw/decoy_cache/decoys_r_us/lmds/dd/multiple/lmds/1shf-A/1shf-A.pdb,data/raw/decoy_cache/decoys_r_us/lmds/dd/multiple/lmds/1shf-A/1shf.60336.pdb
lmds,1shf-A,data/raw/decoy_cache/decoys_r_us/lmds/dd/multiple/lmds/1shf-A/1shf-A.pdb,data/raw/decoy_cache/decoys_r_us/lmds/dd/multiple/lmds/1shf-A/1shf.60381.pdb
lmds,1shf-A,data/raw/decoy_cache/decoys_r_us/lmds/dd/multiple/lmds/1shf-A/1shf-A.pdb,data/raw/decoy_cache/decoys_r_us/lmds/dd/multiple/lmds/1shf-A/1shf.60428.pdb
lmds,1shf-A,data/raw/decoy_cache/decoys_r_us/lmds/dd/multiple/lmds/1shf-A/1shf-A.pdb,data/raw/decoy_cache/decoys_r_us/lmds/dd/multiple/lmds/1shf-A/1shf.60430.pdb
lmds,1shf-A,data/raw/decoy_cache/decoys_r_us/lmds/dd/multiple/lmds/1shf-A/1shf-A.pdb,data/raw/decoy_cache/decoys_r_us/lmds/dd/multiple/lmds/1shf-A/1shf.60454.pdb
lmds,1shf-A,data/raw/decoy_cache/decoys_r_us/lmds/dd/multiple/lmds/1shf-A/1shf-A.pdb,data/raw/decoy_cache/decoys_r_us/lmds/dd/multiple/lmds/1shf-A/1shf.60471.pdb
lmds,1shf-A,data/raw/decoy_cache/decoys_r_us/lmds/dd/multiple/lmds/1shf-A/1shf-A.pdb,data/raw/decoy_cache/decoys_r_us/lmds/dd/multiple/lmds/1shf-A/1shf.60537.pdb
lmds,1shf-A,data/raw/decoy_cache/decoys_r_us/lmds/dd/multiple/lmds/1shf-A/1shf-A.pdb,data/raw/decoy_cache/decoys_r_us/lmds/dd/multiple/lmds/1shf-A/1shf.60545.pdb
lmds,1shf-A,data/raw/decoy_cache/decoys_r_us/lmds/dd/multiple/lmds/1shf-A/1shf-A.pdb,data/raw/decoy_cache/decoys_r_us/lmds/dd/multiple/lmds/1shf-A/1shf.60564.pdb
lmds,1shf-A,data/raw/decoy_cache/decoys_r_us/lmds/dd/multiple/lmds/1shf-A/1shf-A.pdb,data/raw/decoy_cache/decoys_r_us/lmds/dd/multiple/lmds/1shf-A/1shf.60598.pdb
lmds,1shf-A,data/raw/decoy_cache/decoys_r_us/lmds/dd/multiple/lmds/1shf-A/1shf-A.pdb,data/raw/decoy_cache/decoys_r_us/lmds/dd/multiple/lmds/1shf-A/1shf.60629.pdb
lmds,1shf-A,data/raw/decoy_cache/decoys_r_us/lmds/dd/multiple/lmds/1shf-A/1shf-A.pdb,data/raw/decoy_cache/decoys_r_us/lmds/dd/multiple/lmds/1shf-A/1shf.60651.pdb
lmds,1shf-A,data/raw/decoy_cache/decoys_r_us/lmds/dd/multiple/lmds/1shf-A/1shf-A.pdb,data/raw/decoy_cache/decoys_r_us/lmds/dd/multiple/lmds/1shf-A/1shf.60661.pdb
lmds,1shf-A,data/raw/decoy_cache/decoys_r_us/lmds/dd/multiple/lmds/1shf-A/1shf-A.pdb,data/raw/decoy_cache/decoys_r_us/lmds/dd/multiple/lmds/1shf-A/1shf.60664.pdb
lmds,1shf-A,data/raw/decoy_cache/decoys_r_us/lmds/dd/multiple/lmds/1shf-A/1shf-A.pdb,data/raw/decoy_cache/decoys_r_us/lmds/dd/multiple/lmds/1shf-A/1shf.60691.pdb
lmds,1shf-A,data/raw/decoy_cache/decoys_r_us/lmds/dd/multiple/lmds/1shf-A/1shf-A.pdb,data/raw/decoy_cache/decoys_r_us/lmds/dd/multiple/lmds/1shf-A/1shf.60700.pdb
lmds,1shf-A,data/raw/decoy_cache/decoys_r_us/lmds/dd/multiple/lmds/1shf-A/1shf-A.pdb,data/raw/decoy_cache/decoys_r_us/lmds/dd/multiple/lmds/1shf-A/1shf.60707.pdb
lmds,1shf-A,data/raw/decoy_cache/decoys_r_us/lmds/dd/multiple/lmds/1shf-A/1shf-A.pdb,data/raw/decoy_cache/decoys_r_us/lmds/dd/multiple/lmds/1shf-A/1shf.60713.pdb
lmds,1shf-A,data/raw/decoy_cache/decoys_r_us/lmds/dd/multiple/lmds/1shf-A/1shf-A.pdb,data/raw/decoy_cache/decoys_r_us/lmds/dd/multiple/lmds/1shf-A/1shf.60723.pdb
lmds,1shf-A,data/raw/decoy_cache/decoys_r_us/lmds/dd/multiple/lmds/1shf-A/1shf-A.pdb,data/raw/decoy_cache/decoys_r_us/lmds/dd/multiple/lmds/1shf-A/1shf.60731.pdb
lmds,1shf-A,data/raw/decoy_cache/decoys_r_us/lmds/dd/multiple/lmds/1shf-A/1shf-A.pdb,data/raw/decoy_cache/decoys_r_us/lmds/dd/multiple/lmds/1shf-A/1shf.60738.pdb
lmds,1shf-A,data/raw/decoy_cache/decoys_r_us/lmds/dd/multiple/lmds/1shf-A/1shf-A.pdb,data/raw/decoy_cache/decoys_r_us/lmds/dd/multiple/lmds/1shf-A/1shf.60761.pdb
lmds,1shf-A,data/raw/decoy_cache/decoys_r_us/lmds/dd/multiple/lmds/1shf-A/1shf-A.pdb,data/raw/decoy_cache/decoys_r_us/lmds/dd/multiple/lmds/1shf-A/1shf.60783.pdb
lmds,1shf-A,data/raw/decoy_cache/decoys_r_us/lmds/dd/multiple/lmds/1shf-A/1shf-A.pdb,data/raw/decoy_cache/decoys_r_us/lmds/dd/multiple/lmds/1shf-A/1shf.60785.pdb
lmds,1shf-A,data/raw/decoy_cache/decoys_r_us/lmds/dd/multiple/lmds/1shf-A/1shf-A.pdb,data/raw/decoy_cache/decoys_r_us/lmds/dd/multiple/lmds/1shf-A/1shf.60799.pdb
lmds,1shf-A,data/raw/decoy_cache/decoys_r_us/lmds/dd/multiple/lmds/1shf-A/1shf-A.pdb,data/raw/decoy_cache/decoys_r_us/lmds/dd/multiple/lmds/1shf-A/1shf.60829.pdb
lmds,1shf-A,data/raw/decoy_cache/decoys_r_us/lmds/dd/multiple/lmds/1shf-A/1shf-A.pdb,data/raw/decoy_cache/decoys_r_us/lmds/dd/multiple/lmds/1shf-A/1shf.60834.pdb
lmds,1shf-A,data/raw/decoy_cache/decoys_r_us/lmds/dd/multiple/lmds/1shf-A/1shf-A.pdb,data/raw/decoy_cache/decoys_r_us/lmds/dd/multiple/lmds/1shf-A/1shf.60844.pdb
lmds,1shf-A,data/raw/decoy_cache/decoys_r_us/lmds/dd/multiple/lmds/1shf-A/1shf-A.pdb,data/raw/decoy_cache/decoys_r_us/lmds/dd/multiple/lmds/1shf-A/1shf.60867.pdb
lmds,1shf-A,data/raw/decoy_cache/decoys_r_us/lmds/dd/multiple/lmds/1shf-A/1shf-A.pdb,data/raw/decoy_cache/decoys_r_us/lmds/dd/multiple/lmds/1shf-A/1shf.60873.pdb
lmds,2cro,data/raw/decoy_cache/decoys_r_us/lmds/dd/multiple/lmds/doc/pdb_orig/2cro.pdb,data/raw/decoy_cache/decoys_r_us/lmds/dd/multiple/lmds/2cro/2cro.10014.pdb
lmds,2cro,data/raw/decoy_cache/decoys_r_us/lmds/dd/multiple/lmds/doc/pdb_orig/2cro.pdb,data/raw/decoy_cache/decoys_r_us/lmds/dd/multiple/lmds/2cro/2cro.10081.pdb
lmds,2cro,data/raw/decoy_cache/decoys_r_us/lmds/dd/multiple/lmds/doc/pdb_orig/2cro.pdb,data/raw/decoy_cache/decoys_r_us/lmds/dd/multiple/lmds/2cro/2cro.10090.pdb
lmds,2cro,data/raw/decoy_cache/decoys_r_us/lmds/dd/multiple/lmds/doc/pdb_orig/2cro.pdb,data/raw/decoy_cache/decoys_r_us/lmds/dd/multiple/lmds/2cro/2cro.10091.pdb
lmds,2cro,data/raw/decoy_cache/decoys_r_us/lmds/dd/multiple/lmds/doc/pdb_orig/2cro.pdb,data/raw/decoy_cache/decoys_r_us/lmds/dd/multiple/lmds/2cro/2cro.10107.pdb
lmds,2cro,data/raw/decoy_cache/decoys_r_us/lmds/dd/multiple/lmds/doc/pdb_orig/2cro.pdb,data/raw/decoy_cache/decoys_r_us/lmds/dd/multiple/lmds/2cro/2cro.10137.pdb
lmds,2cro,data/raw/decoy_cache/decoys_r_us/lmds/dd/multiple/lmds/doc/pdb_orig/2cro.pdb,data/raw/decoy_cache/decoys_r_us/lmds/dd/multiple/lmds/2cro/2cro.10174.pdb
lmds,2cro,data/raw/decoy_cache/decoys_r_us/lmds/dd/multiple/lmds/doc/pdb_orig/2cro.pdb,data/raw/decoy_cache/decoys_r_us/lmds/dd/multiple/lmds/2cro/2cro.10210.pdb
lmds,2cro,data/raw/decoy_cache/decoys_r_us/lmds/dd/multiple/lmds/doc/pdb_orig/2cro.pdb,data/raw/decoy_cache/decoys_r_us/lmds/dd/multiple/lmds/2cro/2cro.10216.pdb
lmds,2cro,data/raw/decoy_cache/decoys_r_us/lmds/dd/multiple/lmds/doc/pdb_orig/2cro.pdb,data/raw/decoy_cache/decoys_r_us/lmds/dd/multiple/lmds/2cro/2cro.10304.pdb
lmds,2cro,data/raw/decoy_cache/decoys_r_us/lmds/dd/multiple/lmds/doc/pdb_orig/2cro.pdb,data/raw/decoy_cache/decoys_r_us/lmds/dd/multiple/lmds/2cro/2cro.10311.pdb
lmds,2cro,data/raw/decoy_cache/decoys_r_us/lmds/dd/multiple/lmds/doc/pdb_orig/2cro.pdb,data/raw/decoy_cache/decoys_r_us/lmds/dd/multiple/lmds/2cro/2cro.10320.pdb
lmds,2cro,data/raw/decoy_cache/decoys_r_us/lmds/dd/multiple/lmds/doc/pdb_orig/2cro.pdb,data/raw/decoy_cache/decoys_r_us/lmds/dd/multiple/lmds/2cro/2cro.10341.pdb
lmds,2cro,data/raw/decoy_cache/decoys_r_us/lmds/dd/multiple/lmds/doc/pdb_orig/2cro.pdb,data/raw/decoy_cache/decoys_r_us/lmds/dd/multiple/lmds/2cro/2cro.10363.pdb
lmds,2cro,data/raw/decoy_cache/decoys_r_us/lmds/dd/multiple/lmds/doc/pdb_orig/2cro.pdb,data/raw/decoy_cache/decoys_r_us/lmds/dd/multiple/lmds/2cro/2cro.10369.pdb
lmds,2cro,data/raw/decoy_cache/decoys_r_us/lmds/dd/multiple/lmds/doc/pdb_orig/2cro.pdb,data/raw/decoy_cache/decoys_r_us/lmds/dd/multiple/lmds/2cro/2cro.10393.pdb
lmds,2cro,data/raw/decoy_cache/decoys_r_us/lmds/dd/multiple/lmds/doc/pdb_orig/2cro.pdb,data/raw/decoy_cache/decoys_r_us/lmds/dd/multiple/lmds/2cro/2cro.10420.pdb
lmds,2cro,data/raw/decoy_cache/decoys_r_us/lmds/dd/multiple/lmds/doc/pdb_orig/2cro.pdb,data/raw/decoy_cache/decoys_r_us/lmds/dd/multiple/lmds/2cro/2cro.10461.pdb
lmds,2cro,data/raw/decoy_cache/decoys_r_us/lmds/dd/multiple/lmds/doc/pdb_orig/2cro.pdb,data/raw/decoy_cache/decoys_r_us/lmds/dd/multiple/lmds/2cro/2cro.10494.pdb
lmds,2cro,data/raw/decoy_cache/decoys_r_us/lmds/dd/multiple/lmds/doc/pdb_orig/2cro.pdb,data/raw/decoy_cache/decoys_r_us/lmds/dd/multiple/lmds/2cro/2cro.10510.pdb
lmds,2cro,data/raw/decoy_cache/decoys_r_us/lmds/dd/multiple/lmds/doc/pdb_orig/2cro.pdb,data/raw/decoy_cache/decoys_r_us/lmds/dd/multiple/lmds/2cro/2cro.10526.pdb
lmds,2cro,data/raw/decoy_cache/decoys_r_us/lmds/dd/multiple/lmds/doc/pdb_orig/2cro.pdb,data/raw/decoy_cache/decoys_r_us/lmds/dd/multiple/lmds/2cro/2cro.10586.pdb
lmds,2cro,data/raw/decoy_cache/decoys_r_us/lmds/dd/multiple/lmds/doc/pdb_orig/2cro.pdb,data/raw/decoy_cache/decoys_r_us/lmds/dd/multiple/lmds/2cro/2cro.10593.pdb
lmds,2cro,data/raw/decoy_cache/decoys_r_us/lmds/dd/multiple/lmds/doc/pdb_orig/2cro.pdb,data/raw/decoy_cache/decoys_r_us/lmds/dd/multiple/lmds/2cro/2cro.10598.pdb
lmds,2cro,data/raw/decoy_cache/decoys_r_us/lmds/dd/multiple/lmds/doc/pdb_orig/2cro.pdb,data/raw/decoy_cache/decoys_r_us/lmds/dd/multiple/lmds/2cro/2cro.10608.pdb
lmds,2cro,data/raw/decoy_cache/decoys_r_us/lmds/dd/multiple/lmds/doc/pdb_orig/2cro.pdb,data/raw/decoy_cache/decoys_r_us/lmds/dd/multiple/lmds/2cro/2cro.10627.pdb
lmds,2cro,data/raw/decoy_cache/decoys_r_us/lmds/dd/multiple/lmds/doc/pdb_orig/2cro.pdb,data/raw/decoy_cache/decoys_r_us/lmds/dd/multiple/lmds/2cro/2cro.10648.pdb
lmds,2cro,data/raw/decoy_cache/decoys_r_us/lmds/dd/multiple/lmds/doc/pdb_orig/2cro.pdb,data/raw/decoy_cache/decoys_r_us/lmds/dd/multiple/lmds/2cro/2cro.10679.pdb
lmds,2cro,data/raw/decoy_cache/decoys_r_us/lmds/dd/multiple/lmds/doc/pdb_orig/2cro.pdb,data/raw/decoy_cache/decoys_r_us/lmds/dd/multiple/lmds/2cro/2cro.10720.pdb
lmds,2cro,data/raw/decoy_cache/decoys_r_us/lmds/dd/multiple/lmds/doc/pdb_orig/2cro.pdb,data/raw/decoy_cache/decoys_r_us/lmds/dd/multiple/lmds/2cro/2cro.10754.pdb
lmds,2cro,data/raw/decoy_cache/decoys_r_us/lmds/dd/multiple/lmds/doc/pdb_orig/2cro.pdb,data/raw/decoy_cache/decoys_r_us/lmds/dd/multiple/lmds/2cro/2cro.10765.pdb
lmds,2cro,data/raw/decoy_cache/decoys_r_us/lmds/dd/multiple/lmds/doc/pdb_orig/2cro.pdb,data/raw/decoy_cache/decoys_r_us/lmds/dd/multiple/lmds/2cro/2cro.10772.pdb
lmds,2cro,data/raw/decoy_cache/decoys_r_us/lmds/dd/multiple/lmds/doc/pdb_orig/2cro.pdb,data/raw/decoy_cache/decoys_r_us/lmds/dd/multiple/lmds/2cro/2cro.10776.pdb
lmds,2cro,data/raw/decoy_cache/decoys_r_us/lmds/dd/multiple/lmds/doc/pdb_orig/2cro.pdb,data/raw/decoy_cache/decoys_r_us/lmds/dd/multiple/lmds/2cro/2cro.10780.pdb
lmds,2cro,data/raw/decoy_cache/decoys_r_us/lmds/dd/multiple/lmds/doc/pdb_orig/2cro.pdb,data/raw/decoy_cache/decoys_r_us/lmds/dd/multiple/lmds/2cro/2cro.10790.pdb
lmds,2cro,data/raw/decoy_cache/decoys_r_us/lmds/dd/multiple/lmds/doc/pdb_orig/2cro.pdb,data/raw/decoy_cache/decoys_r_us/lmds/dd/multiple/lmds/2cro/2cro.10949.pdb
lmds,2cro,data/raw/decoy_cache/decoys_r_us/lmds/dd/multiple/lmds/doc/pdb_orig/2cro.pdb,data/raw/decoy_cache/decoys_r_us/lmds/dd/multiple/lmds/2cro/2cro.10951.pdb
lmds,2cro,data/raw/decoy_cache/decoys_r_us/lmds/dd/multiple/lmds/doc/pdb_orig/2cro.pdb,data/raw/decoy_cache/decoys_r_us/lmds/dd/multiple/lmds/2cro/2cro.10986.pdb
lmds,2cro,data/raw/decoy_cache/decoys_r_us/lmds/dd/multiple/lmds/doc/pdb_orig/2cro.pdb,data/raw/decoy_cache/decoys_r_us/lmds/dd/multiple/lmds/2cro/2cro.10996.pdb
lmds,2cro,data/raw/decoy_cache/decoys_r_us/lmds/dd/multiple/lmds/doc/pdb_orig/2cro.pdb,data/raw/decoy_cache/decoys_r_us/lmds/dd/multiple/lmds/2cro/2cro.11047.pdb
lmds,2cro,data/raw/decoy_cache/decoys_r_us/lmds/dd/multiple/lmds/doc/pdb_orig/2cro.pdb,data/raw/decoy_cache/decoys_r_us/lmds/dd/multiple/lmds/2cro/2cro.11070.pdb
lmds,2cro,data/raw/decoy_cache/decoys_r_us/lmds/dd/multiple/lmds/doc/pdb_orig/2cro.pdb,data/raw/decoy_cache/decoys_r_us/lmds/dd/multiple/lmds/2cro/2cro.11076.pdb
lmds,2cro,data/raw/decoy_cache/decoys_r_us/lmds/dd/multiple/lmds/doc/pdb_orig/2cro.pdb,data/raw/decoy_cache/decoys_r_us/lmds/dd/multiple/lmds/2cro/2cro.11082.pdb
lmds,2cro,data/raw/decoy_cache/decoys_r_us/lmds/dd/multiple/lmds/doc/pdb_orig/2cro.pdb,data/raw/decoy_cache/decoys_r_us/lmds/dd/multiple/lmds/2cro/2cro.11118.pdb
lmds,2cro,data/raw/decoy_cache/decoys_r_us/lmds/dd/multiple/lmds/doc/pdb_orig/2cro.pdb,data/raw/decoy_cache/decoys_r_us/lmds/dd/multiple/lmds/2cro/2cro.11131.pdb
lmds,2cro,data/raw/decoy_cache/decoys_r_us/lmds/dd/multiple/lmds/doc/pdb_orig/2cro.pdb,data/raw/decoy_cache/decoys_r_us/lmds/dd/multiple/lmds/2cro/2cro.11135.pdb
lmds,2cro,data/raw/decoy_cache/decoys_r_us/lmds/dd/multiple/lmds/doc/pdb_orig/2cro.pdb,data/raw/decoy_cache/decoys_r_us/lmds/dd/multiple/lmds/2cro/2cro.11138.pdb
lmds,2cro,data/raw/decoy_cache/decoys_r_us/lmds/dd/multiple/lmds/doc/pdb_orig/2cro.pdb,data/raw/decoy_cache/decoys_r_us/lmds/dd/multiple/lmds/2cro/2cro.11228.pdb
lmds,2cro,data/raw/decoy_cache/decoys_r_us/lmds/dd/multiple/lmds/doc/pdb_orig/2cro.pdb,data/raw/decoy_cache/decoys_r_us/lmds/dd/multiple/lmds/2cro/2cro.11231.pdb
lmds,2cro,data/raw/decoy_cache/decoys_r_us/lmds/dd/multiple/lmds/doc/pdb_orig/2cro.pdb,data/raw/decoy_cache/decoys_r_us/lmds/dd/multiple/lmds/2cro/2cro.11238.pdb
lmds,2cro,data/raw/decoy_cache/decoys_r_us/lmds/dd/multiple/lmds/doc/pdb_orig/2cro.pdb,data/raw/decoy_cache/decoys_r_us/lmds/dd/multiple/lmds/2cro/2cro.11257.pdb
lmds,2cro,data/raw/decoy_cache/decoys_r_us/lmds/dd/multiple/lmds/doc/pdb_orig/2cro.pdb,data/raw/decoy_cache/decoys_r_us/lmds/dd/multiple/lmds/2cro/2cro.11322.pdb
lmds,2cro,data/raw/decoy_cache/decoys_r_us/lmds/dd/multiple/lmds/doc/pdb_orig/2cro.pdb,data/raw/decoy_cache/decoys_r_us/lmds/dd/multiple/lmds/2cro/2cro.11338.pdb
lmds,2cro,data/raw/decoy_cache/decoys_r_us/lmds/dd/multiple/lmds/doc/pdb_orig/2cro.pdb,data/raw/decoy_cache/decoys_r_us/lmds/dd/multiple/lmds/2cro/2cro.11358.pdb
lmds,2cro,data/raw/decoy_cache/decoys_r_us/lmds/dd/multiple/lmds/doc/pdb_orig/2cro.pdb,data/raw/decoy_cache/decoys_r_us/lmds/dd/multiple/lmds/2cro/2cro.11419.pdb
lmds,2cro,data/raw/decoy_cache/decoys_r_us/lmds/dd/multiple/lmds/doc/pdb_orig/2cro.pdb,data/raw/decoy_cache/decoys_r_us/lmds/dd/multiple/lmds/2cro/2cro.11456.pdb
lmds,2cro,data/raw/decoy_cache/decoys_r_us/lmds/dd/multiple/lmds/doc/pdb_orig/2cro.pdb,data/raw/decoy_cache/decoys_r_us/lmds/dd/multiple/lmds/2cro/2cro.11465.pdb
lmds,2cro,data/raw/decoy_cache/decoys_r_us/lmds/dd/multiple/lmds/doc/pdb_orig/2cro.pdb,data/raw/decoy_cache/decoys_r_us/lmds/dd/multiple/lmds/2cro/2cro.11487.pdb
lmds,2cro,data/raw/decoy_cache/decoys_r_us/lmds/dd/multiple/lmds/doc/pdb_orig/2cro.pdb,data/raw/decoy_cache/decoys_r_us/lmds/dd/multiple/lmds/2cro/2cro.11544.pdb
lmds,2cro,data/raw/decoy_cache/decoys_r_us/lmds/dd/multiple/lmds/doc/pdb_orig/2cro.pdb,data/raw/decoy_cache/decoys_r_us/lmds/dd/multiple/lmds/2cro/2cro.11567.pdb
lmds,2cro,data/raw/decoy_cache/decoys_r_us/lmds/dd/multiple/lmds/doc/pdb_orig/2cro.pdb,data/raw/decoy_cache/decoys_r_us/lmds/dd/multiple/lmds/2cro/2cro.11577.pdb
lmds,2cro,data/raw/decoy_cache/decoys_r_us/lmds/dd/multiple/lmds/doc/pdb_orig/2cro.pdb,data/raw/decoy_cache/decoys_r_us/lmds/dd/multiple/lmds/2cro/2cro.11598.pdb
lmds,2cro,data/raw/decoy_cache/decoys_r_us/lmds/dd/multiple/lmds/doc/pdb_orig/2cro.pdb,data/raw/decoy_cache/decoys_r_us/lmds/dd/multiple/lmds/2cro/2cro.11619.pdb
lmds,2cro,data/raw/decoy_cache/decoys_r_us/lmds/dd/multiple/lmds/doc/pdb_orig/2cro.pdb,data/raw/decoy_cache/decoys_r_us/lmds/dd/multiple/lmds/2cro/2cro.11661.pdb
lmds,2cro,data/raw/decoy_cache/decoys_r_us/lmds/dd/multiple/lmds/doc/pdb_orig/2cro.pdb,data/raw/decoy_cache/decoys_r_us/lmds/dd/multiple/lmds/2cro/2cro.11692.pdb
lmds,2cro,data/raw/decoy_cache/decoys_r_us/lmds/dd/multiple/lmds/doc/pdb_orig/2cro.pdb,data/raw/decoy_cache/decoys_r_us/lmds/dd/multiple/lmds/2cro/2cro.15013.pdb
lmds,2cro,data/raw/decoy_cache/decoys_r_us/lmds/dd/multiple/lmds/doc/pdb_orig/2cro.pdb,data/raw/decoy_cache/decoys_r_us/lmds/dd/multiple/lmds/2cro/2cro.15052.pdb
lmds,2cro,data/raw/decoy_cache/decoys_r_us/lmds/dd/multiple/lmds/doc/pdb_orig/2cro.pdb,data/raw/decoy_cache/decoys_r_us/lmds/dd/multiple/lmds/2cro/2cro.15054.pdb
lmds,2cro,data/raw/decoy_cache/decoys_r_us/lmds/dd/multiple/lmds/doc/pdb_orig/2cro.pdb,data/raw/decoy_cache/decoys_r_us/lmds/dd/multiple/lmds/2cro/2cro.15131.pdb
lmds,2cro,data/raw/decoy_cache/decoys_r_us/lmds/dd/multiple/lmds/doc/pdb_orig/2cro.pdb,data/raw/decoy_cache/decoys_r_us/lmds/dd/multiple/lmds/2cro/2cro.15142.pdb
lmds,2cro,data/raw/decoy_cache/decoys_r_us/lmds/dd/multiple/lmds/doc/pdb_orig/2cro.pdb,data/raw/decoy_cache/decoys_r_us/lmds/dd/multiple/lmds/2cro/2cro.15165.pdb
lmds,2cro,data/raw/decoy_cache/decoys_r_us/lmds/dd/multiple/lmds/doc/pdb_orig/2cro.pdb,data/raw/decoy_cache/decoys_r_us/lmds/dd/multiple/lmds/2cro/2cro.15168.pdb
lmds,2cro,data/raw/decoy_cache/decoys_r_us/lmds/dd/multiple/lmds/doc/pdb_orig/2cro.pdb,data/raw/decoy_cache/decoys_r_us/lmds/dd/multiple/lmds/2cro/2cro.15170.pdb
lmds,2cro,data/raw/decoy_cache/decoys_r_us/lmds/dd/multiple/lmds/doc/pdb_orig/2cro.pdb,data/raw/decoy_cache/decoys_r_us/lmds/dd/multiple/lmds/2cro/2cro.15174.pdb
lmds,2cro,data/raw/decoy_cache/decoys_r_us/lmds/dd/multiple/lmds/doc/pdb_orig/2cro.pdb,data/raw/decoy_cache/decoys_r_us/lmds/dd/multiple/lmds/2cro/2cro.15299.pdb
lmds,2cro,data/raw/decoy_cache/decoys_r_us/lmds/dd/multiple/lmds/doc/pdb_orig/2cro.pdb,data/raw/decoy_cache/decoys_r_us/lmds/dd/multiple/lmds/2cro/2cro.15350.pdb
lmds,2cro,data/raw/decoy_cache/decoys_r_us/lmds/dd/multiple/lmds/doc/pdb_orig/2cro.pdb,data/raw/decoy_cache/decoys_r_us/lmds/dd/multiple/lmds/2cro/2cro.15357.pdb
lmds,2cro,data/raw/decoy_cache/decoys_r_us/lmds/dd/multiple/lmds/doc/pdb_orig/2cro.pdb,data/raw/decoy_cache/decoys_r_us/lmds/dd/multiple/lmds/2cro/2cro.15359.pdb
lmds,2cro,data/raw/decoy_cache/decoys_r_us/lmds/dd/multiple/lmds/doc/pdb_orig/2cro.pdb,data/raw/decoy_cache/decoys_r_us/lmds/dd/multiple/lmds/2cro/2cro.15375.pdb
lmds,2cro,data/raw/decoy_cache/decoys_r_us/lmds/dd/multiple/lmds/doc/pdb_orig/2cro.pdb,data/raw/decoy_cache/decoys_r_us/lmds/dd/multiple/lmds/2cro/2cro.15382.pdb
lmds,2cro,data/raw/decoy_cache/decoys_r_us/lmds/dd/multiple/lmds/doc/pdb_orig/2cro.pdb,data/raw/decoy_cache/decoys_r_us/lmds/dd/multiple/lmds/2cro/2cro.15400.pdb
lmds,2cro,data/raw/decoy_cache/decoys_r_us/lmds/dd/multiple/lmds/doc/pdb_orig/2cro.pdb,data/raw/decoy_cache/decoys_r_us/lmds/dd/multiple/lmds/2cro/2cro.15528.pdb
lmds,2cro,data/raw/decoy_cache/decoys_r_us/lmds/dd/multiple/lmds/doc/pdb_orig/2cro.pdb,data/raw/decoy_cache/decoys_r_us/lmds/dd/multiple/lmds/2cro/2cro.15565.pdb
lmds,2cro,data/raw/decoy_cache/decoys_r_us/lmds/dd/multiple/lmds/doc/pdb_orig/2cro.pdb,data/raw/decoy_cache/decoys_r_us/lmds/dd/multiple/lmds/2cro/2cro.15601.pdb
lmds,2cro,data/raw/decoy_cache/decoys_r_us/lmds/dd/multiple/lmds/doc/pdb_orig/2cro.pdb,data/raw/decoy_cache/decoys_r_us/lmds/dd/multiple/lmds/2cro/2cro.15621.pdb
lmds,2cro,data/raw/decoy_cache/decoys_r_us/lmds/dd/multiple/lmds/doc/pdb_orig/2cro.pdb,data/raw/decoy_cache/decoys_r_us/lmds/dd/multiple/lmds/2cro/2cro.15642.pdb
lmds,2cro,data/raw/decoy_cache/decoys_r_us/lmds/dd/multiple/lmds/doc/pdb_orig/2cro.pdb,data/raw/decoy_cache/decoys_r_us/lmds/dd/multiple/lmds/2cro/2cro.15698.pdb
lmds,2cro,data/raw/decoy_cache/decoys_r_us/lmds/dd/multiple/lmds/doc/pdb_orig/2cro.pdb,data/raw/decoy_cache/decoys_r_us/lmds/dd/multiple/lmds/2cro/2cro.15709.pdb
lmds,2cro,data/raw/decoy_cache/decoys_r_us/lmds/dd/multiple/lmds/doc/pdb_orig/2cro.pdb,data/raw/decoy_cache/decoys_r_us/lmds/dd/multiple/lmds/2cro/2cro.15710.pdb
lmds,2cro,data/raw/decoy_cache/decoys_r_us/lmds/dd/multiple/lmds/doc/pdb_orig/2cro.pdb,data/raw/decoy_cache/decoys_r_us/lmds/dd/multiple/lmds/2cro/2cro.15756.pdb
lmds,2cro,data/raw/decoy_cache/decoys_r_us/lmds/dd/multiple/lmds/doc/pdb_orig/2cro.pdb,data/raw/decoy_cache/decoys_r_us/lmds/dd/multiple/lmds/2cro/2cro.15762.pdb
lmds,2cro,data/raw/decoy_cache/decoys_r_us/lmds/dd/multiple/lmds/doc/pdb_orig/2cro.pdb,data/raw/decoy_cache/decoys_r_us/lmds/dd/multiple/lmds/2cro/2cro.15800.pdb
lmds,2cro,data/raw/decoy_cache/decoys_r_us/lmds/dd/multiple/lmds/doc/pdb_orig/2cro.pdb,data/raw/decoy_cache/decoys_r_us/lmds/dd/multiple/lmds/2cro/2cro.15814.pdb
lmds,2cro,data/raw/decoy_cache/decoys_r_us/lmds/dd/multiple/lmds/doc/pdb_orig/2cro.pdb,data/raw/decoy_cache/decoys_r_us/lmds/dd/multiple/lmds/2cro/2cro.15857.pdb
lmds,2cro,data/raw/decoy_cache/decoys_r_us/lmds/dd/multiple/lmds/doc/pdb_orig/2cro.pdb,data/raw/decoy_cache/decoys_r_us/lmds/dd/multiple/lmds/2cro/2cro.20005.pdb
lmds,2cro,data/raw/decoy_cache/decoys_r_us/lmds/dd/multiple/lmds/doc/pdb_orig/2cro.pdb,data/raw/decoy_cache/decoys_r_us/lmds/dd/multiple/lmds/2cro/2cro.20008.pdb
lmds,2cro,data/raw/decoy_cache/decoys_r_us/lmds/dd/multiple/lmds/doc/pdb_orig/2cro.pdb,data/raw/decoy_cache/decoys_r_us/lmds/dd/multiple/lmds/2cro/2cro.20031.pdb
lmds,2cro,data/raw/decoy_cache/decoys_r_us/lmds/dd/multiple/lmds/doc/pdb_orig/2cro.pdb,data/raw/decoy_cache/decoys_r_us/lmds/dd/multiple/lmds/2cro/2cro.20039.pdb
lmds,2cro,data/raw/decoy_cache/decoys_r_us/lmds/dd/multiple/lmds/doc/pdb_orig/2cro.pdb,data/raw/decoy_cache/decoys_r_us/lmds/dd/multiple/lmds/2cro/2cro.20043.pdb
lmds,2cro,data/raw/decoy_cache/decoys_r_us/lmds/dd/multiple/lmds/doc/pdb_orig/2cro.pdb,data/raw/decoy_cache/decoys_r_us/lmds/dd/multiple/lmds/2cro/2cro.20045.pdb
lmds,2cro,data/raw/decoy_cache/decoys_r_us/lmds/dd/multiple/lmds/doc/pdb_orig/2cro.pdb,data/raw/decoy_cache/decoys_r_us/lmds/dd/multiple/lmds/2cro/2cro.20074.pdb
lmds,2cro,data/raw/decoy_cache/decoys_r_us/lmds/dd/multiple/lmds/doc/pdb_orig/2cro.pdb,data/raw/decoy_cache/decoys_r_us/lmds/dd/multiple/lmds/2cro/2cro.20126.pdb
lmds,2cro,data/raw/decoy_cache/decoys_r_us/lmds/dd/multiple/lmds/doc/pdb_orig/2cro.pdb,data/raw/decoy_cache/decoys_r_us/lmds/dd/multiple/lmds/2cro/2cro.20161.pdb
lmds,2cro,data/raw/decoy_cache/decoys_r_us/lmds/dd/multiple/lmds/doc/pdb_orig/2cro.pdb,data/raw/decoy_cache/decoys_r_us/lmds/dd/multiple/lmds/2cro/2cro.20185.pdb
lmds,2cro,data/raw/decoy_cache/decoys_r_us/lmds/dd/multiple/lmds/doc/pdb_orig/2cro.pdb,data/raw/decoy_cache/decoys_r_us/lmds/dd/multiple/lmds/2cro/2cro.20187.pdb
lmds,2cro,data/raw/decoy_cache/decoys_r_us/lmds/dd/multiple/lmds/doc/pdb_orig/2cro.pdb,data/raw/decoy_cache/decoys_r_us/lmds/dd/multiple/lmds/2cro/2cro.20212.pdb
lmds,2cro,data/raw/decoy_cache/decoys_r_us/lmds/dd/multiple/lmds/doc/pdb_orig/2cro.pdb,data/raw/decoy_cache/decoys_r_us/lmds/dd/multiple/lmds/2cro/2cro.20222.pdb
lmds,2cro,data/raw/decoy_cache/decoys_r_us/lmds/dd/multiple/lmds/doc/pdb_orig/2cro.pdb,data/raw/decoy_cache/decoys_r_us/lmds/dd/multiple/lmds/2cro/2cro.20229.pdb
lmds,2cro,data/raw/decoy_cache/decoys_r_us/lmds/dd/multiple/lmds/doc/pdb_orig/2cro.pdb,data/raw/decoy_cache/decoys_r_us/lmds/dd/multiple/lmds/2cro/2cro.20231.pdb
lmds,2cro,data/raw/decoy_cache/decoys_r_us/lmds/dd/multiple/lmds/doc/pdb_orig/2cro.pdb,data/raw/decoy_cache/decoys_r_us/lmds/dd/multiple/lmds/2cro/2cro.20265.pdb
lmds,2cro,data/raw/decoy_cache/decoys_r_us/lmds/dd/multiple/lmds/doc/pdb_orig/2cro.pdb,data/raw/decoy_cache/decoys_r_us/lmds/dd/multiple/lmds/2cro/2cro.20273.pdb
lmds,2cro,data/raw/decoy_cache/decoys_r_us/lmds/dd/multiple/lmds/doc/pdb_orig/2cro.pdb,data/raw/decoy_cache/decoys_r_us/lmds/dd/multiple/lmds/2cro/2cro.20282.pdb
lmds,2cro,data/raw/decoy_cache/decoys_r_us/lmds/dd/multiple/lmds/doc/pdb_orig/2cro.pdb,data/raw/decoy_cache/decoys_r_us/lmds/dd/multiple/lmds/2cro/2cro.20349.pdb
lmds,2cro,data/raw/decoy_cache/decoys_r_us/lmds/dd/multiple/lmds/doc/pdb_orig/2cro.pdb,data/raw/decoy_cache/decoys_r_us/lmds/dd/multiple/lmds/2cro/2cro.20352.pdb
lmds,2cro,data/raw/decoy_cache/decoys_r_us/lmds/dd/multiple/lmds/doc/pdb_orig/2cro.pdb,data/raw/decoy_cache/decoys_r_us/lmds/dd/multiple/lmds/2cro/2cro.20366.pdb
lmds,2cro,data/raw/decoy_cache/decoys_r_us/lmds/dd/multiple/lmds/doc/pdb_orig/2cro.pdb,data/raw/decoy_cache/decoys_r_us/lmds/dd/multiple/lmds/2cro/2cro.20442.pdb
lmds,2cro,data/raw/decoy_cache/decoys_r_us/lmds/dd/multiple/lmds/doc/pdb_orig/2cro.pdb,data/raw/decoy_cache/decoys_r_us/lmds/dd/multiple/lmds/2cro/2cro.20455.pdb
lmds,2cro,data/raw/decoy_cache/decoys_r_us/lmds/dd/multiple/lmds/doc/pdb_orig/2cro.pdb,data/raw/decoy_cache/decoys_r_us/lmds/dd/multiple/lmds/2cro/2cro.20479.pdb
lmds,2cro,data/raw/decoy_cache/decoys_r_us/lmds/dd/multiple/lmds/doc/pdb_orig/2cro.pdb,data/raw/decoy_cache/decoys_r_us/lmds/dd/multiple/lmds/2cro/2cro.20512.pdb
lmds,2cro,data/raw/decoy_cache/decoys_r_us/lmds/dd/multiple/lmds/doc/pdb_orig/2cro.pdb,data/raw/decoy_cache/decoys_r_us/lmds/dd/multiple/lmds/2cro/2cro.20528.pdb
lmds,2cro,data/raw/decoy_cache/decoys_r_us/lmds/dd/multiple/lmds/doc/pdb_orig/2cro.pdb,data/raw/decoy_cache/decoys_r_us/lmds/dd/multiple/lmds/2cro/2cro.20538.pdb
lmds,2cro,data/raw/decoy_cache/decoys_r_us/lmds/dd/multiple/lmds/doc/pdb_orig/2cro.pdb,data/raw/decoy_cache/decoys_r_us/lmds/dd/multiple/lmds/2cro/2cro.20558.pdb
lmds,2cro,data/raw/decoy_cache/decoys_r_us/lmds/dd/multiple/lmds/doc/pdb_orig/2cro.pdb,data/raw/decoy_cache/decoys_r_us/lmds/dd/multiple/lmds/2cro/2cro.20582.pdb
lmds,2cro,data/raw/decoy_cache/decoys_r_us/lmds/dd/multiple/lmds/doc/pdb_orig/2cro.pdb,data/raw/decoy_cache/decoys_r_us/lmds/dd/multiple/lmds/2cro/2cro.20605.pdb
lmds,2cro,data/raw/decoy_cache/decoys_r_us/lmds/dd/multiple/lmds/doc/pdb_orig/2cro.pdb,data/raw/decoy_cache/decoys_r_us/lmds/dd/multiple/lmds/2cro/2cro.20623.pdb
lmds,2cro,data/raw/decoy_cache/decoys_r_us/lmds/dd/multiple/lmds/doc/pdb_orig/2cro.pdb,data/raw/decoy_cache/decoys_r_us/lmds/dd/multiple/lmds/2cro/2cro.20653.pdb
lmds,2cro,data/raw/decoy_cache/decoys_r_us/lmds/dd/multiple/lmds/doc/pdb_orig/2cro.pdb,data/raw/decoy_cache/decoys_r_us/lmds/dd/multiple/lmds/2cro/2cro.21424.pdb
lmds,2cro,data/raw/decoy_cache/decoys_r_us/lmds/dd/multiple/lmds/doc/pdb_orig/2cro.pdb,data/raw/decoy_cache/decoys_r_us/lmds/dd/multiple/lmds/2cro/2cro.21449.pdb
lmds,2cro,data/raw/decoy_cache/decoys_r_us/lmds/dd/multiple/lmds/doc/pdb_orig/2cro.pdb,data/raw/decoy_cache/decoys_r_us/lmds/dd/multiple/lmds/2cro/2cro.21453.pdb
lmds,2cro,data/raw/decoy_cache/decoys_r_us/lmds/dd/multiple/lmds/doc/pdb_orig/2cro.pdb,data/raw/decoy_cache/decoys_r_us/lmds/dd/multiple/lmds/2cro/2cro.21456.pdb
lmds,2cro,data/raw/decoy_cache/decoys_r_us/lmds/dd/multiple/lmds/doc/pdb_orig/2cro.pdb,data/raw/decoy_cache/decoys_r_us/lmds/dd/multiple/lmds/2cro/2cro.21459.pdb
lmds,2cro,data/raw/decoy_cache/decoys_r_us/lmds/dd/multiple/lmds/doc/pdb_orig/2cro.pdb,data/raw/decoy_cache/decoys_r_us/lmds/dd/multiple/lmds/2cro/2cro.21471.pdb
lmds,2cro,data/raw/decoy_cache/decoys_r_us/lmds/dd/multiple/lmds/doc/pdb_orig/2cro.pdb,data/raw/decoy_cache/decoys_r_us/lmds/dd/multiple/lmds/2cro/2cro.21493.pdb
lmds,2cro,data/raw/decoy_cache/decoys_r_us/lmds/dd/multiple/lmds/doc/pdb_orig/2cro.pdb,data/raw/decoy_cache/decoys_r_us/lmds/dd/multiple/lmds/2cro/2cro.21515.pdb
lmds,2cro,data/raw/decoy_cache/decoys_r_us/lmds/dd/multiple/lmds/doc/pdb_orig/2cro.pdb,data/raw/decoy_cache/decoys_r_us/lmds/dd/multiple/lmds/2cro/2cro.21539.pdb
lmds,2cro,data/raw/decoy_cache/decoys_r_us/lmds/dd/multiple/lmds/doc/pdb_orig/2cro.pdb,data/raw/decoy_cache/decoys_r_us/lmds/dd/multiple/lmds/2cro/2cro.21575.pdb
lmds,2cro,data/raw/decoy_cache/decoys_r_us/lmds/dd/multiple/lmds/doc/pdb_orig/2cro.pdb,data/raw/decoy_cache/decoys_r_us/lmds/dd/multiple/lmds/2cro/2cro.21674.pdb
lmds,2cro,data/raw/decoy_cache/decoys_r_us/lmds/dd/multiple/lmds/doc/pdb_orig/2cro.pdb,data/raw/decoy_cache/decoys_r_us/lmds/dd/multiple/lmds/2cro/2cro.21720.pdb
lmds,2cro,data/raw/decoy_cache/decoys_r_us/lmds/dd/multiple/lmds/doc/pdb_orig/2cro.pdb,data/raw/decoy_cache/decoys_r_us/lmds/dd/multiple/lmds/2cro/2cro.21743.pdb
lmds,2cro,data/raw/decoy_cache/decoys_r_us/lmds/dd/multiple/lmds/doc/pdb_orig/2cro.pdb,data/raw/decoy_cache/decoys_r_us/lmds/dd/multiple/lmds/2cro/2cro.21763.pdb
lmds,2cro,data/raw/decoy_cache/decoys_r_us/lmds/dd/multiple/lmds/doc/pdb_orig/2cro.pdb,data/raw/decoy_cache/decoys_r_us/lmds/dd/multiple/lmds/2cro/2cro.21774.pdb
lmds,2cro,data/raw/decoy_cache/decoys_r_us/lmds/dd/multiple/lmds/doc/pdb_orig/2cro.pdb,data/raw/decoy_cache/decoys_r_us/lmds/dd/multiple/lmds/2cro/2cro.21820.pdb
lmds,2cro,data/raw/decoy_cache/decoys_r_us/lmds/dd/multiple/lmds/doc/pdb_orig/2cro.pdb,data/raw/decoy_cache/decoys_r_us/lmds/dd/multiple/lmds/2cro/2cro.21884.pdb
lmds,2cro,data/raw/decoy_cache/decoys_r_us/lmds/dd/multiple/lmds/doc/pdb_orig/2cro.pdb,data/raw/decoy_cache/decoys_r_us/lmds/dd/multiple/lmds/2cro/2cro.21897.pdb
lmds,2cro,data/raw/decoy_cache/decoys_r_us/lmds/dd/multiple/lmds/doc/pdb_orig/2cro.pdb,data/raw/decoy_cache/decoys_r_us/lmds/dd/multiple/lmds/2cro/2cro.21905.pdb
lmds,2cro,data/raw/decoy_cache/decoys_r_us/lmds/dd/multiple/lmds/doc/pdb_orig/2cro.pdb,data/raw/decoy_cache/decoys_r_us/lmds/dd/multiple/lmds/2cro/2cro.21960.pdb
lmds,2cro,data/raw/decoy_cache/decoys_r_us/lmds/dd/multiple/lmds/doc/pdb_orig/2cro.pdb,data/raw/decoy_cache/decoys_r_us/lmds/dd/multiple/lmds/2cro/2cro.21966.pdb
lmds,2cro,data/raw/decoy_cache/decoys_r_us/lmds/dd/multiple/lmds/doc/pdb_orig/2cro.pdb,data/raw/decoy_cache/decoys_r_us/lmds/dd/multiple/lmds/2cro/2cro.25030.pdb
lmds,2cro,data/raw/decoy_cache/decoys_r_us/lmds/dd/multiple/lmds/doc/pdb_orig/2cro.pdb,data/raw/decoy_cache/decoys_r_us/lmds/dd/multiple/lmds/2cro/2cro.25045.pdb
lmds,2cro,data/raw/decoy_cache/decoys_r_us/lmds/dd/multiple/lmds/doc/pdb_orig/2cro.pdb,data/raw/decoy_cache/decoys_r_us/lmds/dd/multiple/lmds/2cro/2cro.25048.pdb
lmds,2cro,data/raw/decoy_cache/decoys_r_us/lmds/dd/multiple/lmds/doc/pdb_orig/2cro.pdb,data/raw/decoy_cache/decoys_r_us/lmds/dd/multiple/lmds/2cro/2cro.25059.pdb
lmds,2cro,data/raw/decoy_cache/decoys_r_us/lmds/dd/multiple/lmds/doc/pdb_orig/2cro.pdb,data/raw/decoy_cache/decoys_r_us/lmds/dd/multiple/lmds/2cro/2cro.25094.pdb
lmds,2cro,data/raw/decoy_cache/decoys_r_us/lmds/dd/multiple/lmds/doc/pdb_orig/2cro.pdb,data/raw/decoy_cache/decoys_r_us/lmds/dd/multiple/lmds/2cro/2cro.25104.pdb
lmds,2cro,data/raw/decoy_cache/decoys_r_us/lmds/dd/multiple/lmds/doc/pdb_orig/2cro.pdb,data/raw/decoy_cache/decoys_r_us/lmds/dd/multiple/lmds/2cro/2cro.25115.pdb
lmds,2cro,data/raw/decoy_cache/decoys_r_us/lmds/dd/multiple/lmds/doc/pdb_orig/2cro.pdb,data/raw/decoy_cache/decoys_r_us/lmds/dd/multiple/lmds/2cro/2cro.25146.pdb
lmds,2cro,data/raw/decoy_cache/decoys_r_us/lmds/dd/multiple/lmds/doc/pdb_orig/2cro.pdb,data/raw/decoy_cache/decoys_r_us/lmds/dd/multiple/lmds/2cro/2cro.25148.pdb
lmds,2cro,data/raw/decoy_cache/decoys_r_us/lmds/dd/multiple/lmds/doc/pdb_orig/2cro.pdb,data/raw/decoy_cache/decoys_r_us/lmds/dd/multiple/lmds/2cro/2cro.25168.pdb
lmds,2cro,data/raw/decoy_cache/decoys_r_us/lmds/dd/multiple/lmds/doc/pdb_orig/2cro.pdb,data/raw/decoy_cache/decoys_r_us/lmds/dd/multiple/lmds/2cro/2cro.25187.pdb
lmds,2cro,data/raw/decoy_cache/decoys_r_us/lmds/dd/multiple/lmds/doc/pdb_orig/2cro.pdb,data/raw/decoy_cache/decoys_r_us/lmds/dd/multiple/lmds/2cro/2cro.25189.pdb
lmds,2cro,data/raw/decoy_cache/decoys_r_us/lmds/dd/multiple/lmds/doc/pdb_orig/2cro.pdb,data/raw/decoy_cache/decoys_r_us/lmds/dd/multiple/lmds/2cro/2cro.25199.pdb
lmds,2cro,data/raw/decoy_cache/decoys_r_us/lmds/dd/multiple/lmds/doc/pdb_orig/2cro.pdb,data/raw/decoy_cache/decoys_r_us/lmds/dd/multiple/lmds/2cro/2cro.25210.pdb
lmds,2cro,data/raw/decoy_cache/decoys_r_us/lmds/dd/multiple/lmds/doc/pdb_orig/2cro.pdb,data/raw/decoy_cache/decoys_r_us/lmds/dd/multiple/lmds/2cro/2cro.25211.pdb
lmds,2cro,data/raw/decoy_cache/decoys_r_us/lmds/dd/multiple/lmds/doc/pdb_orig/2cro.pdb,data/raw/decoy_cache/decoys_r_us/lmds/dd/multiple/lmds/2cro/2cro.25224.pdb
lmds,2cro,data/raw/decoy_cache/decoys_r_us/lmds/dd/multiple/lmds/doc/pdb_orig/2cro.pdb,data/raw/decoy_cache/decoys_r_us/lmds/dd/multiple/lmds/2cro/2cro.25230.pdb
lmds,2cro,data/raw/decoy_cache/decoys_r_us/lmds/dd/multiple/lmds/doc/pdb_orig/2cro.pdb,data/raw/decoy_cache/decoys_r_us/lmds/dd/multiple/lmds/2cro/2cro.25238.pdb
lmds,2cro,data/raw/decoy_cache/decoys_r_us/lmds/dd/multiple/lmds/doc/pdb_orig/2cro.pdb,data/raw/decoy_cache/decoys_r_us/lmds/dd/multiple/lmds/2cro/2cro.25251.pdb
lmds,2cro,data/raw/decoy_cache/decoys_r_us/lmds/dd/multiple/lmds/doc/pdb_orig/2cro.pdb,data/raw/decoy_cache/decoys_r_us/lmds/dd/multiple/lmds/2cro/2cro.25287.pdb
lmds,2cro,data/raw/decoy_cache/decoys_r_us/lmds/dd/multiple/lmds/doc/pdb_orig/2cro.pdb,data/raw/decoy_cache/decoys_r_us/lmds/dd/multiple/lmds/2cro/2cro.25289.pdb
lmds,2cro,data/raw/decoy_cache/decoys_r_us/lmds/dd/multiple/lmds/doc/pdb_orig/2cro.pdb,data/raw/decoy_cache/decoys_r_us/lmds/dd/multiple/lmds/2cro/2cro.25357.pdb
lmds,2cro,data/raw/decoy_cache/decoys_r_us/lmds/dd/multiple/lmds/doc/pdb_orig/2cro.pdb,data/raw/decoy_cache/decoys_r_us/lmds/dd/multiple/lmds/2cro/2cro.25383.pdb
lmds,2cro,data/raw/decoy_cache/decoys_r_us/lmds/dd/multiple/lmds/doc/pdb_orig/2cro.pdb,data/raw/decoy_cache/decoys_r_us/lmds/dd/multiple/lmds/2cro/2cro.25419.pdb
lmds,2cro,data/raw/decoy_cache/decoys_r_us/lmds/dd/multiple/lmds/doc/pdb_orig/2cro.pdb,data/raw/decoy_cache/decoys_r_us/lmds/dd/multiple/lmds/2cro/2cro.25458.pdb
lmds,2cro,data/raw/decoy_cache/decoys_r_us/lmds/dd/multiple/lmds/doc/pdb_orig/2cro.pdb,data/raw/decoy_cache/decoys_r_us/lmds/dd/multiple/lmds/2cro/2cro.25472.pdb
lmds,2cro,data/raw/decoy_cache/decoys_r_us/lmds/dd/multiple/lmds/doc/pdb_orig/2cro.pdb,data/raw/decoy_cache/decoys_r_us/lmds/dd/multiple/lmds/2cro/2cro.25479.pdb
lmds,2cro,data/raw/decoy_cache/decoys_r_us/lmds/dd/multiple/lmds/doc/pdb_orig/2cro.pdb,data/raw/decoy_cache/decoys_r_us/lmds/dd/multiple/lmds/2cro/2cro.25494.pdb
lmds,2cro,data/raw/decoy_cache/decoys_r_us/lmds/dd/multiple/lmds/doc/pdb_orig/2cro.pdb,data/raw/decoy_cache/decoys_r_us/lmds/dd/multiple/lmds/2cro/2cro.25514.pdb
lmds,2cro,data/raw/decoy_cache/decoys_r_us/lmds/dd/multiple/lmds/doc/pdb_orig/2cro.pdb,data/raw/decoy_cache/decoys_r_us/lmds/dd/multiple/lmds/2cro/2cro.25516.pdb
lmds,2cro,data/raw/decoy_cache/decoys_r_us/lmds/dd/multiple/lmds/doc/pdb_orig/2cro.pdb,data/raw/decoy_cache/decoys_r_us/lmds/dd/multiple/lmds/2cro/2cro.25520.pdb
lmds,2cro,data/raw/decoy_cache/decoys_r_us/lmds/dd/multiple/lmds/doc/pdb_orig/2cro.pdb,data/raw/decoy_cache/decoys_r_us/lmds/dd/multiple/lmds/2cro/2cro.25539.pdb
lmds,2cro,data/raw/decoy_cache/decoys_r_us/lmds/dd/multiple/lmds/doc/pdb_orig/2cro.pdb,data/raw/decoy_cache/decoys_r_us/lmds/dd/multiple/lmds/2cro/2cro.25588.pdb
lmds,2cro,data/raw/decoy_cache/decoys_r_us/lmds/dd/multiple/lmds/doc/pdb_orig/2cro.pdb,data/raw/decoy_cache/decoys_r_us/lmds/dd/multiple/lmds/2cro/2cro.25664.pdb
lmds,2cro,data/raw/decoy_cache/decoys_r_us/lmds/dd/multiple/lmds/doc/pdb_orig/2cro.pdb,data/raw/decoy_cache/decoys_r_us/lmds/dd/multiple/lmds/2cro/2cro.25684.pdb
lmds,2cro,data/raw/decoy_cache/decoys_r_us/lmds/dd/multiple/lmds/doc/pdb_orig/2cro.pdb,data/raw/decoy_cache/decoys_r_us/lmds/dd/multiple/lmds/2cro/2cro.25720.pdb
lmds,2cro,data/raw/decoy_cache/decoys_r_us/lmds/dd/multiple/lmds/doc/pdb_orig/2cro.pdb,data/raw/decoy_cache/decoys_r_us/lmds/dd/multiple/lmds/2cro/2cro.25782.pdb
lmds,2cro,data/raw/decoy_cache/decoys_r_us/lmds/dd/multiple/lmds/doc/pdb_orig/2cro.pdb,data/raw/decoy_cache/decoys_r_us/lmds/dd/multiple/lmds/2cro/2cro.25884.pdb
lmds,2cro,data/raw/decoy_cache/decoys_r_us/lmds/dd/multiple/lmds/doc/pdb_orig/2cro.pdb,data/raw/decoy_cache/decoys_r_us/lmds/dd/multiple/lmds/2cro/2cro.25891.pdb
lmds,2cro,data/raw/decoy_cache/decoys_r_us/lmds/dd/multiple/lmds/doc/pdb_orig/2cro.pdb,data/raw/decoy_cache/decoys_r_us/lmds/dd/multiple/lmds/2cro/2cro.25898.pdb
lmds,2cro,data/raw/decoy_cache/decoys_r_us/lmds/dd/multiple/lmds/doc/pdb_orig/2cro.pdb,data/raw/decoy_cache/decoys_r_us/lmds/dd/multiple/lmds/2cro/2cro.25927.pdb
lmds,2cro,data/raw/decoy_cache/decoys_r_us/lmds/dd/multiple/lmds/doc/pdb_orig/2cro.pdb,data/raw/decoy_cache/decoys_r_us/lmds/dd/multiple/lmds/2cro/2cro.25932.pdb
lmds,2cro,data/raw/decoy_cache/decoys_r_us/lmds/dd/multiple/lmds/doc/pdb_orig/2cro.pdb,data/raw/decoy_cache/decoys_r_us/lmds/dd/multiple/lmds/2cro/2cro.25939.pdb
lmds,2cro,data/raw/decoy_cache/decoys_r_us/lmds/dd/multiple/lmds/doc/pdb_orig/2cro.pdb,data/raw/decoy_cache/decoys_r_us/lmds/dd/multiple/lmds/2cro/2cro.26051.pdb
lmds,2cro,data/raw/decoy_cache/decoys_r_us/lmds/dd/multiple/lmds/doc/pdb_orig/2cro.pdb,data/raw/decoy_cache/decoys_r_us/lmds/dd/multiple/lmds/2cro/2cro.26053.pdb
lmds,2cro,data/raw/decoy_cache/decoys_r_us/lmds/dd/multiple/lmds/doc/pdb_orig/2cro.pdb,data/raw/decoy_cache/decoys_r_us/lmds/dd/multiple/lmds/2cro/2cro.26071.pdb
lmds,2cro,data/raw/decoy_cache/decoys_r_us/lmds/dd/multiple/lmds/doc/pdb_orig/2cro.pdb,data/raw/decoy_cache/decoys_r_us/lmds/dd/multiple/lmds/2cro/2cro.26160.pdb
lmds,2cro,data/raw/decoy_cache/decoys_r_us/lmds/dd/multiple/lmds/doc/pdb_orig/2cro.pdb,data/raw/decoy_cache/decoys_r_us/lmds/dd/multiple/lmds/2cro/2cro.26174.pdb
lmds,2cro,data/raw/decoy_cache/decoys_r_us/lmds/dd/multiple/lmds/doc/pdb_orig/2cro.pdb,data/raw/decoy_cache/decoys_r_us/lmds/dd/multiple/lmds/2cro/2cro.26176.pdb
lmds,2cro,data/raw/decoy_cache/decoys_r_us/lmds/dd/multiple/lmds/doc/pdb_orig/2cro.pdb,data/raw/decoy_cache/decoys_r_us/lmds/dd/multiple/lmds/2cro/2cro.26261.pdb
lmds,2cro,data/raw/decoy_cache/decoys_r_us/lmds/dd/multiple/lmds/doc/pdb_orig/2cro.pdb,data/raw/decoy_cache/decoys_r_us/lmds/dd/multiple/lmds/2cro/2cro.26263.pdb
lmds,2cro,data/raw/decoy_cache/decoys_r_us/lmds/dd/multiple/lmds/doc/pdb_orig/2cro.pdb,data/raw/decoy_cache/decoys_r_us/lmds/dd/multiple/lmds/2cro/2cro.26285.pdb
lmds,2cro,data/raw/decoy_cache/decoys_r_us/lmds/dd/multiple/lmds/doc/pdb_orig/2cro.pdb,data/raw/decoy_cache/decoys_r_us/lmds/dd/multiple/lmds/2cro/2cro.26337.pdb
lmds,2cro,data/raw/decoy_cache/decoys_r_us/lmds/dd/multiple/lmds/doc/pdb_orig/2cro.pdb,data/raw/decoy_cache/decoys_r_us/lmds/dd/multiple/lmds/2cro/2cro.26414.pdb
lmds,2cro,data/raw/decoy_cache/decoys_r_us/lmds/dd/multiple/lmds/doc/pdb_orig/2cro.pdb,data/raw/decoy_cache/decoys_r_us/lmds/dd/multiple/lmds/2cro/2cro.26421.pdb
lmds,2cro,data/raw/decoy_cache/decoys_r_us/lmds/dd/multiple/lmds/doc/pdb_orig/2cro.pdb,data/raw/decoy_cache/decoys_r_us/lmds/dd/multiple/lmds/2cro/2cro.26523.pdb
lmds,2cro,data/raw/decoy_cache/decoys_r_us/lmds/dd/multiple/lmds/doc/pdb_orig/2cro.pdb,data/raw/decoy_cache/decoys_r_us/lmds/dd/multiple/lmds/2cro/2cro.26524.pdb
lmds,2cro,data/raw/decoy_cache/decoys_r_us/lmds/dd/multiple/lmds/doc/pdb_orig/2cro.pdb,data/raw/decoy_cache/decoys_r_us/lmds/dd/multiple/lmds/2cro/2cro.26556.pdb
lmds,2cro,data/raw/decoy_cache/decoys_r_us/lmds/dd/multiple/lmds/doc/pdb_orig/2cro.pdb,data/raw/decoy_cache/decoys_r_us/lmds/dd/multiple/lmds/2cro/2cro.26564.pdb
lmds,2cro,data/raw/decoy_cache/decoys_r_us/lmds/dd/multiple/lmds/doc/pdb_orig/2cro.pdb,data/raw/decoy_cache/decoys_r_us/lmds/dd/multiple/lmds/2cro/2cro.26567.pdb
lmds,2cro,data/raw/decoy_cache/decoys_r_us/lmds/dd/multiple/lmds/doc/pdb_orig/2cro.pdb,data/raw/decoy_cache/decoys_r_us/lmds/dd/multiple/lmds/2cro/2cro.26602.pdb
lmds,2cro,data/raw/decoy_cache/decoys_r_us/lmds/dd/multiple/lmds/doc/pdb_orig/2cro.pdb,data/raw/decoy_cache/decoys_r_us/lmds/dd/multiple/lmds/2cro/2cro.26621.pdb
lmds,2cro,data/raw/decoy_cache/decoys_r_us/lmds/dd/multiple/lmds/doc/pdb_orig/2cro.pdb,data/raw/decoy_cache/decoys_r_us/lmds/dd/multiple/lmds/2cro/2cro.26725.pdb
lmds,2cro,data/raw/decoy_cache/decoys_r_us/lmds/dd/multiple/lmds/doc/pdb_orig/2cro.pdb,data/raw/decoy_cache/decoys_r_us/lmds/dd/multiple/lmds/2cro/2cro.26768.pdb
lmds,2cro,data/raw/decoy_cache/decoys_r_us/lmds/dd/multiple/lmds/doc/pdb_orig/2cro.pdb,data/raw/decoy_cache/decoys_r_us/lmds/dd/multiple/lmds/2cro/2cro.26769.pdb
lmds,2cro,data/raw/decoy_cache/decoys_r_us/lmds/dd/multiple/lmds/doc/pdb_orig/2cro.pdb,data/raw/decoy_cache/decoys_r_us/lmds/dd/multiple/lmds/2cro/2cro.26772.pdb
lmds,2cro,data/raw/decoy_cache/decoys_r_us/lmds/dd/multiple/lmds/doc/pdb_orig/2cro.pdb,data/raw/decoy_cache/decoys_r_us/lmds/dd/multiple/lmds/2cro/2cro.26774.pdb
lmds,2cro,data/raw/decoy_cache/decoys_r_us/lmds/dd/multiple/lmds/doc/pdb_orig/2cro.pdb,data/raw/decoy_cache/decoys_r_us/lmds/dd/multiple/lmds/2cro/2cro.26786.pdb
lmds,2cro,data/raw/decoy_cache/decoys_r_us/lmds/dd/multiple/lmds/doc/pdb_orig/2cro.pdb,data/raw/decoy_cache/decoys_r_us/lmds/dd/multiple/lmds/2cro/2cro.30000.pdb
lmds,2cro,data/raw/decoy_cache/decoys_r_us/lmds/dd/multiple/lmds/doc/pdb_orig/2cro.pdb,data/raw/decoy_cache/decoys_r_us/lmds/dd/multiple/lmds/2cro/2cro.30013.pdb
lmds,2cro,data/raw/decoy_cache/decoys_r_us/lmds/dd/multiple/lmds/doc/pdb_orig/2cro.pdb,data/raw/decoy_cache/decoys_r_us/lmds/dd/multiple/lmds/2cro/2cro.30016.pdb
lmds,2cro,data/raw/decoy_cache/decoys_r_us/lmds/dd/multiple/lmds/doc/pdb_orig/2cro.pdb,data/raw/decoy_cache/decoys_r_us/lmds/dd/multiple/lmds/2cro/2cro.30068.pdb
lmds,2cro,data/raw/decoy_cache/decoys_r_us/lmds/dd/multiple/lmds/doc/pdb_orig/2cro.pdb,data/raw/decoy_cache/decoys_r_us/lmds/dd/multiple/lmds/2cro/2cro.30070.pdb
lmds,2cro,data/raw/decoy_cache/decoys_r_us/lmds/dd/multiple/lmds/doc/pdb_orig/2cro.pdb,data/raw/decoy_cache/decoys_r_us/lmds/dd/multiple/lmds/2cro/2cro.30093.pdb
lmds,2cro,data/raw/decoy_cache/decoys_r_us/lmds/dd/multiple/lmds/doc/pdb_orig/2cro.pdb,data/raw/decoy_cache/decoys_r_us/lmds/dd/multiple/lmds/2cro/2cro.30129.pdb
lmds,2cro,data/raw/decoy_cache/decoys_r_us/lmds/dd/multiple/lmds/doc/pdb_orig/2cro.pdb,data/raw/decoy_cache/decoys_r_us/lmds/dd/multiple/lmds/2cro/2cro.30154.pdb
lmds,2cro,data/raw/decoy_cache/decoys_r_us/lmds/dd/multiple/lmds/doc/pdb_orig/2cro.pdb,data/raw/decoy_cache/decoys_r_us/lmds/dd/multiple/lmds/2cro/2cro.30219.pdb
lmds,2cro,data/raw/decoy_cache/decoys_r_us/lmds/dd/multiple/lmds/doc/pdb_orig/2cro.pdb,data/raw/decoy_cache/decoys_r_us/lmds/dd/multiple/lmds/2cro/2cro.30229.pdb
lmds,2cro,data/raw/decoy_cache/decoys_r_us/lmds/dd/multiple/lmds/doc/pdb_orig/2cro.pdb,data/raw/decoy_cache/decoys_r_us/lmds/dd/multiple/lmds/2cro/2cro.30244.pdb
lmds,2cro,data/raw/decoy_cache/decoys_r_us/lmds/dd/multiple/lmds/doc/pdb_orig/2cro.pdb,data/raw/decoy_cache/decoys_r_us/lmds/dd/multiple/lmds/2cro/2cro.30257.pdb
lmds,2cro,data/raw/decoy_cache/decoys_r_us/lmds/dd/multiple/lmds/doc/pdb_orig/2cro.pdb,data/raw/decoy_cache/decoys_r_us/lmds/dd/multiple/lmds/2cro/2cro.30258.pdb
lmds,2cro,data/raw/decoy_cache/decoys_r_us/lmds/dd/multiple/lmds/doc/pdb_orig/2cro.pdb,data/raw/decoy_cache/decoys_r_us/lmds/dd/multiple/lmds/2cro/2cro.30271.pdb
lmds,2cro,data/raw/decoy_cache/decoys_r_us/lmds/dd/multiple/lmds/doc/pdb_orig/2cro.pdb,data/raw/decoy_cache/decoys_r_us/lmds/dd/multiple/lmds/2cro/2cro.30280.pdb
lmds,2cro,data/raw/decoy_cache/decoys_r_us/lmds/dd/multiple/lmds/doc/pdb_orig/2cro.pdb,data/raw/decoy_cache/decoys_r_us/lmds/dd/multiple/lmds/2cro/2cro.30304.pdb
lmds,2cro,data/raw/decoy_cache/decoys_r_us/lmds/dd/multiple/lmds/doc/pdb_orig/2cro.pdb,data/raw/decoy_cache/decoys_r_us/lmds/dd/multiple/lmds/2cro/2cro.30309.pdb
lmds,2cro,data/raw/decoy_cache/decoys_r_us/lmds/dd/multiple/lmds/doc/pdb_orig/2cro.pdb,data/raw/decoy_cache/decoys_r_us/lmds/dd/multiple/lmds/2cro/2cro.30316.pdb
lmds,2cro,data/raw/decoy_cache/decoys_r_us/lmds/dd/multiple/lmds/doc/pdb_orig/2cro.pdb,data/raw/decoy_cache/decoys_r_us/lmds/dd/multiple/lmds/2cro/2cro.30343.pdb
lmds,2cro,data/raw/decoy_cache/decoys_r_us/lmds/dd/multiple/lmds/doc/pdb_orig/2cro.pdb,data/raw/decoy_cache/decoys_r_us/lmds/dd/multiple/lmds/2cro/2cro.30366.pdb
lmds,2cro,data/raw/decoy_cache/decoys_r_us/lmds/dd/multiple/lmds/doc/pdb_orig/2cro.pdb,data/raw/decoy_cache/decoys_r_us/lmds/dd/multiple/lmds/2cro/2cro.30403.pdb
lmds,2cro,data/raw/decoy_cache/decoys_r_us/lmds/dd/multiple/lmds/doc/pdb_orig/2cro.pdb,data/raw/decoy_cache/decoys_r_us/lmds/dd/multiple/lmds/2cro/2cro.30415.pdb
lmds,2cro,data/raw/decoy_cache/decoys_r_us/lmds/dd/multiple/lmds/doc/pdb_orig/2cro.pdb,data/raw/decoy_cache/decoys_r_us/lmds/dd/multiple/lmds/2cro/2cro.30452.pdb
lmds,2cro,data/raw/decoy_cache/decoys_r_us/lmds/dd/multiple/lmds/doc/pdb_orig/2cro.pdb,data/raw/decoy_cache/decoys_r_us/lmds/dd/multiple/lmds/2cro/2cro.30533.pdb
lmds,2cro,data/raw/decoy_cache/decoys_r_us/lmds/dd/multiple/lmds/doc/pdb_orig/2cro.pdb,data/raw/decoy_cache/decoys_r_us/lmds/dd/multiple/lmds/2cro/2cro.30536.pdb
lmds,2cro,data/raw/decoy_cache/decoys_r_us/lmds/dd/multiple/lmds/doc/pdb_orig/2cro.pdb,data/raw/decoy_cache/decoys_r_us/lmds/dd/multiple/lmds/2cro/2cro.30583.pdb
lmds,2cro,data/raw/decoy_cache/decoys_r_us/lmds/dd/multiple/lmds/doc/pdb_orig/2cro.pdb,data/raw/decoy_cache/decoys_r_us/lmds/dd/multiple/lmds/2cro/2cro.30599.pdb
lmds,2cro,data/raw/decoy_cache/decoys_r_us/lmds/dd/multiple/lmds/doc/pdb_orig/2cro.pdb,data/raw/decoy_cache/decoys_r_us/lmds/dd/multiple/lmds/2cro/2cro.30611.pdb
lmds,2cro,data/raw/decoy_cache/decoys_r_us/lmds/dd/multiple/lmds/doc/pdb_orig/2cro.pdb,data/raw/decoy_cache/decoys_r_us/lmds/dd/multiple/lmds/2cro/2cro.30639.pdb
lmds,2cro,data/raw/decoy_cache/decoys_r_us/lmds/dd/multiple/lmds/doc/pdb_orig/2cro.pdb,data/raw/decoy_cache/decoys_r_us/lmds/dd/multiple/lmds/2cro/2cro.30652.pdb
lmds,2cro,data/raw/decoy_cache/decoys_r_us/lmds/dd/multiple/lmds/doc/pdb_orig/2cro.pdb,data/raw/decoy_cache/decoys_r_us/lmds/dd/multiple/lmds/2cro/2cro.30710.pdb
lmds,2cro,data/raw/decoy_cache/decoys_r_us/lmds/dd/multiple/lmds/doc/pdb_orig/2cro.pdb,data/raw/decoy_cache/decoys_r_us/lmds/dd/multiple/lmds/2cro/2cro.30767.pdb
lmds,2cro,data/raw/decoy_cache/decoys_r_us/lmds/dd/multiple/lmds/doc/pdb_orig/2cro.pdb,data/raw/decoy_cache/decoys_r_us/lmds/dd/multiple/lmds/2cro/2cro.30769.pdb
lmds,2cro,data/raw/decoy_cache/decoys_r_us/lmds/dd/multiple/lmds/doc/pdb_orig/2cro.pdb,data/raw/decoy_cache/decoys_r_us/lmds/dd/multiple/lmds/2cro/2cro.30779.pdb
lmds,2cro,data/raw/decoy_cache/decoys_r_us/lmds/dd/multiple/lmds/doc/pdb_orig/2cro.pdb,data/raw/decoy_cache/decoys_r_us/lmds/dd/multiple/lmds/2cro/2cro.30792.pdb
lmds,2cro,data/raw/decoy_cache/decoys_r_us/lmds/dd/multiple/lmds/doc/pdb_orig/2cro.pdb,data/raw/decoy_cache/decoys_r_us/lmds/dd/multiple/lmds/2cro/2cro.30804.pdb
lmds,2cro,data/raw/decoy_cache/decoys_r_us/lmds/dd/multiple/lmds/doc/pdb_orig/2cro.pdb,data/raw/decoy_cache/decoys_r_us/lmds/dd/multiple/lmds/2cro/2cro.30816.pdb
lmds,2cro,data/raw/decoy_cache/decoys_r_us/lmds/dd/multiple/lmds/doc/pdb_orig/2cro.pdb,data/raw/decoy_cache/decoys_r_us/lmds/dd/multiple/lmds/2cro/2cro.30826.pdb
lmds,2cro,data/raw/decoy_cache/decoys_r_us/lmds/dd/multiple/lmds/doc/pdb_orig/2cro.pdb,data/raw/decoy_cache/decoys_r_us/lmds/dd/multiple/lmds/2cro/2cro.30890.pdb
lmds,2cro,data/raw/decoy_cache/decoys_r_us/lmds/dd/multiple/lmds/doc/pdb_orig/2cro.pdb,data/raw/decoy_cache/decoys_r_us/lmds/dd/multiple/lmds/2cro/2cro.30896.pdb
lmds,2cro,data/raw/decoy_cache/decoys_r_us/lmds/dd/multiple/lmds/doc/pdb_orig/2cro.pdb,data/raw/decoy_cache/decoys_r_us/lmds/dd/multiple/lmds/2cro/2cro.30952.pdb
lmds,2cro,data/raw/decoy_cache/decoys_r_us/lmds/dd/multiple/lmds/doc/pdb_orig/2cro.pdb,data/raw/decoy_cache/decoys_r_us/lmds/dd/multiple/lmds/2cro/2cro.31023.pdb
lmds,2cro,data/raw/decoy_cache/decoys_r_us/lmds/dd/multiple/lmds/doc/pdb_orig/2cro.pdb,data/raw/decoy_cache/decoys_r_us/lmds/dd/multiple/lmds/2cro/2cro.31026.pdb
lmds,2cro,data/raw/decoy_cache/decoys_r_us/lmds/dd/multiple/lmds/doc/pdb_orig/2cro.pdb,data/raw/decoy_cache/decoys_r_us/lmds/dd/multiple/lmds/2cro/2cro.31103.pdb
lmds,2cro,data/raw/decoy_cache/decoys_r_us/lmds/dd/multiple/lmds/doc/pdb_orig/2cro.pdb,data/raw/decoy_cache/decoys_r_us/lmds/dd/multiple/lmds/2cro/2cro.31124.pdb
lmds,2cro,data/raw/decoy_cache/decoys_r_us/lmds/dd/multiple/lmds/doc/pdb_orig/2cro.pdb,data/raw/decoy_cache/decoys_r_us/lmds/dd/multiple/lmds/2cro/2cro.31141.pdb
lmds,2cro,data/raw/decoy_cache/decoys_r_us/lmds/dd/multiple/lmds/doc/pdb_orig/2cro.pdb,data/raw/decoy_cache/decoys_r_us/lmds/dd/multiple/lmds/2cro/2cro.31151.pdb
lmds,2cro,data/raw/decoy_cache/decoys_r_us/lmds/dd/multiple/lmds/doc/pdb_orig/2cro.pdb,data/raw/decoy_cache/decoys_r_us/lmds/dd/multiple/lmds/2cro/2cro.31157.pdb
lmds,2cro,data/raw/decoy_cache/decoys_r_us/lmds/dd/multiple/lmds/doc/pdb_orig/2cro.pdb,data/raw/decoy_cache/decoys_r_us/lmds/dd/multiple/lmds/2cro/2cro.31161.pdb
lmds,2cro,data/raw/decoy_cache/decoys_r_us/lmds/dd/multiple/lmds/doc/pdb_orig/2cro.pdb,data/raw/decoy_cache/decoys_r_us/lmds/dd/multiple/lmds/2cro/2cro.31183.pdb
lmds,2cro,data/raw/decoy_cache/decoys_r_us/lmds/dd/multiple/lmds/doc/pdb_orig/2cro.pdb,data/raw/decoy_cache/decoys_r_us/lmds/dd/multiple/lmds/2cro/2cro.31213.pdb
lmds,2cro,data/raw/decoy_cache/decoys_r_us/lmds/dd/multiple/lmds/doc/pdb_orig/2cro.pdb,data/raw/decoy_cache/decoys_r_us/lmds/dd/multiple/lmds/2cro/2cro.31287.pdb
lmds,2cro,data/raw/decoy_cache/decoys_r_us/lmds/dd/multiple/lmds/doc/pdb_orig/2cro.pdb,data/raw/decoy_cache/decoys_r_us/lmds/dd/multiple/lmds/2cro/2cro.31302.pdb
lmds,2cro,data/raw/decoy_cache/decoys_r_us/lmds/dd/multiple/lmds/doc/pdb_orig/2cro.pdb,data/raw/decoy_cache/decoys_r_us/lmds/dd/multiple/lmds/2cro/2cro.31310.pdb
lmds,2cro,data/raw/decoy_cache/decoys_r_us/lmds/dd/multiple/lmds/doc/pdb_orig/2cro.pdb,data/raw/decoy_cache/decoys_r_us/lmds/dd/multiple/lmds/2cro/2cro.31353.pdb
lmds,2cro,data/raw/decoy_cache/decoys_r_us/lmds/dd/multiple/lmds/doc/pdb_orig/2cro.pdb,data/raw/decoy_cache/decoys_r_us/lmds/dd/multiple/lmds/2cro/2cro.31420.pdb
lmds,2cro,data/raw/decoy_cache/decoys_r_us/lmds/dd/multiple/lmds/doc/pdb_orig/2cro.pdb,data/raw/decoy_cache/decoys_r_us/lmds/dd/multiple/lmds/2cro/2cro.31445.pdb
lmds,2cro,data/raw/decoy_cache/decoys_r_us/lmds/dd/multiple/lmds/doc/pdb_orig/2cro.pdb,data/raw/decoy_cache/decoys_r_us/lmds/dd/multiple/lmds/2cro/2cro.31460.pdb
lmds,2cro,data/raw/decoy_cache/decoys_r_us/lmds/dd/multiple/lmds/doc/pdb_orig/2cro.pdb,data/raw/decoy_cache/decoys_r_us/lmds/dd/multiple/lmds/2cro/2cro.31462.pdb
lmds,2cro,data/raw/decoy_cache/decoys_r_us/lmds/dd/multiple/lmds/doc/pdb_orig/2cro.pdb,data/raw/decoy_cache/decoys_r_us/lmds/dd/multiple/lmds/2cro/2cro.31521.pdb
lmds,2cro,data/raw/decoy_cache/decoys_r_us/lmds/dd/multiple/lmds/doc/pdb_orig/2cro.pdb,data/raw/decoy_cache/decoys_r_us/lmds/dd/multiple/lmds/2cro/2cro.31584.pdb
lmds,2cro,data/raw/decoy_cache/decoys_r_us/lmds/dd/multiple/lmds/doc/pdb_orig/2cro.pdb,data/raw/decoy_cache/decoys_r_us/lmds/dd/multiple/lmds/2cro/2cro.31593.pdb
lmds,2cro,data/raw/decoy_cache/decoys_r_us/lmds/dd/multiple/lmds/doc/pdb_orig/2cro.pdb,data/raw/decoy_cache/decoys_r_us/lmds/dd/multiple/lmds/2cro/2cro.31608.pdb
lmds,2cro,data/raw/decoy_cache/decoys_r_us/lmds/dd/multiple/lmds/doc/pdb_orig/2cro.pdb,data/raw/decoy_cache/decoys_r_us/lmds/dd/multiple/lmds/2cro/2cro.31638.pdb
lmds,2cro,data/raw/decoy_cache/decoys_r_us/lmds/dd/multiple/lmds/doc/pdb_orig/2cro.pdb,data/raw/decoy_cache/decoys_r_us/lmds/dd/multiple/lmds/2cro/2cro.31666.pdb
lmds,2cro,data/raw/decoy_cache/decoys_r_us/lmds/dd/multiple/lmds/doc/pdb_orig/2cro.pdb,data/raw/decoy_cache/decoys_r_us/lmds/dd/multiple/lmds/2cro/2cro.31783.pdb
lmds,2cro,data/raw/decoy_cache/decoys_r_us/lmds/dd/multiple/lmds/doc/pdb_orig/2cro.pdb,data/raw/decoy_cache/decoys_r_us/lmds/dd/multiple/lmds/2cro/2cro.31789.pdb
lmds,2cro,data/raw/decoy_cache/decoys_r_us/lmds/dd/multiple/lmds/doc/pdb_orig/2cro.pdb,data/raw/decoy_cache/decoys_r_us/lmds/dd/multiple/lmds/2cro/2cro.31806.pdb
lmds,2cro,data/raw/decoy_cache/decoys_r_us/lmds/dd/multiple/lmds/doc/pdb_orig/2cro.pdb,data/raw/decoy_cache/decoys_r_us/lmds/dd/multiple/lmds/2cro/2cro.31814.pdb
lmds,2cro,data/raw/decoy_cache/decoys_r_us/lmds/dd/multiple/lmds/doc/pdb_orig/2cro.pdb,data/raw/decoy_cache/decoys_r_us/lmds/dd/multiple/lmds/2cro/2cro.35012.pdb
lmds,2cro,data/raw/decoy_cache/decoys_r_us/lmds/dd/multiple/lmds/doc/pdb_orig/2cro.pdb,data/raw/decoy_cache/decoys_r_us/lmds/dd/multiple/lmds/2cro/2cro.35065.pdb
lmds,2cro,data/raw/decoy_cache/decoys_r_us/lmds/dd/multiple/lmds/doc/pdb_orig/2cro.pdb,data/raw/decoy_cache/decoys_r_us/lmds/dd/multiple/lmds/2cro/2cro.35078.pdb
lmds,2cro,data/raw/decoy_cache/decoys_r_us/lmds/dd/multiple/lmds/doc/pdb_orig/2cro.pdb,data/raw/decoy_cache/decoys_r_us/lmds/dd/multiple/lmds/2cro/2cro.35119.pdb
lmds,2cro,data/raw/decoy_cache/decoys_r_us/lmds/dd/multiple/lmds/doc/pdb_orig/2cro.pdb,data/raw/decoy_cache/decoys_r_us/lmds/dd/multiple/lmds/2cro/2cro.35120.pdb
lmds,2cro,data/raw/decoy_cache/decoys_r_us/lmds/dd/multiple/lmds/doc/pdb_orig/2cro.pdb,data/raw/decoy_cache/decoys_r_us/lmds/dd/multiple/lmds/2cro/2cro.35141.pdb
lmds,2cro,data/raw/decoy_cache/decoys_r_us/lmds/dd/multiple/lmds/doc/pdb_orig/2cro.pdb,data/raw/decoy_cache/decoys_r_us/lmds/dd/multiple/lmds/2cro/2cro.35152.pdb
lmds,2cro,data/raw/decoy_cache/decoys_r_us/lmds/dd/multiple/lmds/doc/pdb_orig/2cro.pdb,data/raw/decoy_cache/decoys_r_us/lmds/dd/multiple/lmds/2cro/2cro.35218.pdb
lmds,2cro,data/raw/decoy_cache/decoys_r_us/lmds/dd/multiple/lmds/doc/pdb_orig/2cro.pdb,data/raw/decoy_cache/decoys_r_us/lmds/dd/multiple/lmds/2cro/2cro.35243.pdb
lmds,2cro,data/raw/decoy_cache/decoys_r_us/lmds/dd/multiple/lmds/doc/pdb_orig/2cro.pdb,data/raw/decoy_cache/decoys_r_us/lmds/dd/multiple/lmds/2cro/2cro.35277.pdb
lmds,2cro,data/raw/decoy_cache/decoys_r_us/lmds/dd/multiple/lmds/doc/pdb_orig/2cro.pdb,data/raw/decoy_cache/decoys_r_us/lmds/dd/multiple/lmds/2cro/2cro.35295.pdb
lmds,2cro,data/raw/decoy_cache/decoys_r_us/lmds/dd/multiple/lmds/doc/pdb_orig/2cro.pdb,data/raw/decoy_cache/decoys_r_us/lmds/dd/multiple/lmds/2cro/2cro.35331.pdb
lmds,2cro,data/raw/decoy_cache/decoys_r_us/lmds/dd/multiple/lmds/doc/pdb_orig/2cro.pdb,data/raw/decoy_cache/decoys_r_us/lmds/dd/multiple/lmds/2cro/2cro.35369.pdb
lmds,2cro,data/raw/decoy_cache/decoys_r_us/lmds/dd/multiple/lmds/doc/pdb_orig/2cro.pdb,data/raw/decoy_cache/decoys_r_us/lmds/dd/multiple/lmds/2cro/2cro.35374.pdb
lmds,2cro,data/raw/decoy_cache/decoys_r_us/lmds/dd/multiple/lmds/doc/pdb_orig/2cro.pdb,data/raw/decoy_cache/decoys_r_us/lmds/dd/multiple/lmds/2cro/2cro.35385.pdb
lmds,2cro,data/raw/decoy_cache/decoys_r_us/lmds/dd/multiple/lmds/doc/pdb_orig/2cro.pdb,data/raw/decoy_cache/decoys_r_us/lmds/dd/multiple/lmds/2cro/2cro.35448.pdb
lmds,2cro,data/raw/decoy_cache/decoys_r_us/lmds/dd/multiple/lmds/doc/pdb_orig/2cro.pdb,data/raw/decoy_cache/decoys_r_us/lmds/dd/multiple/lmds/2cro/2cro.35487.pdb
lmds,2cro,data/raw/decoy_cache/decoys_r_us/lmds/dd/multiple/lmds/doc/pdb_orig/2cro.pdb,data/raw/decoy_cache/decoys_r_us/lmds/dd/multiple/lmds/2cro/2cro.35527.pdb
lmds,2cro,data/raw/decoy_cache/decoys_r_us/lmds/dd/multiple/lmds/doc/pdb_orig/2cro.pdb,data/raw/decoy_cache/decoys_r_us/lmds/dd/multiple/lmds/2cro/2cro.35530.pdb
lmds,2cro,data/raw/decoy_cache/decoys_r_us/lmds/dd/multiple/lmds/doc/pdb_orig/2cro.pdb,data/raw/decoy_cache/decoys_r_us/lmds/dd/multiple/lmds/2cro/2cro.35538.pdb
lmds,2cro,data/raw/decoy_cache/decoys_r_us/lmds/dd/multiple/lmds/doc/pdb_orig/2cro.pdb,data/raw/decoy_cache/decoys_r_us/lmds/dd/multiple/lmds/2cro/2cro.35544.pdb
lmds,2cro,data/raw/decoy_cache/decoys_r_us/lmds/dd/multiple/lmds/doc/pdb_orig/2cro.pdb,data/raw/decoy_cache/decoys_r_us/lmds/dd/multiple/lmds/2cro/2cro.35555.pdb
lmds,2cro,data/raw/decoy_cache/decoys_r_us/lmds/dd/multiple/lmds/doc/pdb_orig/2cro.pdb,data/raw/decoy_cache/decoys_r_us/lmds/dd/multiple/lmds/2cro/2cro.35566.pdb
lmds,2cro,data/raw/decoy_cache/decoys_r_us/lmds/dd/multiple/lmds/doc/pdb_orig/2cro.pdb,data/raw/decoy_cache/decoys_r_us/lmds/dd/multiple/lmds/2cro/2cro.35589.pdb
lmds,2cro,data/raw/decoy_cache/decoys_r_us/lmds/dd/multiple/lmds/doc/pdb_orig/2cro.pdb,data/raw/decoy_cache/decoys_r_us/lmds/dd/multiple/lmds/2cro/2cro.35672.pdb
lmds,2cro,data/raw/decoy_cache/decoys_r_us/lmds/dd/multiple/lmds/doc/pdb_orig/2cro.pdb,data/raw/decoy_cache/decoys_r_us/lmds/dd/multiple/lmds/2cro/2cro.35705.pdb
lmds,2cro,data/raw/decoy_cache/decoys_r_us/lmds/dd/multiple/lmds/doc/pdb_orig/2cro.pdb,data/raw/decoy_cache/decoys_r_us/lmds/dd/multiple/lmds/2cro/2cro.35707.pdb
lmds,2cro,data/raw/decoy_cache/decoys_r_us/lmds/dd/multiple/lmds/doc/pdb_orig/2cro.pdb,data/raw/decoy_cache/decoys_r_us/lmds/dd/multiple/lmds/2cro/2cro.35708.pdb
lmds,2cro,data/raw/decoy_cache/decoys_r_us/lmds/dd/multiple/lmds/doc/pdb_orig/2cro.pdb,data/raw/decoy_cache/decoys_r_us/lmds/dd/multiple/lmds/2cro/2cro.35736.pdb
lmds,2cro,data/raw/decoy_cache/decoys_r_us/lmds/dd/multiple/lmds/doc/pdb_orig/2cro.pdb,data/raw/decoy_cache/decoys_r_us/lmds/dd/multiple/lmds/2cro/2cro.35776.pdb
lmds,2cro,data/raw/decoy_cache/decoys_r_us/lmds/dd/multiple/lmds/doc/pdb_orig/2cro.pdb,data/raw/decoy_cache/decoys_r_us/lmds/dd/multiple/lmds/2cro/2cro.35793.pdb
lmds,2cro,data/raw/decoy_cache/decoys_r_us/lmds/dd/multiple/lmds/doc/pdb_orig/2cro.pdb,data/raw/decoy_cache/decoys_r_us/lmds/dd/multiple/lmds/2cro/2cro.40004.pdb
lmds,2cro,data/raw/decoy_cache/decoys_r_us/lmds/dd/multiple/lmds/doc/pdb_orig/2cro.pdb,data/raw/decoy_cache/decoys_r_us/lmds/dd/multiple/lmds/2cro/2cro.40029.pdb
lmds,2cro,data/raw/decoy_cache/decoys_r_us/lmds/dd/multiple/lmds/doc/pdb_orig/2cro.pdb,data/raw/decoy_cache/decoys_r_us/lmds/dd/multiple/lmds/2cro/2cro.40037.pdb
lmds,2cro,data/raw/decoy_cache/decoys_r_us/lmds/dd/multiple/lmds/doc/pdb_orig/2cro.pdb,data/raw/decoy_cache/decoys_r_us/lmds/dd/multiple/lmds/2cro/2cro.40043.pdb
lmds,2cro,data/raw/decoy_cache/decoys_r_us/lmds/dd/multiple/lmds/doc/pdb_orig/2cro.pdb,data/raw/decoy_cache/decoys_r_us/lmds/dd/multiple/lmds/2cro/2cro.40137.pdb
lmds,2cro,data/raw/decoy_cache/decoys_r_us/lmds/dd/multiple/lmds/doc/pdb_orig/2cro.pdb,data/raw/decoy_cache/decoys_r_us/lmds/dd/multiple/lmds/2cro/2cro.40188.pdb
lmds,2cro,data/raw/decoy_cache/decoys_r_us/lmds/dd/multiple/lmds/doc/pdb_orig/2cro.pdb,data/raw/decoy_cache/decoys_r_us/lmds/dd/multiple/lmds/2cro/2cro.40237.pdb
lmds,2cro,data/raw/decoy_cache/decoys_r_us/lmds/dd/multiple/lmds/doc/pdb_orig/2cro.pdb,data/raw/decoy_cache/decoys_r_us/lmds/dd/multiple/lmds/2cro/2cro.40249.pdb
lmds,2cro,data/raw/decoy_cache/decoys_r_us/lmds/dd/multiple/lmds/doc/pdb_orig/2cro.pdb,data/raw/decoy_cache/decoys_r_us/lmds/dd/multiple/lmds/2cro/2cro.40251.pdb
lmds,2cro,data/raw/decoy_cache/decoys_r_us/lmds/dd/multiple/lmds/doc/pdb_orig/2cro.pdb,data/raw/decoy_cache/decoys_r_us/lmds/dd/multiple/lmds/2cro/2cro.40254.pdb
lmds,2cro,data/raw/decoy_cache/decoys_r_us/lmds/dd/multiple/lmds/doc/pdb_orig/2cro.pdb,data/raw/decoy_cache/decoys_r_us/lmds/dd/multiple/lmds/2cro/2cro.40273.pdb
lmds,2cro,data/raw/decoy_cache/decoys_r_us/lmds/dd/multiple/lmds/doc/pdb_orig/2cro.pdb,data/raw/decoy_cache/decoys_r_us/lmds/dd/multiple/lmds/2cro/2cro.40283.pdb
lmds,2cro,data/raw/decoy_cache/decoys_r_us/lmds/dd/multiple/lmds/doc/pdb_orig/2cro.pdb,data/raw/decoy_cache/decoys_r_us/lmds/dd/multiple/lmds/2cro/2cro.40291.pdb
lmds,2cro,data/raw/decoy_cache/decoys_r_us/lmds/dd/multiple/lmds/doc/pdb_orig/2cro.pdb,data/raw/decoy_cache/decoys_r_us/lmds/dd/multiple/lmds/2cro/2cro.40347.pdb
lmds,2cro,data/raw/decoy_cache/decoys_r_us/lmds/dd/multiple/lmds/doc/pdb_orig/2cro.pdb,data/raw/decoy_cache/decoys_r_us/lmds/dd/multiple/lmds/2cro/2cro.40366.pdb
lmds,2cro,data/raw/decoy_cache/decoys_r_us/lmds/dd/multiple/lmds/doc/pdb_orig/2cro.pdb,data/raw/decoy_cache/decoys_r_us/lmds/dd/multiple/lmds/2cro/2cro.40376.pdb
lmds,2cro,data/raw/decoy_cache/decoys_r_us/lmds/dd/multiple/lmds/doc/pdb_orig/2cro.pdb,data/raw/decoy_cache/decoys_r_us/lmds/dd/multiple/lmds/2cro/2cro.40440.pdb
lmds,2cro,data/raw/decoy_cache/decoys_r_us/lmds/dd/multiple/lmds/doc/pdb_orig/2cro.pdb,data/raw/decoy_cache/decoys_r_us/lmds/dd/multiple/lmds/2cro/2cro.40496.pdb
lmds,2cro,data/raw/decoy_cache/decoys_r_us/lmds/dd/multiple/lmds/doc/pdb_orig/2cro.pdb,data/raw/decoy_cache/decoys_r_us/lmds/dd/multiple/lmds/2cro/2cro.40500.pdb
lmds,2cro,data/raw/decoy_cache/decoys_r_us/lmds/dd/multiple/lmds/doc/pdb_orig/2cro.pdb,data/raw/decoy_cache/decoys_r_us/lmds/dd/multiple/lmds/2cro/2cro.40501.pdb
lmds,2cro,data/raw/decoy_cache/decoys_r_us/lmds/dd/multiple/lmds/doc/pdb_orig/2cro.pdb,data/raw/decoy_cache/decoys_r_us/lmds/dd/multiple/lmds/2cro/2cro.40528.pdb
lmds,2cro,data/raw/decoy_cache/decoys_r_us/lmds/dd/multiple/lmds/doc/pdb_orig/2cro.pdb,data/raw/decoy_cache/decoys_r_us/lmds/dd/multiple/lmds/2cro/2cro.40533.pdb
lmds,2cro,data/raw/decoy_cache/decoys_r_us/lmds/dd/multiple/lmds/doc/pdb_orig/2cro.pdb,data/raw/decoy_cache/decoys_r_us/lmds/dd/multiple/lmds/2cro/2cro.40557.pdb
lmds,2cro,data/raw/decoy_cache/decoys_r_us/lmds/dd/multiple/lmds/doc/pdb_orig/2cro.pdb,data/raw/decoy_cache/decoys_r_us/lmds/dd/multiple/lmds/2cro/2cro.40561.pdb
lmds,2cro,data/raw/decoy_cache/decoys_r_us/lmds/dd/multiple/lmds/doc/pdb_orig/2cro.pdb,data/raw/decoy_cache/decoys_r_us/lmds/dd/multiple/lmds/2cro/2cro.40567.pdb
lmds,2cro,data/raw/decoy_cache/decoys_r_us/lmds/dd/multiple/lmds/doc/pdb_orig/2cro.pdb,data/raw/decoy_cache/decoys_r_us/lmds/dd/multiple/lmds/2cro/2cro.40601.pdb
lmds,2cro,data/raw/decoy_cache/decoys_r_us/lmds/dd/multiple/lmds/doc/pdb_orig/2cro.pdb,data/raw/decoy_cache/decoys_r_us/lmds/dd/multiple/lmds/2cro/2cro.40613.pdb
lmds,2cro,data/raw/decoy_cache/decoys_r_us/lmds/dd/multiple/lmds/doc/pdb_orig/2cro.pdb,data/raw/decoy_cache/decoys_r_us/lmds/dd/multiple/lmds/2cro/2cro.40646.pdb
lmds,2cro,data/raw/decoy_cache/decoys_r_us/lmds/dd/multiple/lmds/doc/pdb_orig/2cro.pdb,data/raw/decoy_cache/decoys_r_us/lmds/dd/multiple/lmds/2cro/2cro.40684.pdb
lmds,2cro,data/raw/decoy_cache/decoys_r_us/lmds/dd/multiple/lmds/doc/pdb_orig/2cro.pdb,data/raw/decoy_cache/decoys_r_us/lmds/dd/multiple/lmds/2cro/2cro.40730.pdb
lmds,2cro,data/raw/decoy_cache/decoys_r_us/lmds/dd/multiple/lmds/doc/pdb_orig/2cro.pdb,data/raw/decoy_cache/decoys_r_us/lmds/dd/multiple/lmds/2cro/2cro.40762.pdb
lmds,2cro,data/raw/decoy_cache/decoys_r_us/lmds/dd/multiple/lmds/doc/pdb_orig/2cro.pdb,data/raw/decoy_cache/decoys_r_us/lmds/dd/multiple/lmds/2cro/2cro.40773.pdb
lmds,2cro,data/raw/decoy_cache/decoys_r_us/lmds/dd/multiple/lmds/doc/pdb_orig/2cro.pdb,data/raw/decoy_cache/decoys_r_us/lmds/dd/multiple/lmds/2cro/2cro.45040.pdb
lmds,2cro,data/raw/decoy_cache/decoys_r_us/lmds/dd/multiple/lmds/doc/pdb_orig/2cro.pdb,data/raw/decoy_cache/decoys_r_us/lmds/dd/multiple/lmds/2cro/2cro.45068.pdb
lmds,2cro,data/raw/decoy_cache/decoys_r_us/lmds/dd/multiple/lmds/doc/pdb_orig/2cro.pdb,data/raw/decoy_cache/decoys_r_us/lmds/dd/multiple/lmds/2cro/2cro.45083.pdb
lmds,2cro,data/raw/decoy_cache/decoys_r_us/lmds/dd/multiple/lmds/doc/pdb_orig/2cro.pdb,data/raw/decoy_cache/decoys_r_us/lmds/dd/multiple/lmds/2cro/2cro.45084.pdb
lmds,2cro,data/raw/decoy_cache/decoys_r_us/lmds/dd/multiple/lmds/doc/pdb_orig/2cro.pdb,data/raw/decoy_cache/decoys_r_us/lmds/dd/multiple/lmds/2cro/2cro.45184.pdb
lmds,2cro,data/raw/decoy_cache/decoys_r_us/lmds/dd/multiple/lmds/doc/pdb_orig/2cro.pdb,data/raw/decoy_cache/decoys_r_us/lmds/dd/multiple/lmds/2cro/2cro.45203.pdb
lmds,2cro,data/raw/decoy_cache/decoys_r_us/lmds/dd/multiple/lmds/doc/pdb_orig/2cro.pdb,data/raw/decoy_cache/decoys_r_us/lmds/dd/multiple/lmds/2cro/2cro.45213.pdb
lmds,2cro,data/raw/decoy_cache/decoys_r_us/lmds/dd/multiple/lmds/doc/pdb_orig/2cro.pdb,data/raw/decoy_cache/decoys_r_us/lmds/dd/multiple/lmds/2cro/2cro.45218.pdb
lmds,2cro,data/raw/decoy_cache/decoys_r_us/lmds/dd/multiple/lmds/doc/pdb_orig/2cro.pdb,data/raw/decoy_cache/decoys_r_us/lmds/dd/multiple/lmds/2cro/2cro.45250.pdb
lmds,2cro,data/raw/decoy_cache/decoys_r_us/lmds/dd/multiple/lmds/doc/pdb_orig/2cro.pdb,data/raw/decoy_cache/decoys_r_us/lmds/dd/multiple/lmds/2cro/2cro.45324.pdb
lmds,2cro,data/raw/decoy_cache/decoys_r_us/lmds/dd/multiple/lmds/doc/pdb_orig/2cro.pdb,data/raw/decoy_cache/decoys_r_us/lmds/dd/multiple/lmds/2cro/2cro.45365.pdb
lmds,2cro,data/raw/decoy_cache/decoys_r_us/lmds/dd/multiple/lmds/doc/pdb_orig/2cro.pdb,data/raw/decoy_cache/decoys_r_us/lmds/dd/multiple/lmds/2cro/2cro.45420.pdb
lmds,2cro,data/raw/decoy_cache/decoys_r_us/lmds/dd/multiple/lmds/doc/pdb_orig/2cro.pdb,data/raw/decoy_cache/decoys_r_us/lmds/dd/multiple/lmds/2cro/2cro.45438.pdb
lmds,2cro,data/raw/decoy_cache/decoys_r_us/lmds/dd/multiple/lmds/doc/pdb_orig/2cro.pdb,data/raw/decoy_cache/decoys_r_us/lmds/dd/multiple/lmds/2cro/2cro.45501.pdb
lmds,2cro,data/raw/decoy_cache/decoys_r_us/lmds/dd/multiple/lmds/doc/pdb_orig/2cro.pdb,data/raw/decoy_cache/decoys_r_us/lmds/dd/multiple/lmds/2cro/2cro.45506.pdb
lmds,2cro,data/raw/decoy_cache/decoys_r_us/lmds/dd/multiple/lmds/doc/pdb_orig/2cro.pdb,data/raw/decoy_cache/decoys_r_us/lmds/dd/multiple/lmds/2cro/2cro.45539.pdb
lmds,2cro,data/raw/decoy_cache/decoys_r_us/lmds/dd/multiple/lmds/doc/pdb_orig/2cro.pdb,data/raw/decoy_cache/decoys_r_us/lmds/dd/multiple/lmds/2cro/2cro.45545.pdb
lmds,2cro,data/raw/decoy_cache/decoys_r_us/lmds/dd/multiple/lmds/doc/pdb_orig/2cro.pdb,data/raw/decoy_cache/decoys_r_us/lmds/dd/multiple/lmds/2cro/2cro.45559.pdb
lmds,2cro,data/raw/decoy_cache/decoys_r_us/lmds/dd/multiple/lmds/doc/pdb_orig/2cro.pdb,data/raw/decoy_cache/decoys_r_us/lmds/dd/multiple/lmds/2cro/2cro.45570.pdb
lmds,2cro,data/raw/decoy_cache/decoys_r_us/lmds/dd/multiple/lmds/doc/pdb_orig/2cro.pdb,data/raw/decoy_cache/decoys_r_us/lmds/dd/multiple/lmds/2cro/2cro.45595.pdb
lmds,2cro,data/raw/decoy_cache/decoys_r_us/lmds/dd/multiple/lmds/doc/pdb_orig/2cro.pdb,data/raw/decoy_cache/decoys_r_us/lmds/dd/multiple/lmds/2cro/2cro.45600.pdb
lmds,2cro,data/raw/decoy_cache/decoys_r_us/lmds/dd/multiple/lmds/doc/pdb_orig/2cro.pdb,data/raw/decoy_cache/decoys_r_us/lmds/dd/multiple/lmds/2cro/2cro.45669.pdb
lmds,2cro,data/raw/decoy_cache/decoys_r_us/lmds/dd/multiple/lmds/doc/pdb_orig/2cro.pdb,data/raw/decoy_cache/decoys_r_us/lmds/dd/multiple/lmds/2cro/2cro.45697.pdb
lmds,2cro,data/raw/decoy_cache/decoys_r_us/lmds/dd/multiple/lmds/doc/pdb_orig/2cro.pdb,data/raw/decoy_cache/decoys_r_us/lmds/dd/multiple/lmds/2cro/2cro.45720.pdb
lmds,2cro,data/raw/decoy_cache/decoys_r_us/lmds/dd/multiple/lmds/doc/pdb_orig/2cro.pdb,data/raw/decoy_cache/decoys_r_us/lmds/dd/multiple/lmds/2cro/2cro.45741.pdb
lmds,2cro,data/raw/decoy_cache/decoys_r_us/lmds/dd/multiple/lmds/doc/pdb_orig/2cro.pdb,data/raw/decoy_cache/decoys_r_us/lmds/dd/multiple/lmds/2cro/2cro.45748.pdb
lmds,2cro,data/raw/decoy_cache/decoys_r_us/lmds/dd/multiple/lmds/doc/pdb_orig/2cro.pdb,data/raw/decoy_cache/decoys_r_us/lmds/dd/multiple/lmds/2cro/2cro.45765.pdb
lmds,2cro,data/raw/decoy_cache/decoys_r_us/lmds/dd/multiple/lmds/doc/pdb_orig/2cro.pdb,data/raw/decoy_cache/decoys_r_us/lmds/dd/multiple/lmds/2cro/2cro.45766.pdb
lmds,2cro,data/raw/decoy_cache/decoys_r_us/lmds/dd/multiple/lmds/doc/pdb_orig/2cro.pdb,data/raw/decoy_cache/decoys_r_us/lmds/dd/multiple/lmds/2cro/2cro.45814.pdb
lmds,2cro,data/raw/decoy_cache/decoys_r_us/lmds/dd/multiple/lmds/doc/pdb_orig/2cro.pdb,data/raw/decoy_cache/decoys_r_us/lmds/dd/multiple/lmds/2cro/2cro.50032.pdb
lmds,2cro,data/raw/decoy_cache/decoys_r_us/lmds/dd/multiple/lmds/doc/pdb_orig/2cro.pdb,data/raw/decoy_cache/decoys_r_us/lmds/dd/multiple/lmds/2cro/2cro.50113.pdb
lmds,2cro,data/raw/decoy_cache/decoys_r_us/lmds/dd/multiple/lmds/doc/pdb_orig/2cro.pdb,data/raw/decoy_cache/decoys_r_us/lmds/dd/multiple/lmds/2cro/2cro.50118.pdb
lmds,2cro,data/raw/decoy_cache/decoys_r_us/lmds/dd/multiple/lmds/doc/pdb_orig/2cro.pdb,data/raw/decoy_cache/decoys_r_us/lmds/dd/multiple/lmds/2cro/2cro.5014.pdb
lmds,2cro,data/raw/decoy_cache/decoys_r_us/lmds/dd/multiple/lmds/doc/pdb_orig/2cro.pdb,data/raw/decoy_cache/decoys_r_us/lmds/dd/multiple/lmds/2cro/2cro.5015.pdb
lmds,2cro,data/raw/decoy_cache/decoys_r_us/lmds/dd/multiple/lmds/doc/pdb_orig/2cro.pdb,data/raw/decoy_cache/decoys_r_us/lmds/dd/multiple/lmds/2cro/2cro.50164.pdb
lmds,2cro,data/raw/decoy_cache/decoys_r_us/lmds/dd/multiple/lmds/doc/pdb_orig/2cro.pdb,data/raw/decoy_cache/decoys_r_us/lmds/dd/multiple/lmds/2cro/2cro.50198.pdb
lmds,2cro,data/raw/decoy_cache/decoys_r_us/lmds/dd/multiple/lmds/doc/pdb_orig/2cro.pdb,data/raw/decoy_cache/decoys_r_us/lmds/dd/multiple/lmds/2cro/2cro.50219.pdb
lmds,2cro,data/raw/decoy_cache/decoys_r_us/lmds/dd/multiple/lmds/doc/pdb_orig/2cro.pdb,data/raw/decoy_cache/decoys_r_us/lmds/dd/multiple/lmds/2cro/2cro.50231.pdb
lmds,2cro,data/raw/decoy_cache/decoys_r_us/lmds/dd/multiple/lmds/doc/pdb_orig/2cro.pdb,data/raw/decoy_cache/decoys_r_us/lmds/dd/multiple/lmds/2cro/2cro.50296.pdb
lmds,2cro,data/raw/decoy_cache/decoys_r_us/lmds/dd/multiple/lmds/doc/pdb_orig/2cro.pdb,data/raw/decoy_cache/decoys_r_us/lmds/dd/multiple/lmds/2cro/2cro.50313.pdb
lmds,2cro,data/raw/decoy_cache/decoys_r_us/lmds/dd/multiple/lmds/doc/pdb_orig/2cro.pdb,data/raw/decoy_cache/decoys_r_us/lmds/dd/multiple/lmds/2cro/2cro.50319.pdb
lmds,2cro,data/raw/decoy_cache/decoys_r_us/lmds/dd/multiple/lmds/doc/pdb_orig/2cro.pdb,data/raw/decoy_cache/decoys_r_us/lmds/dd/multiple/lmds/2cro/2cro.50329.pdb
lmds,2cro,data/raw/decoy_cache/decoys_r_us/lmds/dd/multiple/lmds/doc/pdb_orig/2cro.pdb,data/raw/decoy_cache/decoys_r_us/lmds/dd/multiple/lmds/2cro/2cro.50337.pdb
lmds,2cro,data/raw/decoy_cache/decoys_r_us/lmds/dd/multiple/lmds/doc/pdb_orig/2cro.pdb,data/raw/decoy_cache/decoys_r_us/lmds/dd/multiple/lmds/2cro/2cro.5035.pdb
lmds,2cro,data/raw/decoy_cache/decoys_r_us/lmds/dd/multiple/lmds/doc/pdb_orig/2cro.pdb,data/raw/decoy_cache/decoys_r_us/lmds/dd/multiple/lmds/2cro/2cro.50383.pdb
lmds,2cro,data/raw/decoy_cache/decoys_r_us/lmds/dd/multiple/lmds/doc/pdb_orig/2cro.pdb,data/raw/decoy_cache/decoys_r_us/lmds/dd/multiple/lmds/2cro/2cro.50393.pdb
lmds,2cro,data/raw/decoy_cache/decoys_r_us/lmds/dd/multiple/lmds/doc/pdb_orig/2cro.pdb,data/raw/decoy_cache/decoys_r_us/lmds/dd/multiple/lmds/2cro/2cro.50405.pdb
lmds,2cro,data/raw/decoy_cache/decoys_r_us/lmds/dd/multiple/lmds/doc/pdb_orig/2cro.pdb,data/raw/decoy_cache/decoys_r_us/lmds/dd/multiple/lmds/2cro/2cro.5045.pdb
lmds,2cro,data/raw/decoy_cache/decoys_r_us/lmds/dd/multiple/lmds/doc/pdb_orig/2cro.pdb,data/raw/decoy_cache/decoys_r_us/lmds/dd/multiple/lmds/2cro/2cro.50452.pdb
lmds,2cro,data/raw/decoy_cache/decoys_r_us/lmds/dd/multiple/lmds/doc/pdb_orig/2cro.pdb,data/raw/decoy_cache/decoys_r_us/lmds/dd/multiple/lmds/2cro/2cro.50472.pdb
lmds,2cro,data/raw/decoy_cache/decoys_r_us/lmds/dd/multiple/lmds/doc/pdb_orig/2cro.pdb,data/raw/decoy_cache/decoys_r_us/lmds/dd/multiple/lmds/2cro/2cro.50509.pdb
lmds,2cro,data/raw/decoy_cache/decoys_r_us/lmds/dd/multiple/lmds/doc/pdb_orig/2cro.pdb,data/raw/decoy_cache/decoys_r_us/lmds/dd/multiple/lmds/2cro/2cro.50516.pdb
lmds,2cro,data/raw/decoy_cache/decoys_r_us/lmds/dd/multiple/lmds/doc/pdb_orig/2cro.pdb,data/raw/decoy_cache/decoys_r_us/lmds/dd/multiple/lmds/2cro/2cro.50570.pdb
lmds,2cro,data/raw/decoy_cache/decoys_r_us/lmds/dd/multiple/lmds/doc/pdb_orig/2cro.pdb,data/raw/decoy_cache/decoys_r_us/lmds/dd/multiple/lmds/2cro/2cro.5060.pdb
lmds,2cro,data/raw/decoy_cache/decoys_r_us/lmds/dd/multiple/lmds/doc/pdb_orig/2cro.pdb,data/raw/decoy_cache/decoys_r_us/lmds/dd/multiple/lmds/2cro/2cro.50650.pdb
lmds,2cro,data/raw/decoy_cache/decoys_r_us/lmds/dd/multiple/lmds/doc/pdb_orig/2cro.pdb,data/raw/decoy_cache/decoys_r_us/lmds/dd/multiple/lmds/2cro/2cro.50692.pdb
lmds,2cro,data/raw/decoy_cache/decoys_r_us/lmds/dd/multiple/lmds/doc/pdb_orig/2cro.pdb,data/raw/decoy_cache/decoys_r_us/lmds/dd/multiple/lmds/2cro/2cro.50693.pdb
lmds,2cro,data/raw/decoy_cache/decoys_r_us/lmds/dd/multiple/lmds/doc/pdb_orig/2cro.pdb,data/raw/decoy_cache/decoys_r_us/lmds/dd/multiple/lmds/2cro/2cro.50723.pdb
lmds,2cro,data/raw/decoy_cache/decoys_r_us/lmds/dd/multiple/lmds/doc/pdb_orig/2cro.pdb,data/raw/decoy_cache/decoys_r_us/lmds/dd/multiple/lmds/2cro/2cro.50754.pdb
lmds,2cro,data/raw/decoy_cache/decoys_r_us/lmds/dd/multiple/lmds/doc/pdb_orig/2cro.pdb,data/raw/decoy_cache/decoys_r_us/lmds/dd/multiple/lmds/2cro/2cro.50758.pdb
lmds,2cro,data/raw/decoy_cache/decoys_r_us/lmds/dd/multiple/lmds/doc/pdb_orig/2cro.pdb,data/raw/decoy_cache/decoys_r_us/lmds/dd/multiple/lmds/2cro/2cro.50769.pdb
lmds,2cro,data/raw/decoy_cache/decoys_r_us/lmds/dd/multiple/lmds/doc/pdb_orig/2cro.pdb,data/raw/decoy_cache/decoys_r_us/lmds/dd/multiple/lmds/2cro/2cro.50822.pdb
lmds,2cro,data/raw/decoy_cache/decoys_r_us/lmds/dd/multiple/lmds/doc/pdb_orig/2cro.pdb,data/raw/decoy_cache/decoys_r_us/lmds/dd/multiple/lmds/2cro/2cro.5097.pdb
lmds,2cro,data/raw/decoy_cache/decoys_r_us/lmds/dd/multiple/lmds/doc/pdb_orig/2cro.pdb,data/raw/decoy_cache/decoys_r_us/lmds/dd/multiple/lmds/2cro/2cro.5102.pdb
lmds,2cro,data/raw/decoy_cache/decoys_r_us/lmds/dd/multiple/lmds/doc/pdb_orig/2cro.pdb,data/raw/decoy_cache/decoys_r_us/lmds/dd/multiple/lmds/2cro/2cro.5135.pdb
lmds,2cro,data/raw/decoy_cache/decoys_r_us/lmds/dd/multiple/lmds/doc/pdb_orig/2cro.pdb,data/raw/decoy_cache/decoys_r_us/lmds/dd/multiple/lmds/2cro/2cro.5143.pdb
lmds,2cro,data/raw/decoy_cache/decoys_r_us/lmds/dd/multiple/lmds/doc/pdb_orig/2cro.pdb,data/raw/decoy_cache/decoys_r_us/lmds/dd/multiple/lmds/2cro/2cro.5204.pdb
lmds,2cro,data/raw/decoy_cache/decoys_r_us/lmds/dd/multiple/lmds/doc/pdb_orig/2cro.pdb,data/raw/decoy_cache/decoys_r_us/lmds/dd/multiple/lmds/2cro/2cro.5218.pdb
lmds,2cro,data/raw/decoy_cache/decoys_r_us/lmds/dd/multiple/lmds/doc/pdb_orig/2cro.pdb,data/raw/decoy_cache/decoys_r_us/lmds/dd/multiple/lmds/2cro/2cro.5224.pdb
lmds,2cro,data/raw/decoy_cache/decoys_r_us/lmds/dd/multiple/lmds/doc/pdb_orig/2cro.pdb,data/raw/decoy_cache/decoys_r_us/lmds/dd/multiple/lmds/2cro/2cro.5227.pdb
lmds,2cro,data/raw/decoy_cache/decoys_r_us/lmds/dd/multiple/lmds/doc/pdb_orig/2cro.pdb,data/raw/decoy_cache/decoys_r_us/lmds/dd/multiple/lmds/2cro/2cro.5240.pdb
lmds,2cro,data/raw/decoy_cache/decoys_r_us/lmds/dd/multiple/lmds/doc/pdb_orig/2cro.pdb,data/raw/decoy_cache/decoys_r_us/lmds/dd/multiple/lmds/2cro/2cro.5270.pdb
lmds,2cro,data/raw/decoy_cache/decoys_r_us/lmds/dd/multiple/lmds/doc/pdb_orig/2cro.pdb,data/raw/decoy_cache/decoys_r_us/lmds/dd/multiple/lmds/2cro/2cro.5321.pdb
lmds,2cro,data/raw/decoy_cache/decoys_r_us/lmds/dd/multiple/lmds/doc/pdb_orig/2cro.pdb,data/raw/decoy_cache/decoys_r_us/lmds/dd/multiple/lmds/2cro/2cro.5332.pdb
lmds,2cro,data/raw/decoy_cache/decoys_r_us/lmds/dd/multiple/lmds/doc/pdb_orig/2cro.pdb,data/raw/decoy_cache/decoys_r_us/lmds/dd/multiple/lmds/2cro/2cro.5342.pdb
lmds,2cro,data/raw/decoy_cache/decoys_r_us/lmds/dd/multiple/lmds/doc/pdb_orig/2cro.pdb,data/raw/decoy_cache/decoys_r_us/lmds/dd/multiple/lmds/2cro/2cro.5377.pdb
lmds,2cro,data/raw/decoy_cache/decoys_r_us/lmds/dd/multiple/lmds/doc/pdb_orig/2cro.pdb,data/raw/decoy_cache/decoys_r_us/lmds/dd/multiple/lmds/2cro/2cro.5408.pdb
lmds,2cro,data/raw/decoy_cache/decoys_r_us/lmds/dd/multiple/lmds/doc/pdb_orig/2cro.pdb,data/raw/decoy_cache/decoys_r_us/lmds/dd/multiple/lmds/2cro/2cro.5425.pdb
lmds,2cro,data/raw/decoy_cache/decoys_r_us/lmds/dd/multiple/lmds/doc/pdb_orig/2cro.pdb,data/raw/decoy_cache/decoys_r_us/lmds/dd/multiple/lmds/2cro/2cro.5444.pdb
lmds,2cro,data/raw/decoy_cache/decoys_r_us/lmds/dd/multiple/lmds/doc/pdb_orig/2cro.pdb,data/raw/decoy_cache/decoys_r_us/lmds/dd/multiple/lmds/2cro/2cro.5450.pdb
lmds,2cro,data/raw/decoy_cache/decoys_r_us/lmds/dd/multiple/lmds/doc/pdb_orig/2cro.pdb,data/raw/decoy_cache/decoys_r_us/lmds/dd/multiple/lmds/2cro/2cro.5456.pdb
lmds,2cro,data/raw/decoy_cache/decoys_r_us/lmds/dd/multiple/lmds/doc/pdb_orig/2cro.pdb,data/raw/decoy_cache/decoys_r_us/lmds/dd/multiple/lmds/2cro/2cro.5470.pdb
lmds,2cro,data/raw/decoy_cache/decoys_r_us/lmds/dd/multiple/lmds/doc/pdb_orig/2cro.pdb,data/raw/decoy_cache/decoys_r_us/lmds/dd/multiple/lmds/2cro/2cro.55006.pdb
lmds,2cro,data/raw/decoy_cache/decoys_r_us/lmds/dd/multiple/lmds/doc/pdb_orig/2cro.pdb,data/raw/decoy_cache/decoys_r_us/lmds/dd/multiple/lmds/2cro/2cro.55009.pdb
lmds,2cro,data/raw/decoy_cache/decoys_r_us/lmds/dd/multiple/lmds/doc/pdb_orig/2cro.pdb,data/raw/decoy_cache/decoys_r_us/lmds/dd/multiple/lmds/2cro/2cro.55079.pdb
lmds,2cro,data/raw/decoy_cache/decoys_r_us/lmds/dd/multiple/lmds/doc/pdb_orig/2cro.pdb,data/raw/decoy_cache/decoys_r_us/lmds/dd/multiple/lmds/2cro/2cro.55083.pdb
lmds,2cro,data/raw/decoy_cache/decoys_r_us/lmds/dd/multiple/lmds/doc/pdb_orig/2cro.pdb,data/raw/decoy_cache/decoys_r_us/lmds/dd/multiple/lmds/2cro/2cro.55168.pdb
lmds,2cro,data/raw/decoy_cache/decoys_r_us/lmds/dd/multiple/lmds/doc/pdb_orig/2cro.pdb,data/raw/decoy_cache/decoys_r_us/lmds/dd/multiple/lmds/2cro/2cro.55185.pdb
lmds,2cro,data/raw/decoy_cache/decoys_r_us/lmds/dd/multiple/lmds/doc/pdb_orig/2cro.pdb,data/raw/decoy_cache/decoys_r_us/lmds/dd/multiple/lmds/2cro/2cro.55210.pdb
lmds,2cro,data/raw/decoy_cache/decoys_r_us/lmds/dd/multiple/lmds/doc/pdb_orig/2cro.pdb,data/raw/decoy_cache/decoys_r_us/lmds/dd/multiple/lmds/2cro/2cro.55219.pdb
lmds,2cro,data/raw/decoy_cache/decoys_r_us/lmds/dd/multiple/lmds/doc/pdb_orig/2cro.pdb,data/raw/decoy_cache/decoys_r_us/lmds/dd/multiple/lmds/2cro/2cro.5523.pdb
lmds,2cro,data/raw/decoy_cache/decoys_r_us/lmds/dd/multiple/lmds/doc/pdb_orig/2cro.pdb,data/raw/decoy_cache/decoys_r_us/lmds/dd/multiple/lmds/2cro/2cro.55232.pdb
lmds,2cro,data/raw/decoy_cache/decoys_r_us/lmds/dd/multiple/lmds/doc/pdb_orig/2cro.pdb,data/raw/decoy_cache/decoys_r_us/lmds/dd/multiple/lmds/2cro/2cro.55248.pdb
lmds,2cro,data/raw/decoy_cache/decoys_r_us/lmds/dd/multiple/lmds/doc/pdb_orig/2cro.pdb,data/raw/decoy_cache/decoys_r_us/lmds/dd/multiple/lmds/2cro/2cro.55281.pdb
lmds,2cro,data/raw/decoy_cache/decoys_r_us/lmds/dd/multiple/lmds/doc/pdb_orig/2cro.pdb,data/raw/decoy_cache/decoys_r_us/lmds/dd/multiple/lmds/2cro/2cro.5533.pdb
lmds,2cro,data/raw/decoy_cache/decoys_r_us/lmds/dd/multiple/lmds/doc/pdb_orig/2cro.pdb,data/raw/decoy_cache/decoys_r_us/lmds/dd/multiple/lmds/2cro/2cro.55332.pdb
lmds,2cro,data/raw/decoy_cache/decoys_r_us/lmds/dd/multiple/lmds/doc/pdb_orig/2cro.pdb,data/raw/decoy_cache/decoys_r_us/lmds/dd/multiple/lmds/2cro/2cro.55345.pdb
lmds,2cro,data/raw/decoy_cache/decoys_r_us/lmds/dd/multiple/lmds/doc/pdb_orig/2cro.pdb,data/raw/decoy_cache/decoys_r_us/lmds/dd/multiple/lmds/2cro/2cro.55348.pdb
lmds,2cro,data/raw/decoy_cache/decoys_r_us/lmds/dd/multiple/lmds/doc/pdb_orig/2cro.pdb,data/raw/decoy_cache/decoys_r_us/lmds/dd/multiple/lmds/2cro/2cro.55404.pdb
lmds,2cro,data/raw/decoy_cache/decoys_r_us/lmds/dd/multiple/lmds/doc/pdb_orig/2cro.pdb,data/raw/decoy_cache/decoys_r_us/lmds/dd/multiple/lmds/2cro/2cro.5542.pdb
lmds,2cro,data/raw/decoy_cache/decoys_r_us/lmds/dd/multiple/lmds/doc/pdb_orig/2cro.pdb,data/raw/decoy_cache/decoys_r_us/lmds/dd/multiple/lmds/2cro/2cro.55431.pdb
lmds,2cro,data/raw/decoy_cache/decoys_r_us/lmds/dd/multiple/lmds/doc/pdb_orig/2cro.pdb,data/raw/decoy_cache/decoys_r_us/lmds/dd/multiple/lmds/2cro/2cro.55440.pdb
lmds,2cro,data/raw/decoy_cache/decoys_r_us/lmds/dd/multiple/lmds/doc/pdb_orig/2cro.pdb,data/raw/decoy_cache/decoys_r_us/lmds/dd/multiple/lmds/2cro/2cro.55468.pdb
lmds,2cro,data/raw/decoy_cache/decoys_r_us/lmds/dd/multiple/lmds/doc/pdb_orig/2cro.pdb,data/raw/decoy_cache/decoys_r_us/lmds/dd/multiple/lmds/2cro/2cro.55485.pdb
lmds,2cro,data/raw/decoy_cache/decoys_r_us/lmds/dd/multiple/lmds/doc/pdb_orig/2cro.pdb,data/raw/decoy_cache/decoys_r_us/lmds/dd/multiple/lmds/2cro/2cro.55512.pdb
lmds,2cro,data/raw/decoy_cache/decoys_r_us/lmds/dd/multiple/lmds/doc/pdb_orig/2cro.pdb,data/raw/decoy_cache/decoys_r_us/lmds/dd/multiple/lmds/2cro/2cro.55541.pdb
lmds,2cro,data/raw/decoy_cache/decoys_r_us/lmds/dd/multiple/lmds/doc/pdb_orig/2cro.pdb,data/raw/decoy_cache/decoys_r_us/lmds/dd/multiple/lmds/2cro/2cro.55544.pdb
lmds,2cro,data/raw/decoy_cache/decoys_r_us/lmds/dd/multiple/lmds/doc/pdb_orig/2cro.pdb,data/raw/decoy_cache/decoys_r_us/lmds/dd/multiple/lmds/2cro/2cro.55549.pdb
lmds,2cro,data/raw/decoy_cache/decoys_r_us/lmds/dd/multiple/lmds/doc/pdb_orig/2cro.pdb,data/raw/decoy_cache/decoys_r_us/lmds/dd/multiple/lmds/2cro/2cro.55621.pdb
lmds,2cro,data/raw/decoy_cache/decoys_r_us/lmds/dd/multiple/lmds/doc/pdb_orig/2cro.pdb,data/raw/decoy_cache/decoys_r_us/lmds/dd/multiple/lmds/2cro/2cro.55625.pdb
lmds,2cro,data/raw/decoy_cache/decoys_r_us/lmds/dd/multiple/lmds/doc/pdb_orig/2cro.pdb,data/raw/decoy_cache/decoys_r_us/lmds/dd/multiple/lmds/2cro/2cro.55653.pdb
lmds,2cro,data/raw/decoy_cache/decoys_r_us/lmds/dd/multiple/lmds/doc/pdb_orig/2cro.pdb,data/raw/decoy_cache/decoys_r_us/lmds/dd/multiple/lmds/2cro/2cro.55686.pdb
lmds,2cro,data/raw/decoy_cache/decoys_r_us/lmds/dd/multiple/lmds/doc/pdb_orig/2cro.pdb,data/raw/decoy_cache/decoys_r_us/lmds/dd/multiple/lmds/2cro/2cro.55708.pdb
lmds,2cro,data/raw/decoy_cache/decoys_r_us/lmds/dd/multiple/lmds/doc/pdb_orig/2cro.pdb,data/raw/decoy_cache/decoys_r_us/lmds/dd/multiple/lmds/2cro/2cro.55781.pdb
lmds,2cro,data/raw/decoy_cache/decoys_r_us/lmds/dd/multiple/lmds/doc/pdb_orig/2cro.pdb,data/raw/decoy_cache/decoys_r_us/lmds/dd/multiple/lmds/2cro/2cro.55799.pdb
lmds,2cro,data/raw/decoy_cache/decoys_r_us/lmds/dd/multiple/lmds/doc/pdb_orig/2cro.pdb,data/raw/decoy_cache/decoys_r_us/lmds/dd/multiple/lmds/2cro/2cro.55815.pdb
lmds,2cro,data/raw/decoy_cache/decoys_r_us/lmds/dd/multiple/lmds/doc/pdb_orig/2cro.pdb,data/raw/decoy_cache/decoys_r_us/lmds/dd/multiple/lmds/2cro/2cro.5582.pdb
lmds,2cro,data/raw/decoy_cache/decoys_r_us/lmds/dd/multiple/lmds/doc/pdb_orig/2cro.pdb,data/raw/decoy_cache/decoys_r_us/lmds/dd/multiple/lmds/2cro/2cro.5617.pdb
lmds,2cro,data/raw/decoy_cache/decoys_r_us/lmds/dd/multiple/lmds/doc/pdb_orig/2cro.pdb,data/raw/decoy_cache/decoys_r_us/lmds/dd/multiple/lmds/2cro/2cro.5624.pdb
lmds,2cro,data/raw/decoy_cache/decoys_r_us/lmds/dd/multiple/lmds/doc/pdb_orig/2cro.pdb,data/raw/decoy_cache/decoys_r_us/lmds/dd/multiple/lmds/2cro/2cro.5626.pdb
lmds,2cro,data/raw/decoy_cache/decoys_r_us/lmds/dd/multiple/lmds/doc/pdb_orig/2cro.pdb,data/raw/decoy_cache/decoys_r_us/lmds/dd/multiple/lmds/2cro/2cro.5727.pdb
lmds,2cro,data/raw/decoy_cache/decoys_r_us/lmds/dd/multiple/lmds/doc/pdb_orig/2cro.pdb,data/raw/decoy_cache/decoys_r_us/lmds/dd/multiple/lmds/2cro/2cro.5733.pdb
lmds,2cro,data/raw/decoy_cache/decoys_r_us/lmds/dd/multiple/lmds/doc/pdb_orig/2cro.pdb,data/raw/decoy_cache/decoys_r_us/lmds/dd/multiple/lmds/2cro/2cro.5741.pdb
lmds,2cro,data/raw/decoy_cache/decoys_r_us/lmds/dd/multiple/lmds/doc/pdb_orig/2cro.pdb,data/raw/decoy_cache/decoys_r_us/lmds/dd/multiple/lmds/2cro/2cro.5809.pdb
lmds,2cro,data/raw/decoy_cache/decoys_r_us/lmds/dd/multiple/lmds/doc/pdb_orig/2cro.pdb,data/raw/decoy_cache/decoys_r_us/lmds/dd/multiple/lmds/2cro/2cro.5828.pdb
lmds,2cro,data/raw/decoy_cache/decoys_r_us/lmds/dd/multiple/lmds/doc/pdb_orig/2cro.pdb,data/raw/decoy_cache/decoys_r_us/lmds/dd/multiple/lmds/2cro/2cro.5857.pdb
lmds,2cro,data/raw/decoy_cache/decoys_r_us/lmds/dd/multiple/lmds/doc/pdb_orig/2cro.pdb,data/raw/decoy_cache/decoys_r_us/lmds/dd/multiple/lmds/2cro/2cro.60028.pdb
lmds,2cro,data/raw/decoy_cache/decoys_r_us/lmds/dd/multiple/lmds/doc/pdb_orig/2cro.pdb,data/raw/decoy_cache/decoys_r_us/lmds/dd/multiple/lmds/2cro/2cro.60068.pdb
lmds,2cro,data/raw/decoy_cache/decoys_r_us/lmds/dd/multiple/lmds/doc/pdb_orig/2cro.pdb,data/raw/decoy_cache/decoys_r_us/lmds/dd/multiple/lmds/2cro/2cro.60078.pdb
lmds,2cro,data/raw/decoy_cache/decoys_r_us/lmds/dd/multiple/lmds/doc/pdb_orig/2cro.pdb,data/raw/decoy_cache/decoys_r_us/lmds/dd/multiple/lmds/2cro/2cro.60095.pdb
lmds,2cro,data/raw/decoy_cache/decoys_r_us/lmds/dd/multiple/lmds/doc/pdb_orig/2cro.pdb,data/raw/decoy_cache/decoys_r_us/lmds/dd/multiple/lmds/2cro/2cro.60108.pdb
lmds,2cro,data/raw/decoy_cache/decoys_r_us/lmds/dd/multiple/lmds/doc/pdb_orig/2cro.pdb,data/raw/decoy_cache/decoys_r_us/lmds/dd/multiple/lmds/2cro/2cro.60141.pdb
lmds,2cro,data/raw/decoy_cache/decoys_r_us/lmds/dd/multiple/lmds/doc/pdb_orig/2cro.pdb,data/raw/decoy_cache/decoys_r_us/lmds/dd/multiple/lmds/2cro/2cro.60209.pdb
lmds,2cro,data/raw/decoy_cache/decoys_r_us/lmds/dd/multiple/lmds/doc/pdb_orig/2cro.pdb,data/raw/decoy_cache/decoys_r_us/lmds/dd/multiple/lmds/2cro/2cro.60277.pdb
lmds,2cro,data/raw/decoy_cache/decoys_r_us/lmds/dd/multiple/lmds/doc/pdb_orig/2cro.pdb,data/raw/decoy_cache/decoys_r_us/lmds/dd/multiple/lmds/2cro/2cro.60278.pdb
lmds,2cro,data/raw/decoy_cache/decoys_r_us/lmds/dd/multiple/lmds/doc/pdb_orig/2cro.pdb,data/raw/decoy_cache/decoys_r_us/lmds/dd/multiple/lmds/2cro/2cro.60298.pdb
lmds,2cro,data/raw/decoy_cache/decoys_r_us/lmds/dd/multiple/lmds/doc/pdb_orig/2cro.pdb,data/raw/decoy_cache/decoys_r_us/lmds/dd/multiple/lmds/2cro/2cro.60301.pdb
lmds,2cro,data/raw/decoy_cache/decoys_r_us/lmds/dd/multiple/lmds/doc/pdb_orig/2cro.pdb,data/raw/decoy_cache/decoys_r_us/lmds/dd/multiple/lmds/2cro/2cro.60305.pdb
lmds,2cro,data/raw/decoy_cache/decoys_r_us/lmds/dd/multiple/lmds/doc/pdb_orig/2cro.pdb,data/raw/decoy_cache/decoys_r_us/lmds/dd/multiple/lmds/2cro/2cro.60334.pdb
lmds,2cro,data/raw/decoy_cache/decoys_r_us/lmds/dd/multiple/lmds/doc/pdb_orig/2cro.pdb,data/raw/decoy_cache/decoys_r_us/lmds/dd/multiple/lmds/2cro/2cro.60336.pdb
lmds,2cro,data/raw/decoy_cache/decoys_r_us/lmds/dd/multiple/lmds/doc/pdb_orig/2cro.pdb,data/raw/decoy_cache/decoys_r_us/lmds/dd/multiple/lmds/2cro/2cro.60345.pdb
lmds,2cro,data/raw/decoy_cache/decoys_r_us/lmds/dd/multiple/lmds/doc/pdb_orig/2cro.pdb,data/raw/decoy_cache/decoys_r_us/lmds/dd/multiple/lmds/2cro/2cro.60351.pdb
lmds,2cro,data/raw/decoy_cache/decoys_r_us/lmds/dd/multiple/lmds/doc/pdb_orig/2cro.pdb,data/raw/decoy_cache/decoys_r_us/lmds/dd/multiple/lmds/2cro/2cro.60366.pdb
lmds,2cro,data/raw/decoy_cache/decoys_r_us/lmds/dd/multiple/lmds/doc/pdb_orig/2cro.pdb,data/raw/decoy_cache/decoys_r_us/lmds/dd/multiple/lmds/2cro/2cro.60444.pdb
lmds,2cro,data/raw/decoy_cache/decoys_r_us/lmds/dd/multiple/lmds/doc/pdb_orig/2cro.pdb,data/raw/decoy_cache/decoys_r_us/lmds/dd/multiple/lmds/2cro/2cro.60468.pdb
lmds,2cro,data/raw/decoy_cache/decoys_r_us/lmds/dd/multiple/lmds/doc/pdb_orig/2cro.pdb,data/raw/decoy_cache/decoys_r_us/lmds/dd/multiple/lmds/2cro/2cro.60489.pdb
lmds,2cro,data/raw/decoy_cache/decoys_r_us/lmds/dd/multiple/lmds/doc/pdb_orig/2cro.pdb,data/raw/decoy_cache/decoys_r_us/lmds/dd/multiple/lmds/2cro/2cro.60537.pdb
lmds,2cro,data/raw/decoy_cache/decoys_r_us/lmds/dd/multiple/lmds/doc/pdb_orig/2cro.pdb,data/raw/decoy_cache/decoys_r_us/lmds/dd/multiple/lmds/2cro/2cro.60573.pdb
lmds,2cro,data/raw/decoy_cache/decoys_r_us/lmds/dd/multiple/lmds/doc/pdb_orig/2cro.pdb,data/raw/decoy_cache/decoys_r_us/lmds/dd/multiple/lmds/2cro/2cro.60616.pdb
lmds,2cro,data/raw/decoy_cache/decoys_r_us/lmds/dd/multiple/lmds/doc/pdb_orig/2cro.pdb,data/raw/decoy_cache/decoys_r_us/lmds/dd/multiple/lmds/2cro/2cro.60619.pdb
lmds,2cro,data/raw/decoy_cache/decoys_r_us/lmds/dd/multiple/lmds/doc/pdb_orig/2cro.pdb,data/raw/decoy_cache/decoys_r_us/lmds/dd/multiple/lmds/2cro/2cro.60636.pdb
lmds,2cro,data/raw/decoy_cache/decoys_r_us/lmds/dd/multiple/lmds/doc/pdb_orig/2cro.pdb,data/raw/decoy_cache/decoys_r_us/lmds/dd/multiple/lmds/2cro/2cro.60640.pdb
lmds,2cro,data/raw/decoy_cache/decoys_r_us/lmds/dd/multiple/lmds/doc/pdb_orig/2cro.pdb,data/raw/decoy_cache/decoys_r_us/lmds/dd/multiple/lmds/2cro/2cro.60687.pdb
lmds,2cro,data/raw/decoy_cache/decoys_r_us/lmds/dd/multiple/lmds/doc/pdb_orig/2cro.pdb,data/raw/decoy_cache/decoys_r_us/lmds/dd/multiple/lmds/2cro/2cro.pdb
lmds,2ovo,data/raw/decoy_cache/decoys_r_us/lmds/dd/multiple/lmds/doc/pdb_orig/2ovo.pdb,data/raw/decoy_cache/decoys_r_us/lmds/dd/multiple/lmds/2ovo/2ovo.10019.pdb
lmds,2ovo,data/raw/decoy_cache/decoys_r_us/lmds/dd/multiple/lmds/doc/pdb_orig/2ovo.pdb,data/raw/decoy_cache/decoys_r_us/lmds/dd/multiple/lmds/2ovo/2ovo.10022.pdb
lmds,2ovo,data/raw/decoy_cache/decoys_r_us/lmds/dd/multiple/lmds/doc/pdb_orig/2ovo.pdb,data/raw/decoy_cache/decoys_r_us/lmds/dd/multiple/lmds/2ovo/2ovo.10079.pdb
lmds,2ovo,data/raw/decoy_cache/decoys_r_us/lmds/dd/multiple/lmds/doc/pdb_orig/2ovo.pdb,data/raw/decoy_cache/decoys_r_us/lmds/dd/multiple/lmds/2ovo/2ovo.10080.pdb
lmds,2ovo,data/raw/decoy_cache/decoys_r_us/lmds/dd/multiple/lmds/doc/pdb_orig/2ovo.pdb,data/raw/decoy_cache/decoys_r_us/lmds/dd/multiple/lmds/2ovo/2ovo.10106.pdb
lmds,2ovo,data/raw/decoy_cache/decoys_r_us/lmds/dd/multiple/lmds/doc/pdb_orig/2ovo.pdb,data/raw/decoy_cache/decoys_r_us/lmds/dd/multiple/lmds/2ovo/2ovo.10174.pdb
lmds,2ovo,data/raw/decoy_cache/decoys_r_us/lmds/dd/multiple/lmds/doc/pdb_orig/2ovo.pdb,data/raw/decoy_cache/decoys_r_us/lmds/dd/multiple/lmds/2ovo/2ovo.10183.pdb
lmds,2ovo,data/raw/decoy_cache/decoys_r_us/lmds/dd/multiple/lmds/doc/pdb_orig/2ovo.pdb,data/raw/decoy_cache/decoys_r_us/lmds/dd/multiple/lmds/2ovo/2ovo.10184.pdb
lmds,2ovo,data/raw/decoy_cache/decoys_r_us/lmds/dd/multiple/lmds/doc/pdb_orig/2ovo.pdb,data/raw/decoy_cache/decoys_r_us/lmds/dd/multiple/lmds/2ovo/2ovo.1020.pdb
lmds,2ovo,data/raw/decoy_cache/decoys_r_us/lmds/dd/multiple/lmds/doc/pdb_orig/2ovo.pdb,data/raw/decoy_cache/decoys_r_us/lmds/dd/multiple/lmds/2ovo/2ovo.10219.pdb
lmds,2ovo,data/raw/decoy_cache/decoys_r_us/lmds/dd/multiple/lmds/doc/pdb_orig/2ovo.pdb,data/raw/decoy_cache/decoys_r_us/lmds/dd/multiple/lmds/2ovo/2ovo.10311.pdb
lmds,2ovo,data/raw/decoy_cache/decoys_r_us/lmds/dd/multiple/lmds/doc/pdb_orig/2ovo.pdb,data/raw/decoy_cache/decoys_r_us/lmds/dd/multiple/lmds/2ovo/2ovo.10324.pdb
lmds,2ovo,data/raw/decoy_cache/decoys_r_us/lmds/dd/multiple/lmds/doc/pdb_orig/2ovo.pdb,data/raw/decoy_cache/decoys_r_us/lmds/dd/multiple/lmds/2ovo/2ovo.10345.pdb
lmds,2ovo,data/raw/decoy_cache/decoys_r_us/lmds/dd/multiple/lmds/doc/pdb_orig/2ovo.pdb,data/raw/decoy_cache/decoys_r_us/lmds/dd/multiple/lmds/2ovo/2ovo.10395.pdb
lmds,2ovo,data/raw/decoy_cache/decoys_r_us/lmds/dd/multiple/lmds/doc/pdb_orig/2ovo.pdb,data/raw/decoy_cache/decoys_r_us/lmds/dd/multiple/lmds/2ovo/2ovo.10414.pdb
lmds,2ovo,data/raw/decoy_cache/decoys_r_us/lmds/dd/multiple/lmds/doc/pdb_orig/2ovo.pdb,data/raw/decoy_cache/decoys_r_us/lmds/dd/multiple/lmds/2ovo/2ovo.10420.pdb
lmds,2ovo,data/raw/decoy_cache/decoys_r_us/lmds/dd/multiple/lmds/doc/pdb_orig/2ovo.pdb,data/raw/decoy_cache/decoys_r_us/lmds/dd/multiple/lmds/2ovo/2ovo.10456.pdb
lmds,2ovo,data/raw/decoy_cache/decoys_r_us/lmds/dd/multiple/lmds/doc/pdb_orig/2ovo.pdb,data/raw/decoy_cache/decoys_r_us/lmds/dd/multiple/lmds/2ovo/2ovo.10458.pdb
lmds,2ovo,data/raw/decoy_cache/decoys_r_us/lmds/dd/multiple/lmds/doc/pdb_orig/2ovo.pdb,data/raw/decoy_cache/decoys_r_us/lmds/dd/multiple/lmds/2ovo/2ovo.10460.pdb
lmds,2ovo,data/raw/decoy_cache/decoys_r_us/lmds/dd/multiple/lmds/doc/pdb_orig/2ovo.pdb,data/raw/decoy_cache/decoys_r_us/lmds/dd/multiple/lmds/2ovo/2ovo.10496.pdb
lmds,2ovo,data/raw/decoy_cache/decoys_r_us/lmds/dd/multiple/lmds/doc/pdb_orig/2ovo.pdb,data/raw/decoy_cache/decoys_r_us/lmds/dd/multiple/lmds/2ovo/2ovo.1051.pdb
lmds,2ovo,data/raw/decoy_cache/decoys_r_us/lmds/dd/multiple/lmds/doc/pdb_orig/2ovo.pdb,data/raw/decoy_cache/decoys_r_us/lmds/dd/multiple/lmds/2ovo/2ovo.10512.pdb
lmds,2ovo,data/raw/decoy_cache/decoys_r_us/lmds/dd/multiple/lmds/doc/pdb_orig/2ovo.pdb,data/raw/decoy_cache/decoys_r_us/lmds/dd/multiple/lmds/2ovo/2ovo.10546.pdb
lmds,2ovo,data/raw/decoy_cache/decoys_r_us/lmds/dd/multiple/lmds/doc/pdb_orig/2ovo.pdb,data/raw/decoy_cache/decoys_r_us/lmds/dd/multiple/lmds/2ovo/2ovo.10571.pdb
lmds,2ovo,data/raw/decoy_cache/decoys_r_us/lmds/dd/multiple/lmds/doc/pdb_orig/2ovo.pdb,data/raw/decoy_cache/decoys_r_us/lmds/dd/multiple/lmds/2ovo/2ovo.10613.pdb
lmds,2ovo,data/raw/decoy_cache/decoys_r_us/lmds/dd/multiple/lmds/doc/pdb_orig/2ovo.pdb,data/raw/decoy_cache/decoys_r_us/lmds/dd/multiple/lmds/2ovo/2ovo.10618.pdb
lmds,2ovo,data/raw/decoy_cache/decoys_r_us/lmds/dd/multiple/lmds/doc/pdb_orig/2ovo.pdb,data/raw/decoy_cache/decoys_r_us/lmds/dd/multiple/lmds/2ovo/2ovo.10641.pdb
lmds,2ovo,data/raw/decoy_cache/decoys_r_us/lmds/dd/multiple/lmds/doc/pdb_orig/2ovo.pdb,data/raw/decoy_cache/decoys_r_us/lmds/dd/multiple/lmds/2ovo/2ovo.10649.pdb
lmds,2ovo,data/raw/decoy_cache/decoys_r_us/lmds/dd/multiple/lmds/doc/pdb_orig/2ovo.pdb,data/raw/decoy_cache/decoys_r_us/lmds/dd/multiple/lmds/2ovo/2ovo.10703.pdb
lmds,2ovo,data/raw/decoy_cache/decoys_r_us/lmds/dd/multiple/lmds/doc/pdb_orig/2ovo.pdb,data/raw/decoy_cache/decoys_r_us/lmds/dd/multiple/lmds/2ovo/2ovo.10715.pdb
lmds,2ovo,data/raw/decoy_cache/decoys_r_us/lmds/dd/multiple/lmds/doc/pdb_orig/2ovo.pdb,data/raw/decoy_cache/decoys_r_us/lmds/dd/multiple/lmds/2ovo/2ovo.10722.pdb
lmds,2ovo,data/raw/decoy_cache/decoys_r_us/lmds/dd/multiple/lmds/doc/pdb_orig/2ovo.pdb,data/raw/decoy_cache/decoys_r_us/lmds/dd/multiple/lmds/2ovo/2ovo.10732.pdb
lmds,2ovo,data/raw/decoy_cache/decoys_r_us/lmds/dd/multiple/lmds/doc/pdb_orig/2ovo.pdb,data/raw/decoy_cache/decoys_r_us/lmds/dd/multiple/lmds/2ovo/2ovo.10738.pdb
lmds,2ovo,data/raw/decoy_cache/decoys_r_us/lmds/dd/multiple/lmds/doc/pdb_orig/2ovo.pdb,data/raw/decoy_cache/decoys_r_us/lmds/dd/multiple/lmds/2ovo/2ovo.10767.pdb
lmds,2ovo,data/raw/decoy_cache/decoys_r_us/lmds/dd/multiple/lmds/doc/pdb_orig/2ovo.pdb,data/raw/decoy_cache/decoys_r_us/lmds/dd/multiple/lmds/2ovo/2ovo.10783.pdb
lmds,2ovo,data/raw/decoy_cache/decoys_r_us/lmds/dd/multiple/lmds/doc/pdb_orig/2ovo.pdb,data/raw/decoy_cache/decoys_r_us/lmds/dd/multiple/lmds/2ovo/2ovo.10789.pdb
lmds,2ovo,data/raw/decoy_cache/decoys_r_us/lmds/dd/multiple/lmds/doc/pdb_orig/2ovo.pdb,data/raw/decoy_cache/decoys_r_us/lmds/dd/multiple/lmds/2ovo/2ovo.10824.pdb
lmds,2ovo,data/raw/decoy_cache/decoys_r_us/lmds/dd/multiple/lmds/doc/pdb_orig/2ovo.pdb,data/raw/decoy_cache/decoys_r_us/lmds/dd/multiple/lmds/2ovo/2ovo.10886.pdb
lmds,2ovo,data/raw/decoy_cache/decoys_r_us/lmds/dd/multiple/lmds/doc/pdb_orig/2ovo.pdb,data/raw/decoy_cache/decoys_r_us/lmds/dd/multiple/lmds/2ovo/2ovo.10912.pdb
lmds,2ovo,data/raw/decoy_cache/decoys_r_us/lmds/dd/multiple/lmds/doc/pdb_orig/2ovo.pdb,data/raw/decoy_cache/decoys_r_us/lmds/dd/multiple/lmds/2ovo/2ovo.1142.pdb
lmds,2ovo,data/raw/decoy_cache/decoys_r_us/lmds/dd/multiple/lmds/doc/pdb_orig/2ovo.pdb,data/raw/decoy_cache/decoys_r_us/lmds/dd/multiple/lmds/2ovo/2ovo.1191.pdb
lmds,2ovo,data/raw/decoy_cache/decoys_r_us/lmds/dd/multiple/lmds/doc/pdb_orig/2ovo.pdb,data/raw/decoy_cache/decoys_r_us/lmds/dd/multiple/lmds/2ovo/2ovo.1200.pdb
lmds,2ovo,data/raw/decoy_cache/decoys_r_us/lmds/dd/multiple/lmds/doc/pdb_orig/2ovo.pdb,data/raw/decoy_cache/decoys_r_us/lmds/dd/multiple/lmds/2ovo/2ovo.125.pdb
lmds,2ovo,data/raw/decoy_cache/decoys_r_us/lmds/dd/multiple/lmds/doc/pdb_orig/2ovo.pdb,data/raw/decoy_cache/decoys_r_us/lmds/dd/multiple/lmds/2ovo/2ovo.1250.pdb
lmds,2ovo,data/raw/decoy_cache/decoys_r_us/lmds/dd/multiple/lmds/doc/pdb_orig/2ovo.pdb,data/raw/decoy_cache/decoys_r_us/lmds/dd/multiple/lmds/2ovo/2ovo.1389.pdb
lmds,2ovo,data/raw/decoy_cache/decoys_r_us/lmds/dd/multiple/lmds/doc/pdb_orig/2ovo.pdb,data/raw/decoy_cache/decoys_r_us/lmds/dd/multiple/lmds/2ovo/2ovo.1406.pdb
lmds,2ovo,data/raw/decoy_cache/decoys_r_us/lmds/dd/multiple/lmds/doc/pdb_orig/2ovo.pdb,data/raw/decoy_cache/decoys_r_us/lmds/dd/multiple/lmds/2ovo/2ovo.1449.pdb
lmds,2ovo,data/raw/decoy_cache/decoys_r_us/lmds/dd/multiple/lmds/doc/pdb_orig/2ovo.pdb,data/raw/decoy_cache/decoys_r_us/lmds/dd/multiple/lmds/2ovo/2ovo.145.pdb
lmds,2ovo,data/raw/decoy_cache/decoys_r_us/lmds/dd/multiple/lmds/doc/pdb_orig/2ovo.pdb,data/raw/decoy_cache/decoys_r_us/lmds/dd/multiple/lmds/2ovo/2ovo.1454.pdb
lmds,2ovo,data/raw/decoy_cache/decoys_r_us/lmds/dd/multiple/lmds/doc/pdb_orig/2ovo.pdb,data/raw/decoy_cache/decoys_r_us/lmds/dd/multiple/lmds/2ovo/2ovo.147.pdb
lmds,2ovo,data/raw/decoy_cache/decoys_r_us/lmds/dd/multiple/lmds/doc/pdb_orig/2ovo.pdb,data/raw/decoy_cache/decoys_r_us/lmds/dd/multiple/lmds/2ovo/2ovo.1501.pdb
lmds,2ovo,data/raw/decoy_cache/decoys_r_us/lmds/dd/multiple/lmds/doc/pdb_orig/2ovo.pdb,data/raw/decoy_cache/decoys_r_us/lmds/dd/multiple/lmds/2ovo/2ovo.15064.pdb
lmds,2ovo,data/raw/decoy_cache/decoys_r_us/lmds/dd/multiple/lmds/doc/pdb_orig/2ovo.pdb,data/raw/decoy_cache/decoys_r_us/lmds/dd/multiple/lmds/2ovo/2ovo.15104.pdb
lmds,2ovo,data/raw/decoy_cache/decoys_r_us/lmds/dd/multiple/lmds/doc/pdb_orig/2ovo.pdb,data/raw/decoy_cache/decoys_r_us/lmds/dd/multiple/lmds/2ovo/2ovo.1512.pdb
lmds,2ovo,data/raw/decoy_cache/decoys_r_us/lmds/dd/multiple/lmds/doc/pdb_orig/2ovo.pdb,data/raw/decoy_cache/decoys_r_us/lmds/dd/multiple/lmds/2ovo/2ovo.15122.pdb
lmds,2ovo,data/raw/decoy_cache/decoys_r_us/lmds/dd/multiple/lmds/doc/pdb_orig/2ovo.pdb,data/raw/decoy_cache/decoys_r_us/lmds/dd/multiple/lmds/2ovo/2ovo.1515.pdb
lmds,2ovo,data/raw/decoy_cache/decoys_r_us/lmds/dd/multiple/lmds/doc/pdb_orig/2ovo.pdb,data/raw/decoy_cache/decoys_r_us/lmds/dd/multiple/lmds/2ovo/2ovo.15229.pdb
lmds,2ovo,data/raw/decoy_cache/decoys_r_us/lmds/dd/multiple/lmds/doc/pdb_orig/2ovo.pdb,data/raw/decoy_cache/decoys_r_us/lmds/dd/multiple/lmds/2ovo/2ovo.15240.pdb
lmds,2ovo,data/raw/decoy_cache/decoys_r_us/lmds/dd/multiple/lmds/doc/pdb_orig/2ovo.pdb,data/raw/decoy_cache/decoys_r_us/lmds/dd/multiple/lmds/2ovo/2ovo.15247.pdb
lmds,2ovo,data/raw/decoy_cache/decoys_r_us/lmds/dd/multiple/lmds/doc/pdb_orig/2ovo.pdb,data/raw/decoy_cache/decoys_r_us/lmds/dd/multiple/lmds/2ovo/2ovo.15256.pdb
lmds,2ovo,data/raw/decoy_cache/decoys_r_us/lmds/dd/multiple/lmds/doc/pdb_orig/2ovo.pdb,data/raw/decoy_cache/decoys_r_us/lmds/dd/multiple/lmds/2ovo/2ovo.15270.pdb
lmds,2ovo,data/raw/decoy_cache/decoys_r_us/lmds/dd/multiple/lmds/doc/pdb_orig/2ovo.pdb,data/raw/decoy_cache/decoys_r_us/lmds/dd/multiple/lmds/2ovo/2ovo.15336.pdb
lmds,2ovo,data/raw/decoy_cache/decoys_r_us/lmds/dd/multiple/lmds/doc/pdb_orig/2ovo.pdb,data/raw/decoy_cache/decoys_r_us/lmds/dd/multiple/lmds/2ovo/2ovo.15363.pdb
lmds,2ovo,data/raw/decoy_cache/decoys_r_us/lmds/dd/multiple/lmds/doc/pdb_orig/2ovo.pdb,data/raw/decoy_cache/decoys_r_us/lmds/dd/multiple/lmds/2ovo/2ovo.15366.pdb
lmds,2ovo,data/raw/decoy_cache/decoys_r_us/lmds/dd/multiple/lmds/doc/pdb_orig/2ovo.pdb,data/raw/decoy_cache/decoys_r_us/lmds/dd/multiple/lmds/2ovo/2ovo.15371.pdb
lmds,2ovo,data/raw/decoy_cache/decoys_r_us/lmds/dd/multiple/lmds/doc/pdb_orig/2ovo.pdb,data/raw/decoy_cache/decoys_r_us/lmds/dd/multiple/lmds/2ovo/2ovo.15433.pdb
lmds,2ovo,data/raw/decoy_cache/decoys_r_us/lmds/dd/multiple/lmds/doc/pdb_orig/2ovo.pdb,data/raw/decoy_cache/decoys_r_us/lmds/dd/multiple/lmds/2ovo/2ovo.15444.pdb
lmds,2ovo,data/raw/decoy_cache/decoys_r_us/lmds/dd/multiple/lmds/doc/pdb_orig/2ovo.pdb,data/raw/decoy_cache/decoys_r_us/lmds/dd/multiple/lmds/2ovo/2ovo.15449.pdb
lmds,2ovo,data/raw/decoy_cache/decoys_r_us/lmds/dd/multiple/lmds/doc/pdb_orig/2ovo.pdb,data/raw/decoy_cache/decoys_r_us/lmds/dd/multiple/lmds/2ovo/2ovo.15512.pdb
lmds,2ovo,data/raw/decoy_cache/decoys_r_us/lmds/dd/multiple/lmds/doc/pdb_orig/2ovo.pdb,data/raw/decoy_cache/decoys_r_us/lmds/dd/multiple/lmds/2ovo/2ovo.15533.pdb
lmds,2ovo,data/raw/decoy_cache/decoys_r_us/lmds/dd/multiple/lmds/doc/pdb_orig/2ovo.pdb,data/raw/decoy_cache/decoys_r_us/lmds/dd/multiple/lmds/2ovo/2ovo.15537.pdb
lmds,2ovo,data/raw/decoy_cache/decoys_r_us/lmds/dd/multiple/lmds/doc/pdb_orig/2ovo.pdb,data/raw/decoy_cache/decoys_r_us/lmds/dd/multiple/lmds/2ovo/2ovo.15538.pdb
lmds,2ovo,data/raw/decoy_cache/decoys_r_us/lmds/dd/multiple/lmds/doc/pdb_orig/2ovo.pdb,data/raw/decoy_cache/decoys_r_us/lmds/dd/multiple/lmds/2ovo/2ovo.15561.pdb
lmds,2ovo,data/raw/decoy_cache/decoys_r_us/lmds/dd/multiple/lmds/doc/pdb_orig/2ovo.pdb,data/raw/decoy_cache/decoys_r_us/lmds/dd/multiple/lmds/2ovo/2ovo.15573.pdb
lmds,2ovo,data/raw/decoy_cache/decoys_r_us/lmds/dd/multiple/lmds/doc/pdb_orig/2ovo.pdb,data/raw/decoy_cache/decoys_r_us/lmds/dd/multiple/lmds/2ovo/2ovo.15617.pdb
lmds,2ovo,data/raw/decoy_cache/decoys_r_us/lmds/dd/multiple/lmds/doc/pdb_orig/2ovo.pdb,data/raw/decoy_cache/decoys_r_us/lmds/dd/multiple/lmds/2ovo/2ovo.15637.pdb
lmds,2ovo,data/raw/decoy_cache/decoys_r_us/lmds/dd/multiple/lmds/doc/pdb_orig/2ovo.pdb,data/raw/decoy_cache/decoys_r_us/lmds/dd/multiple/lmds/2ovo/2ovo.15654.pdb
lmds,2ovo,data/raw/decoy_cache/decoys_r_us/lmds/dd/multiple/lmds/doc/pdb_orig/2ovo.pdb,data/raw/decoy_cache/decoys_r_us/lmds/dd/multiple/lmds/2ovo/2ovo.15658.pdb
lmds,2ovo,data/raw/decoy_cache/decoys_r_us/lmds/dd/multiple/lmds/doc/pdb_orig/2ovo.pdb,data/raw/decoy_cache/decoys_r_us/lmds/dd/multiple/lmds/2ovo/2ovo.15704.pdb
lmds,2ovo,data/raw/decoy_cache/decoys_r_us/lmds/dd/multiple/lmds/doc/pdb_orig/2ovo.pdb,data/raw/decoy_cache/decoys_r_us/lmds/dd/multiple/lmds/2ovo/2ovo.15719.pdb
lmds,2ovo,data/raw/decoy_cache/decoys_r_us/lmds/dd/multiple/lmds/doc/pdb_orig/2ovo.pdb,data/raw/decoy_cache/decoys_r_us/lmds/dd/multiple/lmds/2ovo/2ovo.1572.pdb
lmds,2ovo,data/raw/decoy_cache/decoys_r_us/lmds/dd/multiple/lmds/doc/pdb_orig/2ovo.pdb,data/raw/decoy_cache/decoys_r_us/lmds/dd/multiple/lmds/2ovo/2ovo.1573.pdb
lmds,2ovo,data/raw/decoy_cache/decoys_r_us/lmds/dd/multiple/lmds/doc/pdb_orig/2ovo.pdb,data/raw/decoy_cache/decoys_r_us/lmds/dd/multiple/lmds/2ovo/2ovo.15747.pdb
lmds,2ovo,data/raw/decoy_cache/decoys_r_us/lmds/dd/multiple/lmds/doc/pdb_orig/2ovo.pdb,data/raw/decoy_cache/decoys_r_us/lmds/dd/multiple/lmds/2ovo/2ovo.15769.pdb
lmds,2ovo,data/raw/decoy_cache/decoys_r_us/lmds/dd/multiple/lmds/doc/pdb_orig/2ovo.pdb,data/raw/decoy_cache/decoys_r_us/lmds/dd/multiple/lmds/2ovo/2ovo.15791.pdb
lmds,2ovo,data/raw/decoy_cache/decoys_r_us/lmds/dd/multiple/lmds/doc/pdb_orig/2ovo.pdb,data/raw/decoy_cache/decoys_r_us/lmds/dd/multiple/lmds/2ovo/2ovo.15828.pdb
lmds,2ovo,data/raw/decoy_cache/decoys_r_us/lmds/dd/multiple/lmds/doc/pdb_orig/2ovo.pdb,data/raw/decoy_cache/decoys_r_us/lmds/dd/multiple/lmds/2ovo/2ovo.1586.pdb
lmds,2ovo,data/raw/decoy_cache/decoys_r_us/lmds/dd/multiple/lmds/doc/pdb_orig/2ovo.pdb,data/raw/decoy_cache/decoys_r_us/lmds/dd/multiple/lmds/2ovo/2ovo.15899.pdb
lmds,2ovo,data/raw/decoy_cache/decoys_r_us/lmds/dd/multiple/lmds/doc/pdb_orig/2ovo.pdb,data/raw/decoy_cache/decoys_r_us/lmds/dd/multiple/lmds/2ovo/2ovo.15904.pdb
lmds,2ovo,data/raw/decoy_cache/decoys_r_us/lmds/dd/multiple/lmds/doc/pdb_orig/2ovo.pdb,data/raw/decoy_cache/decoys_r_us/lmds/dd/multiple/lmds/2ovo/2ovo.15919.pdb
lmds,2ovo,data/raw/decoy_cache/decoys_r_us/lmds/dd/multiple/lmds/doc/pdb_orig/2ovo.pdb,data/raw/decoy_cache/decoys_r_us/lmds/dd/multiple/lmds/2ovo/2ovo.15924.pdb
lmds,2ovo,data/raw/decoy_cache/decoys_r_us/lmds/dd/multiple/lmds/doc/pdb_orig/2ovo.pdb,data/raw/decoy_cache/decoys_r_us/lmds/dd/multiple/lmds/2ovo/2ovo.15965.pdb
lmds,2ovo,data/raw/decoy_cache/decoys_r_us/lmds/dd/multiple/lmds/doc/pdb_orig/2ovo.pdb,data/raw/decoy_cache/decoys_r_us/lmds/dd/multiple/lmds/2ovo/2ovo.16002.pdb
lmds,2ovo,data/raw/decoy_cache/decoys_r_us/lmds/dd/multiple/lmds/doc/pdb_orig/2ovo.pdb,data/raw/decoy_cache/decoys_r_us/lmds/dd/multiple/lmds/2ovo/2ovo.16015.pdb
lmds,2ovo,data/raw/decoy_cache/decoys_r_us/lmds/dd/multiple/lmds/doc/pdb_orig/2ovo.pdb,data/raw/decoy_cache/decoys_r_us/lmds/dd/multiple/lmds/2ovo/2ovo.16030.pdb
lmds,2ovo,data/raw/decoy_cache/decoys_r_us/lmds/dd/multiple/lmds/doc/pdb_orig/2ovo.pdb,data/raw/decoy_cache/decoys_r_us/lmds/dd/multiple/lmds/2ovo/2ovo.16052.pdb
lmds,2ovo,data/raw/decoy_cache/decoys_r_us/lmds/dd/multiple/lmds/doc/pdb_orig/2ovo.pdb,data/raw/decoy_cache/decoys_r_us/lmds/dd/multiple/lmds/2ovo/2ovo.16056.pdb
lmds,2ovo,data/raw/decoy_cache/decoys_r_us/lmds/dd/multiple/lmds/doc/pdb_orig/2ovo.pdb,data/raw/decoy_cache/decoys_r_us/lmds/dd/multiple/lmds/2ovo/2ovo.16109.pdb
lmds,2ovo,data/raw/decoy_cache/decoys_r_us/lmds/dd/multiple/lmds/doc/pdb_orig/2ovo.pdb,data/raw/decoy_cache/decoys_r_us/lmds/dd/multiple/lmds/2ovo/2ovo.16138.pdb
lmds,2ovo,data/raw/decoy_cache/decoys_r_us/lmds/dd/multiple/lmds/doc/pdb_orig/2ovo.pdb,data/raw/decoy_cache/decoys_r_us/lmds/dd/multiple/lmds/2ovo/2ovo.16148.pdb
lmds,2ovo,data/raw/decoy_cache/decoys_r_us/lmds/dd/multiple/lmds/doc/pdb_orig/2ovo.pdb,data/raw/decoy_cache/decoys_r_us/lmds/dd/multiple/lmds/2ovo/2ovo.16154.pdb
lmds,2ovo,data/raw/decoy_cache/decoys_r_us/lmds/dd/multiple/lmds/doc/pdb_orig/2ovo.pdb,data/raw/decoy_cache/decoys_r_us/lmds/dd/multiple/lmds/2ovo/2ovo.16164.pdb
lmds,2ovo,data/raw/decoy_cache/decoys_r_us/lmds/dd/multiple/lmds/doc/pdb_orig/2ovo.pdb,data/raw/decoy_cache/decoys_r_us/lmds/dd/multiple/lmds/2ovo/2ovo.16194.pdb
lmds,2ovo,data/raw/decoy_cache/decoys_r_us/lmds/dd/multiple/lmds/doc/pdb_orig/2ovo.pdb,data/raw/decoy_cache/decoys_r_us/lmds/dd/multiple/lmds/2ovo/2ovo.16196.pdb
lmds,2ovo,data/raw/decoy_cache/decoys_r_us/lmds/dd/multiple/lmds/doc/pdb_orig/2ovo.pdb,data/raw/decoy_cache/decoys_r_us/lmds/dd/multiple/lmds/2ovo/2ovo.16201.pdb
lmds,2ovo,data/raw/decoy_cache/decoys_r_us/lmds/dd/multiple/lmds/doc/pdb_orig/2ovo.pdb,data/raw/decoy_cache/decoys_r_us/lmds/dd/multiple/lmds/2ovo/2ovo.1622.pdb
lmds,2ovo,data/raw/decoy_cache/decoys_r_us/lmds/dd/multiple/lmds/doc/pdb_orig/2ovo.pdb,data/raw/decoy_cache/decoys_r_us/lmds/dd/multiple/lmds/2ovo/2ovo.16234.pdb
lmds,2ovo,data/raw/decoy_cache/decoys_r_us/lmds/dd/multiple/lmds/doc/pdb_orig/2ovo.pdb,data/raw/decoy_cache/decoys_r_us/lmds/dd/multiple/lmds/2ovo/2ovo.1624.pdb
lmds,2ovo,data/raw/decoy_cache/decoys_r_us/lmds/dd/multiple/lmds/doc/pdb_orig/2ovo.pdb,data/raw/decoy_cache/decoys_r_us/lmds/dd/multiple/lmds/2ovo/2ovo.16302.pdb
lmds,2ovo,data/raw/decoy_cache/decoys_r_us/lmds/dd/multiple/lmds/doc/pdb_orig/2ovo.pdb,data/raw/decoy_cache/decoys_r_us/lmds/dd/multiple/lmds/2ovo/2ovo.16327.pdb
lmds,2ovo,data/raw/decoy_cache/decoys_r_us/lmds/dd/multiple/lmds/doc/pdb_orig/2ovo.pdb,data/raw/decoy_cache/decoys_r_us/lmds/dd/multiple/lmds/2ovo/2ovo.16334.pdb
lmds,2ovo,data/raw/decoy_cache/decoys_r_us/lmds/dd/multiple/lmds/doc/pdb_orig/2ovo.pdb,data/raw/decoy_cache/decoys_r_us/lmds/dd/multiple/lmds/2ovo/2ovo.16391.pdb
lmds,2ovo,data/raw/decoy_cache/decoys_r_us/lmds/dd/multiple/lmds/doc/pdb_orig/2ovo.pdb,data/raw/decoy_cache/decoys_r_us/lmds/dd/multiple/lmds/2ovo/2ovo.16404.pdb
lmds,2ovo,data/raw/decoy_cache/decoys_r_us/lmds/dd/multiple/lmds/doc/pdb_orig/2ovo.pdb,data/raw/decoy_cache/decoys_r_us/lmds/dd/multiple/lmds/2ovo/2ovo.16406.pdb
lmds,2ovo,data/raw/decoy_cache/decoys_r_us/lmds/dd/multiple/lmds/doc/pdb_orig/2ovo.pdb,data/raw/decoy_cache/decoys_r_us/lmds/dd/multiple/lmds/2ovo/2ovo.16407.pdb
lmds,2ovo,data/raw/decoy_cache/decoys_r_us/lmds/dd/multiple/lmds/doc/pdb_orig/2ovo.pdb,data/raw/decoy_cache/decoys_r_us/lmds/dd/multiple/lmds/2ovo/2ovo.16408.pdb
lmds,2ovo,data/raw/decoy_cache/decoys_r_us/lmds/dd/multiple/lmds/doc/pdb_orig/2ovo.pdb,data/raw/decoy_cache/decoys_r_us/lmds/dd/multiple/lmds/2ovo/2ovo.16468.pdb
lmds,2ovo,data/raw/decoy_cache/decoys_r_us/lmds/dd/multiple/lmds/doc/pdb_orig/2ovo.pdb,data/raw/decoy_cache/decoys_r_us/lmds/dd/multiple/lmds/2ovo/2ovo.16474.pdb
lmds,2ovo,data/raw/decoy_cache/decoys_r_us/lmds/dd/multiple/lmds/doc/pdb_orig/2ovo.pdb,data/raw/decoy_cache/decoys_r_us/lmds/dd/multiple/lmds/2ovo/2ovo.16489.pdb
lmds,2ovo,data/raw/decoy_cache/decoys_r_us/lmds/dd/multiple/lmds/doc/pdb_orig/2ovo.pdb,data/raw/decoy_cache/decoys_r_us/lmds/dd/multiple/lmds/2ovo/2ovo.16501.pdb
lmds,2ovo,data/raw/decoy_cache/decoys_r_us/lmds/dd/multiple/lmds/doc/pdb_orig/2ovo.pdb,data/raw/decoy_cache/decoys_r_us/lmds/dd/multiple/lmds/2ovo/2ovo.16563.pdb
lmds,2ovo,data/raw/decoy_cache/decoys_r_us/lmds/dd/multiple/lmds/doc/pdb_orig/2ovo.pdb,data/raw/decoy_cache/decoys_r_us/lmds/dd/multiple/lmds/2ovo/2ovo.16575.pdb
lmds,2ovo,data/raw/decoy_cache/decoys_r_us/lmds/dd/multiple/lmds/doc/pdb_orig/2ovo.pdb,data/raw/decoy_cache/decoys_r_us/lmds/dd/multiple/lmds/2ovo/2ovo.16588.pdb
lmds,2ovo,data/raw/decoy_cache/decoys_r_us/lmds/dd/multiple/lmds/doc/pdb_orig/2ovo.pdb,data/raw/decoy_cache/decoys_r_us/lmds/dd/multiple/lmds/2ovo/2ovo.1695.pdb
lmds,2ovo,data/raw/decoy_cache/decoys_r_us/lmds/dd/multiple/lmds/doc/pdb_orig/2ovo.pdb,data/raw/decoy_cache/decoys_r_us/lmds/dd/multiple/lmds/2ovo/2ovo.1705.pdb
lmds,2ovo,data/raw/decoy_cache/decoys_r_us/lmds/dd/multiple/lmds/doc/pdb_orig/2ovo.pdb,data/raw/decoy_cache/decoys_r_us/lmds/dd/multiple/lmds/2ovo/2ovo.1722.pdb
lmds,2ovo,data/raw/decoy_cache/decoys_r_us/lmds/dd/multiple/lmds/doc/pdb_orig/2ovo.pdb,data/raw/decoy_cache/decoys_r_us/lmds/dd/multiple/lmds/2ovo/2ovo.1761.pdb
lmds,2ovo,data/raw/decoy_cache/decoys_r_us/lmds/dd/multiple/lmds/doc/pdb_orig/2ovo.pdb,data/raw/decoy_cache/decoys_r_us/lmds/dd/multiple/lmds/2ovo/2ovo.1767.pdb
lmds,2ovo,data/raw/decoy_cache/decoys_r_us/lmds/dd/multiple/lmds/doc/pdb_orig/2ovo.pdb,data/raw/decoy_cache/decoys_r_us/lmds/dd/multiple/lmds/2ovo/2ovo.1822.pdb
lmds,2ovo,data/raw/decoy_cache/decoys_r_us/lmds/dd/multiple/lmds/doc/pdb_orig/2ovo.pdb,data/raw/decoy_cache/decoys_r_us/lmds/dd/multiple/lmds/2ovo/2ovo.184.pdb
lmds,2ovo,data/raw/decoy_cache/decoys_r_us/lmds/dd/multiple/lmds/doc/pdb_orig/2ovo.pdb,data/raw/decoy_cache/decoys_r_us/lmds/dd/multiple/lmds/2ovo/2ovo.1894.pdb
lmds,2ovo,data/raw/decoy_cache/decoys_r_us/lmds/dd/multiple/lmds/doc/pdb_orig/2ovo.pdb,data/raw/decoy_cache/decoys_r_us/lmds/dd/multiple/lmds/2ovo/2ovo.1920.pdb
lmds,2ovo,data/raw/decoy_cache/decoys_r_us/lmds/dd/multiple/lmds/doc/pdb_orig/2ovo.pdb,data/raw/decoy_cache/decoys_r_us/lmds/dd/multiple/lmds/2ovo/2ovo.1932.pdb
lmds,2ovo,data/raw/decoy_cache/decoys_r_us/lmds/dd/multiple/lmds/doc/pdb_orig/2ovo.pdb,data/raw/decoy_cache/decoys_r_us/lmds/dd/multiple/lmds/2ovo/2ovo.1948.pdb
lmds,2ovo,data/raw/decoy_cache/decoys_r_us/lmds/dd/multiple/lmds/doc/pdb_orig/2ovo.pdb,data/raw/decoy_cache/decoys_r_us/lmds/dd/multiple/lmds/2ovo/2ovo.204.pdb
lmds,2ovo,data/raw/decoy_cache/decoys_r_us/lmds/dd/multiple/lmds/doc/pdb_orig/2ovo.pdb,data/raw/decoy_cache/decoys_r_us/lmds/dd/multiple/lmds/2ovo/2ovo.2060.pdb
lmds,2ovo,data/raw/decoy_cache/decoys_r_us/lmds/dd/multiple/lmds/doc/pdb_orig/2ovo.pdb,data/raw/decoy_cache/decoys_r_us/lmds/dd/multiple/lmds/2ovo/2ovo.21.pdb
lmds,2ovo,data/raw/decoy_cache/decoys_r_us/lmds/dd/multiple/lmds/doc/pdb_orig/2ovo.pdb,data/raw/decoy_cache/decoys_r_us/lmds/dd/multiple/lmds/2ovo/2ovo.213.pdb
lmds,2ovo,data/raw/decoy_cache/decoys_r_us/lmds/dd/multiple/lmds/doc/pdb_orig/2ovo.pdb,data/raw/decoy_cache/decoys_r_us/lmds/dd/multiple/lmds/2ovo/2ovo.2155.pdb
lmds,2ovo,data/raw/decoy_cache/decoys_r_us/lmds/dd/multiple/lmds/doc/pdb_orig/2ovo.pdb,data/raw/decoy_cache/decoys_r_us/lmds/dd/multiple/lmds/2ovo/2ovo.2167.pdb
lmds,2ovo,data/raw/decoy_cache/decoys_r_us/lmds/dd/multiple/lmds/doc/pdb_orig/2ovo.pdb,data/raw/decoy_cache/decoys_r_us/lmds/dd/multiple/lmds/2ovo/2ovo.2271.pdb
lmds,2ovo,data/raw/decoy_cache/decoys_r_us/lmds/dd/multiple/lmds/doc/pdb_orig/2ovo.pdb,data/raw/decoy_cache/decoys_r_us/lmds/dd/multiple/lmds/2ovo/2ovo.2293.pdb
lmds,2ovo,data/raw/decoy_cache/decoys_r_us/lmds/dd/multiple/lmds/doc/pdb_orig/2ovo.pdb,data/raw/decoy_cache/decoys_r_us/lmds/dd/multiple/lmds/2ovo/2ovo.232.pdb
lmds,2ovo,data/raw/decoy_cache/decoys_r_us/lmds/dd/multiple/lmds/doc/pdb_orig/2ovo.pdb,data/raw/decoy_cache/decoys_r_us/lmds/dd/multiple/lmds/2ovo/2ovo.2320.pdb
lmds,2ovo,data/raw/decoy_cache/decoys_r_us/lmds/dd/multiple/lmds/doc/pdb_orig/2ovo.pdb,data/raw/decoy_cache/decoys_r_us/lmds/dd/multiple/lmds/2ovo/2ovo.2425.pdb
lmds,2ovo,data/raw/decoy_cache/decoys_r_us/lmds/dd/multiple/lmds/doc/pdb_orig/2ovo.pdb,data/raw/decoy_cache/decoys_r_us/lmds/dd/multiple/lmds/2ovo/2ovo.2446.pdb
lmds,2ovo,data/raw/decoy_cache/decoys_r_us/lmds/dd/multiple/lmds/doc/pdb_orig/2ovo.pdb,data/raw/decoy_cache/decoys_r_us/lmds/dd/multiple/lmds/2ovo/2ovo.2455.pdb
lmds,2ovo,data/raw/decoy_cache/decoys_r_us/lmds/dd/multiple/lmds/doc/pdb_orig/2ovo.pdb,data/raw/decoy_cache/decoys_r_us/lmds/dd/multiple/lmds/2ovo/2ovo.2460.pdb
lmds,2ovo,data/raw/decoy_cache/decoys_r_us/lmds/dd/multiple/lmds/doc/pdb_orig/2ovo.pdb,data/raw/decoy_cache/decoys_r_us/lmds/dd/multiple/lmds/2ovo/2ovo.2524.pdb
lmds,2ovo,data/raw/decoy_cache/decoys_r_us/lmds/dd/multiple/lmds/doc/pdb_orig/2ovo.pdb,data/raw/decoy_cache/decoys_r_us/lmds/dd/multiple/lmds/2ovo/2ovo.2549.pdb
lmds,2ovo,data/raw/decoy_cache/decoys_r_us/lmds/dd/multiple/lmds/doc/pdb_orig/2ovo.pdb,data/raw/decoy_cache/decoys_r_us/lmds/dd/multiple/lmds/2ovo/2ovo.2575.pdb
lmds,2ovo,data/raw/decoy_cache/decoys_r_us/lmds/dd/multiple/lmds/doc/pdb_orig/2ovo.pdb,data/raw/decoy_cache/decoys_r_us/lmds/dd/multiple/lmds/2ovo/2ovo.2648.pdb
lmds,2ovo,data/raw/decoy_cache/decoys_r_us/lmds/dd/multiple/lmds/doc/pdb_orig/2ovo.pdb,data/raw/decoy_cache/decoys_r_us/lmds/dd/multiple/lmds/2ovo/2ovo.2671.pdb
lmds,2ovo,data/raw/decoy_cache/decoys_r_us/lmds/dd/multiple/lmds/doc/pdb_orig/2ovo.pdb,data/raw/decoy_cache/decoys_r_us/lmds/dd/multiple/lmds/2ovo/2ovo.2676.pdb
lmds,2ovo,data/raw/decoy_cache/decoys_r_us/lmds/dd/multiple/lmds/doc/pdb_orig/2ovo.pdb,data/raw/decoy_cache/decoys_r_us/lmds/dd/multiple/lmds/2ovo/2ovo.2683.pdb
lmds,2ovo,data/raw/decoy_cache/decoys_r_us/lmds/dd/multiple/lmds/doc/pdb_orig/2ovo.pdb,data/raw/decoy_cache/decoys_r_us/lmds/dd/multiple/lmds/2ovo/2ovo.2696.pdb
lmds,2ovo,data/raw/decoy_cache/decoys_r_us/lmds/dd/multiple/lmds/doc/pdb_orig/2ovo.pdb,data/raw/decoy_cache/decoys_r_us/lmds/dd/multiple/lmds/2ovo/2ovo.2702.pdb
lmds,2ovo,data/raw/decoy_cache/decoys_r_us/lmds/dd/multiple/lmds/doc/pdb_orig/2ovo.pdb,data/raw/decoy_cache/decoys_r_us/lmds/dd/multiple/lmds/2ovo/2ovo.2752.pdb
lmds,2ovo,data/raw/decoy_cache/decoys_r_us/lmds/dd/multiple/lmds/doc/pdb_orig/2ovo.pdb,data/raw/decoy_cache/decoys_r_us/lmds/dd/multiple/lmds/2ovo/2ovo.2769.pdb
lmds,2ovo,data/raw/decoy_cache/decoys_r_us/lmds/dd/multiple/lmds/doc/pdb_orig/2ovo.pdb,data/raw/decoy_cache/decoys_r_us/lmds/dd/multiple/lmds/2ovo/2ovo.2781.pdb
lmds,2ovo,data/raw/decoy_cache/decoys_r_us/lmds/dd/multiple/lmds/doc/pdb_orig/2ovo.pdb,data/raw/decoy_cache/decoys_r_us/lmds/dd/multiple/lmds/2ovo/2ovo.2785.pdb
lmds,2ovo,data/raw/decoy_cache/decoys_r_us/lmds/dd/multiple/lmds/doc/pdb_orig/2ovo.pdb,data/raw/decoy_cache/decoys_r_us/lmds/dd/multiple/lmds/2ovo/2ovo.2805.pdb
lmds,2ovo,data/raw/decoy_cache/decoys_r_us/lmds/dd/multiple/lmds/doc/pdb_orig/2ovo.pdb,data/raw/decoy_cache/decoys_r_us/lmds/dd/multiple/lmds/2ovo/2ovo.2843.pdb
lmds,2ovo,data/raw/decoy_cache/decoys_r_us/lmds/dd/multiple/lmds/doc/pdb_orig/2ovo.pdb,data/raw/decoy_cache/decoys_r_us/lmds/dd/multiple/lmds/2ovo/2ovo.2844.pdb
lmds,2ovo,data/raw/decoy_cache/decoys_r_us/lmds/dd/multiple/lmds/doc/pdb_orig/2ovo.pdb,data/raw/decoy_cache/decoys_r_us/lmds/dd/multiple/lmds/2ovo/2ovo.2848.pdb
lmds,2ovo,data/raw/decoy_cache/decoys_r_us/lmds/dd/multiple/lmds/doc/pdb_orig/2ovo.pdb,data/raw/decoy_cache/decoys_r_us/lmds/dd/multiple/lmds/2ovo/2ovo.2891.pdb
lmds,2ovo,data/raw/decoy_cache/decoys_r_us/lmds/dd/multiple/lmds/doc/pdb_orig/2ovo.pdb,data/raw/decoy_cache/decoys_r_us/lmds/dd/multiple/lmds/2ovo/2ovo.2957.pdb
lmds,2ovo,data/raw/decoy_cache/decoys_r_us/lmds/dd/multiple/lmds/doc/pdb_orig/2ovo.pdb,data/raw/decoy_cache/decoys_r_us/lmds/dd/multiple/lmds/2ovo/2ovo.2971.pdb
lmds,2ovo,data/raw/decoy_cache/decoys_r_us/lmds/dd/multiple/lmds/doc/pdb_orig/2ovo.pdb,data/raw/decoy_cache/decoys_r_us/lmds/dd/multiple/lmds/2ovo/2ovo.3002.pdb
lmds,2ovo,data/raw/decoy_cache/decoys_r_us/lmds/dd/multiple/lmds/doc/pdb_orig/2ovo.pdb,data/raw/decoy_cache/decoys_r_us/lmds/dd/multiple/lmds/2ovo/2ovo.3022.pdb
lmds,2ovo,data/raw/decoy_cache/decoys_r_us/lmds/dd/multiple/lmds/doc/pdb_orig/2ovo.pdb,data/raw/decoy_cache/decoys_r_us/lmds/dd/multiple/lmds/2ovo/2ovo.3040.pdb
lmds,2ovo,data/raw/decoy_cache/decoys_r_us/lmds/dd/multiple/lmds/doc/pdb_orig/2ovo.pdb,data/raw/decoy_cache/decoys_r_us/lmds/dd/multiple/lmds/2ovo/2ovo.3068.pdb
lmds,2ovo,data/raw/decoy_cache/decoys_r_us/lmds/dd/multiple/lmds/doc/pdb_orig/2ovo.pdb,data/raw/decoy_cache/decoys_r_us/lmds/dd/multiple/lmds/2ovo/2ovo.3122.pdb
lmds,2ovo,data/raw/decoy_cache/decoys_r_us/lmds/dd/multiple/lmds/doc/pdb_orig/2ovo.pdb,data/raw/decoy_cache/decoys_r_us/lmds/dd/multiple/lmds/2ovo/2ovo.3127.pdb
lmds,2ovo,data/raw/decoy_cache/decoys_r_us/lmds/dd/multiple/lmds/doc/pdb_orig/2ovo.pdb,data/raw/decoy_cache/decoys_r_us/lmds/dd/multiple/lmds/2ovo/2ovo.3130.pdb
lmds,2ovo,data/raw/decoy_cache/decoys_r_us/lmds/dd/multiple/lmds/doc/pdb_orig/2ovo.pdb,data/raw/decoy_cache/decoys_r_us/lmds/dd/multiple/lmds/2ovo/2ovo.3132.pdb
lmds,2ovo,data/raw/decoy_cache/decoys_r_us/lmds/dd/multiple/lmds/doc/pdb_orig/2ovo.pdb,data/raw/decoy_cache/decoys_r_us/lmds/dd/multiple/lmds/2ovo/2ovo.3186.pdb
lmds,2ovo,data/raw/decoy_cache/decoys_r_us/lmds/dd/multiple/lmds/doc/pdb_orig/2ovo.pdb,data/raw/decoy_cache/decoys_r_us/lmds/dd/multiple/lmds/2ovo/2ovo.3187.pdb
lmds,2ovo,data/raw/decoy_cache/decoys_r_us/lmds/dd/multiple/lmds/doc/pdb_orig/2ovo.pdb,data/raw/decoy_cache/decoys_r_us/lmds/dd/multiple/lmds/2ovo/2ovo.3230.pdb
lmds,2ovo,data/raw/decoy_cache/decoys_r_us/lmds/dd/multiple/lmds/doc/pdb_orig/2ovo.pdb,data/raw/decoy_cache/decoys_r_us/lmds/dd/multiple/lmds/2ovo/2ovo.3241.pdb
lmds,2ovo,data/raw/decoy_cache/decoys_r_us/lmds/dd/multiple/lmds/doc/pdb_orig/2ovo.pdb,data/raw/decoy_cache/decoys_r_us/lmds/dd/multiple/lmds/2ovo/2ovo.3287.pdb
lmds,2ovo,data/raw/decoy_cache/decoys_r_us/lmds/dd/multiple/lmds/doc/pdb_orig/2ovo.pdb,data/raw/decoy_cache/decoys_r_us/lmds/dd/multiple/lmds/2ovo/2ovo.3307.pdb
lmds,2ovo,data/raw/decoy_cache/decoys_r_us/lmds/dd/multiple/lmds/doc/pdb_orig/2ovo.pdb,data/raw/decoy_cache/decoys_r_us/lmds/dd/multiple/lmds/2ovo/2ovo.3369.pdb
lmds,2ovo,data/raw/decoy_cache/decoys_r_us/lmds/dd/multiple/lmds/doc/pdb_orig/2ovo.pdb,data/raw/decoy_cache/decoys_r_us/lmds/dd/multiple/lmds/2ovo/2ovo.3377.pdb
lmds,2ovo,data/raw/decoy_cache/decoys_r_us/lmds/dd/multiple/lmds/doc/pdb_orig/2ovo.pdb,data/raw/decoy_cache/decoys_r_us/lmds/dd/multiple/lmds/2ovo/2ovo.3385.pdb
lmds,2ovo,data/raw/decoy_cache/decoys_r_us/lmds/dd/multiple/lmds/doc/pdb_orig/2ovo.pdb,data/raw/decoy_cache/decoys_r_us/lmds/dd/multiple/lmds/2ovo/2ovo.3396.pdb
lmds,2ovo,data/raw/decoy_cache/decoys_r_us/lmds/dd/multiple/lmds/doc/pdb_orig/2ovo.pdb,data/raw/decoy_cache/decoys_r_us/lmds/dd/multiple/lmds/2ovo/2ovo.3401.pdb
lmds,2ovo,data/raw/decoy_cache/decoys_r_us/lmds/dd/multiple/lmds/doc/pdb_orig/2ovo.pdb,data/raw/decoy_cache/decoys_r_us/lmds/dd/multiple/lmds/2ovo/2ovo.3472.pdb
lmds,2ovo,data/raw/decoy_cache/decoys_r_us/lmds/dd/multiple/lmds/doc/pdb_orig/2ovo.pdb,data/raw/decoy_cache/decoys_r_us/lmds/dd/multiple/lmds/2ovo/2ovo.3481.pdb
lmds,2ovo,data/raw/decoy_cache/decoys_r_us/lmds/dd/multiple/lmds/doc/pdb_orig/2ovo.pdb,data/raw/decoy_cache/decoys_r_us/lmds/dd/multiple/lmds/2ovo/2ovo.3484.pdb
lmds,2ovo,data/raw/decoy_cache/decoys_r_us/lmds/dd/multiple/lmds/doc/pdb_orig/2ovo.pdb,data/raw/decoy_cache/decoys_r_us/lmds/dd/multiple/lmds/2ovo/2ovo.3541.pdb
lmds,2ovo,data/raw/decoy_cache/decoys_r_us/lmds/dd/multiple/lmds/doc/pdb_orig/2ovo.pdb,data/raw/decoy_cache/decoys_r_us/lmds/dd/multiple/lmds/2ovo/2ovo.3543.pdb
lmds,2ovo,data/raw/decoy_cache/decoys_r_us/lmds/dd/multiple/lmds/doc/pdb_orig/2ovo.pdb,data/raw/decoy_cache/decoys_r_us/lmds/dd/multiple/lmds/2ovo/2ovo.3578.pdb
lmds,2ovo,data/raw/decoy_cache/decoys_r_us/lmds/dd/multiple/lmds/doc/pdb_orig/2ovo.pdb,data/raw/decoy_cache/decoys_r_us/lmds/dd/multiple/lmds/2ovo/2ovo.3694.pdb
lmds,2ovo,data/raw/decoy_cache/decoys_r_us/lmds/dd/multiple/lmds/doc/pdb_orig/2ovo.pdb,data/raw/decoy_cache/decoys_r_us/lmds/dd/multiple/lmds/2ovo/2ovo.3746.pdb
lmds,2ovo,data/raw/decoy_cache/decoys_r_us/lmds/dd/multiple/lmds/doc/pdb_orig/2ovo.pdb,data/raw/decoy_cache/decoys_r_us/lmds/dd/multiple/lmds/2ovo/2ovo.3748.pdb
lmds,2ovo,data/raw/decoy_cache/decoys_r_us/lmds/dd/multiple/lmds/doc/pdb_orig/2ovo.pdb,data/raw/decoy_cache/decoys_r_us/lmds/dd/multiple/lmds/2ovo/2ovo.3790.pdb
lmds,2ovo,data/raw/decoy_cache/decoys_r_us/lmds/dd/multiple/lmds/doc/pdb_orig/2ovo.pdb,data/raw/decoy_cache/decoys_r_us/lmds/dd/multiple/lmds/2ovo/2ovo.3818.pdb
lmds,2ovo,data/raw/decoy_cache/decoys_r_us/lmds/dd/multiple/lmds/doc/pdb_orig/2ovo.pdb,data/raw/decoy_cache/decoys_r_us/lmds/dd/multiple/lmds/2ovo/2ovo.3825.pdb
lmds,2ovo,data/raw/decoy_cache/decoys_r_us/lmds/dd/multiple/lmds/doc/pdb_orig/2ovo.pdb,data/raw/decoy_cache/decoys_r_us/lmds/dd/multiple/lmds/2ovo/2ovo.3845.pdb
lmds,2ovo,data/raw/decoy_cache/decoys_r_us/lmds/dd/multiple/lmds/doc/pdb_orig/2ovo.pdb,data/raw/decoy_cache/decoys_r_us/lmds/dd/multiple/lmds/2ovo/2ovo.3848.pdb
lmds,2ovo,data/raw/decoy_cache/decoys_r_us/lmds/dd/multiple/lmds/doc/pdb_orig/2ovo.pdb,data/raw/decoy_cache/decoys_r_us/lmds/dd/multiple/lmds/2ovo/2ovo.3877.pdb
lmds,2ovo,data/raw/decoy_cache/decoys_r_us/lmds/dd/multiple/lmds/doc/pdb_orig/2ovo.pdb,data/raw/decoy_cache/decoys_r_us/lmds/dd/multiple/lmds/2ovo/2ovo.3880.pdb
lmds,2ovo,data/raw/decoy_cache/decoys_r_us/lmds/dd/multiple/lmds/doc/pdb_orig/2ovo.pdb,data/raw/decoy_cache/decoys_r_us/lmds/dd/multiple/lmds/2ovo/2ovo.3900.pdb
lmds,2ovo,data/raw/decoy_cache/decoys_r_us/lmds/dd/multiple/lmds/doc/pdb_orig/2ovo.pdb,data/raw/decoy_cache/decoys_r_us/lmds/dd/multiple/lmds/2ovo/2ovo.3983.pdb
lmds,2ovo,data/raw/decoy_cache/decoys_r_us/lmds/dd/multiple/lmds/doc/pdb_orig/2ovo.pdb,data/raw/decoy_cache/decoys_r_us/lmds/dd/multiple/lmds/2ovo/2ovo.3988.pdb
lmds,2ovo,data/raw/decoy_cache/decoys_r_us/lmds/dd/multiple/lmds/doc/pdb_orig/2ovo.pdb,data/raw/decoy_cache/decoys_r_us/lmds/dd/multiple/lmds/2ovo/2ovo.3989.pdb
lmds,2ovo,data/raw/decoy_cache/decoys_r_us/lmds/dd/multiple/lmds/doc/pdb_orig/2ovo.pdb,data/raw/decoy_cache/decoys_r_us/lmds/dd/multiple/lmds/2ovo/2ovo.3999.pdb
lmds,2ovo,data/raw/decoy_cache/decoys_r_us/lmds/dd/multiple/lmds/doc/pdb_orig/2ovo.pdb,data/raw/decoy_cache/decoys_r_us/lmds/dd/multiple/lmds/2ovo/2ovo.4019.pdb
lmds,2ovo,data/raw/decoy_cache/decoys_r_us/lmds/dd/multiple/lmds/doc/pdb_orig/2ovo.pdb,data/raw/decoy_cache/decoys_r_us/lmds/dd/multiple/lmds/2ovo/2ovo.4027.pdb
lmds,2ovo,data/raw/decoy_cache/decoys_r_us/lmds/dd/multiple/lmds/doc/pdb_orig/2ovo.pdb,data/raw/decoy_cache/decoys_r_us/lmds/dd/multiple/lmds/2ovo/2ovo.4039.pdb
lmds,2ovo,data/raw/decoy_cache/decoys_r_us/lmds/dd/multiple/lmds/doc/pdb_orig/2ovo.pdb,data/raw/decoy_cache/decoys_r_us/lmds/dd/multiple/lmds/2ovo/2ovo.4055.pdb
lmds,2ovo,data/raw/decoy_cache/decoys_r_us/lmds/dd/multiple/lmds/doc/pdb_orig/2ovo.pdb,data/raw/decoy_cache/decoys_r_us/lmds/dd/multiple/lmds/2ovo/2ovo.4075.pdb
lmds,2ovo,data/raw/decoy_cache/decoys_r_us/lmds/dd/multiple/lmds/doc/pdb_orig/2ovo.pdb,data/raw/decoy_cache/decoys_r_us/lmds/dd/multiple/lmds/2ovo/2ovo.4148.pdb
lmds,2ovo,data/raw/decoy_cache/decoys_r_us/lmds/dd/multiple/lmds/doc/pdb_orig/2ovo.pdb,data/raw/decoy_cache/decoys_r_us/lmds/dd/multiple/lmds/2ovo/2ovo.4164.pdb
lmds,2ovo,data/raw/decoy_cache/decoys_r_us/lmds/dd/multiple/lmds/doc/pdb_orig/2ovo.pdb,data/raw/decoy_cache/decoys_r_us/lmds/dd/multiple/lmds/2ovo/2ovo.4167.pdb
lmds,2ovo,data/raw/decoy_cache/decoys_r_us/lmds/dd/multiple/lmds/doc/pdb_orig/2ovo.pdb,data/raw/decoy_cache/decoys_r_us/lmds/dd/multiple/lmds/2ovo/2ovo.4200.pdb
lmds,2ovo,data/raw/decoy_cache/decoys_r_us/lmds/dd/multiple/lmds/doc/pdb_orig/2ovo.pdb,data/raw/decoy_cache/decoys_r_us/lmds/dd/multiple/lmds/2ovo/2ovo.425.pdb
lmds,2ovo,data/raw/decoy_cache/decoys_r_us/lmds/dd/multiple/lmds/doc/pdb_orig/2ovo.pdb,data/raw/decoy_cache/decoys_r_us/lmds/dd/multiple/lmds/2ovo/2ovo.4261.pdb
lmds,2ovo,data/raw/decoy_cache/decoys_r_us/lmds/dd/multiple/lmds/doc/pdb_orig/2ovo.pdb,data/raw/decoy_cache/decoys_r_us/lmds/dd/multiple/lmds/2ovo/2ovo.427.pdb
lmds,2ovo,data/raw/decoy_cache/decoys_r_us/lmds/dd/multiple/lmds/doc/pdb_orig/2ovo.pdb,data/raw/decoy_cache/decoys_r_us/lmds/dd/multiple/lmds/2ovo/2ovo.4309.pdb
lmds,2ovo,data/raw/decoy_cache/decoys_r_us/lmds/dd/multiple/lmds/doc/pdb_orig/2ovo.pdb,data/raw/decoy_cache/decoys_r_us/lmds/dd/multiple/lmds/2ovo/2ovo.4328.pdb
lmds,2ovo,data/raw/decoy_cache/decoys_r_us/lmds/dd/multiple/lmds/doc/pdb_orig/2ovo.pdb,data/raw/decoy_cache/decoys_r_us/lmds/dd/multiple/lmds/2ovo/2ovo.4357.pdb
lmds,2ovo,data/raw/decoy_cache/decoys_r_us/lmds/dd/multiple/lmds/doc/pdb_orig/2ovo.pdb,data/raw/decoy_cache/decoys_r_us/lmds/dd/multiple/lmds/2ovo/2ovo.436.pdb
lmds,2ovo,data/raw/decoy_cache/decoys_r_us/lmds/dd/multiple/lmds/doc/pdb_orig/2ovo.pdb,data/raw/decoy_cache/decoys_r_us/lmds/dd/multiple/lmds/2ovo/2ovo.4423.pdb
lmds,2ovo,data/raw/decoy_cache/decoys_r_us/lmds/dd/multiple/lmds/doc/pdb_orig/2ovo.pdb,data/raw/decoy_cache/decoys_r_us/lmds/dd/multiple/lmds/2ovo/2ovo.4428.pdb
lmds,2ovo,data/raw/decoy_cache/decoys_r_us/lmds/dd/multiple/lmds/doc/pdb_orig/2ovo.pdb,data/raw/decoy_cache/decoys_r_us/lmds/dd/multiple/lmds/2ovo/2ovo.4440.pdb
lmds,2ovo,data/raw/decoy_cache/decoys_r_us/lmds/dd/multiple/lmds/doc/pdb_orig/2ovo.pdb,data/raw/decoy_cache/decoys_r_us/lmds/dd/multiple/lmds/2ovo/2ovo.4458.pdb
lmds,2ovo,data/raw/decoy_cache/decoys_r_us/lmds/dd/multiple/lmds/doc/pdb_orig/2ovo.pdb,data/raw/decoy_cache/decoys_r_us/lmds/dd/multiple/lmds/2ovo/2ovo.4474.pdb
lmds,2ovo,data/raw/decoy_cache/decoys_r_us/lmds/dd/multiple/lmds/doc/pdb_orig/2ovo.pdb,data/raw/decoy_cache/decoys_r_us/lmds/dd/multiple/lmds/2ovo/2ovo.4493.pdb
lmds,2ovo,data/raw/decoy_cache/decoys_r_us/lmds/dd/multiple/lmds/doc/pdb_orig/2ovo.pdb,data/raw/decoy_cache/decoys_r_us/lmds/dd/multiple/lmds/2ovo/2ovo.4559.pdb
lmds,2ovo,data/raw/decoy_cache/decoys_r_us/lmds/dd/multiple/lmds/doc/pdb_orig/2ovo.pdb,data/raw/decoy_cache/decoys_r_us/lmds/dd/multiple/lmds/2ovo/2ovo.4620.pdb
lmds,2ovo,data/raw/decoy_cache/decoys_r_us/lmds/dd/multiple/lmds/doc/pdb_orig/2ovo.pdb,data/raw/decoy_cache/decoys_r_us/lmds/dd/multiple/lmds/2ovo/2ovo.4625.pdb
lmds,2ovo,data/raw/decoy_cache/decoys_r_us/lmds/dd/multiple/lmds/doc/pdb_orig/2ovo.pdb,data/raw/decoy_cache/decoys_r_us/lmds/dd/multiple/lmds/2ovo/2ovo.4638.pdb
lmds,2ovo,data/raw/decoy_cache/decoys_r_us/lmds/dd/multiple/lmds/doc/pdb_orig/2ovo.pdb,data/raw/decoy_cache/decoys_r_us/lmds/dd/multiple/lmds/2ovo/2ovo.4653.pdb
lmds,2ovo,data/raw/decoy_cache/decoys_r_us/lmds/dd/multiple/lmds/doc/pdb_orig/2ovo.pdb,data/raw/decoy_cache/decoys_r_us/lmds/dd/multiple/lmds/2ovo/2ovo.4656.pdb
lmds,2ovo,data/raw/decoy_cache/decoys_r_us/lmds/dd/multiple/lmds/doc/pdb_orig/2ovo.pdb,data/raw/decoy_cache/decoys_r_us/lmds/dd/multiple/lmds/2ovo/2ovo.4661.pdb
lmds,2ovo,data/raw/decoy_cache/decoys_r_us/lmds/dd/multiple/lmds/doc/pdb_orig/2ovo.pdb,data/raw/decoy_cache/decoys_r_us/lmds/dd/multiple/lmds/2ovo/2ovo.47.pdb
lmds,2ovo,data/raw/decoy_cache/decoys_r_us/lmds/dd/multiple/lmds/doc/pdb_orig/2ovo.pdb,data/raw/decoy_cache/decoys_r_us/lmds/dd/multiple/lmds/2ovo/2ovo.4702.pdb
lmds,2ovo,data/raw/decoy_cache/decoys_r_us/lmds/dd/multiple/lmds/doc/pdb_orig/2ovo.pdb,data/raw/decoy_cache/decoys_r_us/lmds/dd/multiple/lmds/2ovo/2ovo.481.pdb
lmds,2ovo,data/raw/decoy_cache/decoys_r_us/lmds/dd/multiple/lmds/doc/pdb_orig/2ovo.pdb,data/raw/decoy_cache/decoys_r_us/lmds/dd/multiple/lmds/2ovo/2ovo.4859.pdb
lmds,2ovo,data/raw/decoy_cache/decoys_r_us/lmds/dd/multiple/lmds/doc/pdb_orig/2ovo.pdb,data/raw/decoy_cache/decoys_r_us/lmds/dd/multiple/lmds/2ovo/2ovo.4868.pdb
lmds,2ovo,data/raw/decoy_cache/decoys_r_us/lmds/dd/multiple/lmds/doc/pdb_orig/2ovo.pdb,data/raw/decoy_cache/decoys_r_us/lmds/dd/multiple/lmds/2ovo/2ovo.487.pdb
lmds,2ovo,data/raw/decoy_cache/decoys_r_us/lmds/dd/multiple/lmds/doc/pdb_orig/2ovo.pdb,data/raw/decoy_cache/decoys_r_us/lmds/dd/multiple/lmds/2ovo/2ovo.4891.pdb
lmds,2ovo,data/raw/decoy_cache/decoys_r_us/lmds/dd/multiple/lmds/doc/pdb_orig/2ovo.pdb,data/raw/decoy_cache/decoys_r_us/lmds/dd/multiple/lmds/2ovo/2ovo.4892.pdb
lmds,2ovo,data/raw/decoy_cache/decoys_r_us/lmds/dd/multiple/lmds/doc/pdb_orig/2ovo.pdb,data/raw/decoy_cache/decoys_r_us/lmds/dd/multiple/lmds/2ovo/2ovo.4908.pdb
lmds,2ovo,data/raw/decoy_cache/decoys_r_us/lmds/dd/multiple/lmds/doc/pdb_orig/2ovo.pdb,data/raw/decoy_cache/decoys_r_us/lmds/dd/multiple/lmds/2ovo/2ovo.4991.pdb
lmds,2ovo,data/raw/decoy_cache/decoys_r_us/lmds/dd/multiple/lmds/doc/pdb_orig/2ovo.pdb,data/raw/decoy_cache/decoys_r_us/lmds/dd/multiple/lmds/2ovo/2ovo.4999.pdb
lmds,2ovo,data/raw/decoy_cache/decoys_r_us/lmds/dd/multiple/lmds/doc/pdb_orig/2ovo.pdb,data/raw/decoy_cache/decoys_r_us/lmds/dd/multiple/lmds/2ovo/2ovo.5054.pdb
lmds,2ovo,data/raw/decoy_cache/decoys_r_us/lmds/dd/multiple/lmds/doc/pdb_orig/2ovo.pdb,data/raw/decoy_cache/decoys_r_us/lmds/dd/multiple/lmds/2ovo/2ovo.5089.pdb
lmds,2ovo,data/raw/decoy_cache/decoys_r_us/lmds/dd/multiple/lmds/doc/pdb_orig/2ovo.pdb,data/raw/decoy_cache/decoys_r_us/lmds/dd/multiple/lmds/2ovo/2ovo.5094.pdb
lmds,2ovo,data/raw/decoy_cache/decoys_r_us/lmds/dd/multiple/lmds/doc/pdb_orig/2ovo.pdb,data/raw/decoy_cache/decoys_r_us/lmds/dd/multiple/lmds/2ovo/2ovo.5100.pdb
lmds,2ovo,data/raw/decoy_cache/decoys_r_us/lmds/dd/multiple/lmds/doc/pdb_orig/2ovo.pdb,data/raw/decoy_cache/decoys_r_us/lmds/dd/multiple/lmds/2ovo/2ovo.5102.pdb
lmds,2ovo,data/raw/decoy_cache/decoys_r_us/lmds/dd/multiple/lmds/doc/pdb_orig/2ovo.pdb,data/raw/decoy_cache/decoys_r_us/lmds/dd/multiple/lmds/2ovo/2ovo.5108.pdb
lmds,2ovo,data/raw/decoy_cache/decoys_r_us/lmds/dd/multiple/lmds/doc/pdb_orig/2ovo.pdb,data/raw/decoy_cache/decoys_r_us/lmds/dd/multiple/lmds/2ovo/2ovo.5117.pdb
lmds,2ovo,data/raw/decoy_cache/decoys_r_us/lmds/dd/multiple/lmds/doc/pdb_orig/2ovo.pdb,data/raw/decoy_cache/decoys_r_us/lmds/dd/multiple/lmds/2ovo/2ovo.518.pdb
lmds,2ovo,data/raw/decoy_cache/decoys_r_us/lmds/dd/multiple/lmds/doc/pdb_orig/2ovo.pdb,data/raw/decoy_cache/decoys_r_us/lmds/dd/multiple/lmds/2ovo/2ovo.5215.pdb
lmds,2ovo,data/raw/decoy_cache/decoys_r_us/lmds/dd/multiple/lmds/doc/pdb_orig/2ovo.pdb,data/raw/decoy_cache/decoys_r_us/lmds/dd/multiple/lmds/2ovo/2ovo.5232.pdb
lmds,2ovo,data/raw/decoy_cache/decoys_r_us/lmds/dd/multiple/lmds/doc/pdb_orig/2ovo.pdb,data/raw/decoy_cache/decoys_r_us/lmds/dd/multiple/lmds/2ovo/2ovo.5262.pdb
lmds,2ovo,data/raw/decoy_cache/decoys_r_us/lmds/dd/multiple/lmds/doc/pdb_orig/2ovo.pdb,data/raw/decoy_cache/decoys_r_us/lmds/dd/multiple/lmds/2ovo/2ovo.5304.pdb
lmds,2ovo,data/raw/decoy_cache/decoys_r_us/lmds/dd/multiple/lmds/doc/pdb_orig/2ovo.pdb,data/raw/decoy_cache/decoys_r_us/lmds/dd/multiple/lmds/2ovo/2ovo.531.pdb
lmds,2ovo,data/raw/decoy_cache/decoys_r_us/lmds/dd/multiple/lmds/doc/pdb_orig/2ovo.pdb,data/raw/decoy_cache/decoys_r_us/lmds/dd/multiple/lmds/2ovo/2ovo.5325.pdb
lmds,2ovo,data/raw/decoy_cache/decoys_r_us/lmds/dd/multiple/lmds/doc/pdb_orig/2ovo.pdb,data/raw/decoy_cache/decoys_r_us/lmds/dd/multiple/lmds/2ovo/2ovo.5327.pdb
lmds,2ovo,data/raw/decoy_cache/decoys_r_us/lmds/dd/multiple/lmds/doc/pdb_orig/2ovo.pdb,data/raw/decoy_cache/decoys_r_us/lmds/dd/multiple/lmds/2ovo/2ovo.5332.pdb
lmds,2ovo,data/raw/decoy_cache/decoys_r_us/lmds/dd/multiple/lmds/doc/pdb_orig/2ovo.pdb,data/raw/decoy_cache/decoys_r_us/lmds/dd/multiple/lmds/2ovo/2ovo.5383.pdb
lmds,2ovo,data/raw/decoy_cache/decoys_r_us/lmds/dd/multiple/lmds/doc/pdb_orig/2ovo.pdb,data/raw/decoy_cache/decoys_r_us/lmds/dd/multiple/lmds/2ovo/2ovo.5489.pdb
lmds,2ovo,data/raw/decoy_cache/decoys_r_us/lmds/dd/multiple/lmds/doc/pdb_orig/2ovo.pdb,data/raw/decoy_cache/decoys_r_us/lmds/dd/multiple/lmds/2ovo/2ovo.55.pdb
lmds,2ovo,data/raw/decoy_cache/decoys_r_us/lmds/dd/multiple/lmds/doc/pdb_orig/2ovo.pdb,data/raw/decoy_cache/decoys_r_us/lmds/dd/multiple/lmds/2ovo/2ovo.5533.pdb
lmds,2ovo,data/raw/decoy_cache/decoys_r_us/lmds/dd/multiple/lmds/doc/pdb_orig/2ovo.pdb,data/raw/decoy_cache/decoys_r_us/lmds/dd/multiple/lmds/2ovo/2ovo.5536.pdb
lmds,2ovo,data/raw/decoy_cache/decoys_r_us/lmds/dd/multiple/lmds/doc/pdb_orig/2ovo.pdb,data/raw/decoy_cache/decoys_r_us/lmds/dd/multiple/lmds/2ovo/2ovo.5588.pdb
lmds,2ovo,data/raw/decoy_cache/decoys_r_us/lmds/dd/multiple/lmds/doc/pdb_orig/2ovo.pdb,data/raw/decoy_cache/decoys_r_us/lmds/dd/multiple/lmds/2ovo/2ovo.5649.pdb
lmds,2ovo,data/raw/decoy_cache/decoys_r_us/lmds/dd/multiple/lmds/doc/pdb_orig/2ovo.pdb,data/raw/decoy_cache/decoys_r_us/lmds/dd/multiple/lmds/2ovo/2ovo.5656.pdb
lmds,2ovo,data/raw/decoy_cache/decoys_r_us/lmds/dd/multiple/lmds/doc/pdb_orig/2ovo.pdb,data/raw/decoy_cache/decoys_r_us/lmds/dd/multiple/lmds/2ovo/2ovo.566.pdb
lmds,2ovo,data/raw/decoy_cache/decoys_r_us/lmds/dd/multiple/lmds/doc/pdb_orig/2ovo.pdb,data/raw/decoy_cache/decoys_r_us/lmds/dd/multiple/lmds/2ovo/2ovo.5666.pdb
lmds,2ovo,data/raw/decoy_cache/decoys_r_us/lmds/dd/multiple/lmds/doc/pdb_orig/2ovo.pdb,data/raw/decoy_cache/decoys_r_us/lmds/dd/multiple/lmds/2ovo/2ovo.5676.pdb
lmds,2ovo,data/raw/decoy_cache/decoys_r_us/lmds/dd/multiple/lmds/doc/pdb_orig/2ovo.pdb,data/raw/decoy_cache/decoys_r_us/lmds/dd/multiple/lmds/2ovo/2ovo.5678.pdb
lmds,2ovo,data/raw/decoy_cache/decoys_r_us/lmds/dd/multiple/lmds/doc/pdb_orig/2ovo.pdb,data/raw/decoy_cache/decoys_r_us/lmds/dd/multiple/lmds/2ovo/2ovo.5702.pdb
lmds,2ovo,data/raw/decoy_cache/decoys_r_us/lmds/dd/multiple/lmds/doc/pdb_orig/2ovo.pdb,data/raw/decoy_cache/decoys_r_us/lmds/dd/multiple/lmds/2ovo/2ovo.572.pdb
lmds,2ovo,data/raw/decoy_cache/decoys_r_us/lmds/dd/multiple/lmds/doc/pdb_orig/2ovo.pdb,data/raw/decoy_cache/decoys_r_us/lmds/dd/multiple/lmds/2ovo/2ovo.5750.pdb
lmds,2ovo,data/raw/decoy_cache/decoys_r_us/lmds/dd/multiple/lmds/doc/pdb_orig/2ovo.pdb,data/raw/decoy_cache/decoys_r_us/lmds/dd/multiple/lmds/2ovo/2ovo.5772.pdb
lmds,2ovo,data/raw/decoy_cache/decoys_r_us/lmds/dd/multiple/lmds/doc/pdb_orig/2ovo.pdb,data/raw/decoy_cache/decoys_r_us/lmds/dd/multiple/lmds/2ovo/2ovo.5773.pdb
lmds,2ovo,data/raw/decoy_cache/decoys_r_us/lmds/dd/multiple/lmds/doc/pdb_orig/2ovo.pdb,data/raw/decoy_cache/decoys_r_us/lmds/dd/multiple/lmds/2ovo/2ovo.5802.pdb
lmds,2ovo,data/raw/decoy_cache/decoys_r_us/lmds/dd/multiple/lmds/doc/pdb_orig/2ovo.pdb,data/raw/decoy_cache/decoys_r_us/lmds/dd/multiple/lmds/2ovo/2ovo.5808.pdb
lmds,2ovo,data/raw/decoy_cache/decoys_r_us/lmds/dd/multiple/lmds/doc/pdb_orig/2ovo.pdb,data/raw/decoy_cache/decoys_r_us/lmds/dd/multiple/lmds/2ovo/2ovo.581.pdb
lmds,2ovo,data/raw/decoy_cache/decoys_r_us/lmds/dd/multiple/lmds/doc/pdb_orig/2ovo.pdb,data/raw/decoy_cache/decoys_r_us/lmds/dd/multiple/lmds/2ovo/2ovo.5823.pdb
lmds,2ovo,data/raw/decoy_cache/decoys_r_us/lmds/dd/multiple/lmds/doc/pdb_orig/2ovo.pdb,data/raw/decoy_cache/decoys_r_us/lmds/dd/multiple/lmds/2ovo/2ovo.5836.pdb
lmds,2ovo,data/raw/decoy_cache/decoys_r_us/lmds/dd/multiple/lmds/doc/pdb_orig/2ovo.pdb,data/raw/decoy_cache/decoys_r_us/lmds/dd/multiple/lmds/2ovo/2ovo.5846.pdb
lmds,2ovo,data/raw/decoy_cache/decoys_r_us/lmds/dd/multiple/lmds/doc/pdb_orig/2ovo.pdb,data/raw/decoy_cache/decoys_r_us/lmds/dd/multiple/lmds/2ovo/2ovo.589.pdb
lmds,2ovo,data/raw/decoy_cache/decoys_r_us/lmds/dd/multiple/lmds/doc/pdb_orig/2ovo.pdb,data/raw/decoy_cache/decoys_r_us/lmds/dd/multiple/lmds/2ovo/2ovo.5903.pdb
lmds,2ovo,data/raw/decoy_cache/decoys_r_us/lmds/dd/multiple/lmds/doc/pdb_orig/2ovo.pdb,data/raw/decoy_cache/decoys_r_us/lmds/dd/multiple/lmds/2ovo/2ovo.5906.pdb
lmds,2ovo,data/raw/decoy_cache/decoys_r_us/lmds/dd/multiple/lmds/doc/pdb_orig/2ovo.pdb,data/raw/decoy_cache/decoys_r_us/lmds/dd/multiple/lmds/2ovo/2ovo.5940.pdb
lmds,2ovo,data/raw/decoy_cache/decoys_r_us/lmds/dd/multiple/lmds/doc/pdb_orig/2ovo.pdb,data/raw/decoy_cache/decoys_r_us/lmds/dd/multiple/lmds/2ovo/2ovo.5944.pdb
lmds,2ovo,data/raw/decoy_cache/decoys_r_us/lmds/dd/multiple/lmds/doc/pdb_orig/2ovo.pdb,data/raw/decoy_cache/decoys_r_us/lmds/dd/multiple/lmds/2ovo/2ovo.596.pdb
lmds,2ovo,data/raw/decoy_cache/decoys_r_us/lmds/dd/multiple/lmds/doc/pdb_orig/2ovo.pdb,data/raw/decoy_cache/decoys_r_us/lmds/dd/multiple/lmds/2ovo/2ovo.5985.pdb
lmds,2ovo,data/raw/decoy_cache/decoys_r_us/lmds/dd/multiple/lmds/doc/pdb_orig/2ovo.pdb,data/raw/decoy_cache/decoys_r_us/lmds/dd/multiple/lmds/2ovo/2ovo.6065.pdb
lmds,2ovo,data/raw/decoy_cache/decoys_r_us/lmds/dd/multiple/lmds/doc/pdb_orig/2ovo.pdb,data/raw/decoy_cache/decoys_r_us/lmds/dd/multiple/lmds/2ovo/2ovo.6099.pdb
lmds,2ovo,data/raw/decoy_cache/decoys_r_us/lmds/dd/multiple/lmds/doc/pdb_orig/2ovo.pdb,data/raw/decoy_cache/decoys_r_us/lmds/dd/multiple/lmds/2ovo/2ovo.6113.pdb
lmds,2ovo,data/raw/decoy_cache/decoys_r_us/lmds/dd/multiple/lmds/doc/pdb_orig/2ovo.pdb,data/raw/decoy_cache/decoys_r_us/lmds/dd/multiple/lmds/2ovo/2ovo.6137.pdb
lmds,2ovo,data/raw/decoy_cache/decoys_r_us/lmds/dd/multiple/lmds/doc/pdb_orig/2ovo.pdb,data/raw/decoy_cache/decoys_r_us/lmds/dd/multiple/lmds/2ovo/2ovo.622.pdb
lmds,2ovo,data/raw/decoy_cache/decoys_r_us/lmds/dd/multiple/lmds/doc/pdb_orig/2ovo.pdb,data/raw/decoy_cache/decoys_r_us/lmds/dd/multiple/lmds/2ovo/2ovo.6250.pdb
lmds,2ovo,data/raw/decoy_cache/decoys_r_us/lmds/dd/multiple/lmds/doc/pdb_orig/2ovo.pdb,data/raw/decoy_cache/decoys_r_us/lmds/dd/multiple/lmds/2ovo/2ovo.6297.pdb
lmds,2ovo,data/raw/decoy_cache/decoys_r_us/lmds/dd/multiple/lmds/doc/pdb_orig/2ovo.pdb,data/raw/decoy_cache/decoys_r_us/lmds/dd/multiple/lmds/2ovo/2ovo.6337.pdb
lmds,2ovo,data/raw/decoy_cache/decoys_r_us/lmds/dd/multiple/lmds/doc/pdb_orig/2ovo.pdb,data/raw/decoy_cache/decoys_r_us/lmds/dd/multiple/lmds/2ovo/2ovo.6395.pdb
lmds,2ovo,data/raw/decoy_cache/decoys_r_us/lmds/dd/multiple/lmds/doc/pdb_orig/2ovo.pdb,data/raw/decoy_cache/decoys_r_us/lmds/dd/multiple/lmds/2ovo/2ovo.6416.pdb
lmds,2ovo,data/raw/decoy_cache/decoys_r_us/lmds/dd/multiple/lmds/doc/pdb_orig/2ovo.pdb,data/raw/decoy_cache/decoys_r_us/lmds/dd/multiple/lmds/2ovo/2ovo.6426.pdb
lmds,2ovo,data/raw/decoy_cache/decoys_r_us/lmds/dd/multiple/lmds/doc/pdb_orig/2ovo.pdb,data/raw/decoy_cache/decoys_r_us/lmds/dd/multiple/lmds/2ovo/2ovo.6484.pdb
lmds,2ovo,data/raw/decoy_cache/decoys_r_us/lmds/dd/multiple/lmds/doc/pdb_orig/2ovo.pdb,data/raw/decoy_cache/decoys_r_us/lmds/dd/multiple/lmds/2ovo/2ovo.6566.pdb
lmds,2ovo,data/raw/decoy_cache/decoys_r_us/lmds/dd/multiple/lmds/doc/pdb_orig/2ovo.pdb,data/raw/decoy_cache/decoys_r_us/lmds/dd/multiple/lmds/2ovo/2ovo.6594.pdb
lmds,2ovo,data/raw/decoy_cache/decoys_r_us/lmds/dd/multiple/lmds/doc/pdb_orig/2ovo.pdb,data/raw/decoy_cache/decoys_r_us/lmds/dd/multiple/lmds/2ovo/2ovo.6672.pdb
lmds,2ovo,data/raw/decoy_cache/decoys_r_us/lmds/dd/multiple/lmds/doc/pdb_orig/2ovo.pdb,data/raw/decoy_cache/decoys_r_us/lmds/dd/multiple/lmds/2ovo/2ovo.6683.pdb
lmds,2ovo,data/raw/decoy_cache/decoys_r_us/lmds/dd/multiple/lmds/doc/pdb_orig/2ovo.pdb,data/raw/decoy_cache/decoys_r_us/lmds/dd/multiple/lmds/2ovo/2ovo.6699.pdb
lmds,2ovo,data/raw/decoy_cache/decoys_r_us/lmds/dd/multiple/lmds/doc/pdb_orig/2ovo.pdb,data/raw/decoy_cache/decoys_r_us/lmds/dd/multiple/lmds/2ovo/2ovo.6704.pdb
lmds,2ovo,data/raw/decoy_cache/decoys_r_us/lmds/dd/multiple/lmds/doc/pdb_orig/2ovo.pdb,data/raw/decoy_cache/decoys_r_us/lmds/dd/multiple/lmds/2ovo/2ovo.6714.pdb
lmds,2ovo,data/raw/decoy_cache/decoys_r_us/lmds/dd/multiple/lmds/doc/pdb_orig/2ovo.pdb,data/raw/decoy_cache/decoys_r_us/lmds/dd/multiple/lmds/2ovo/2ovo.6770.pdb
lmds,2ovo,data/raw/decoy_cache/decoys_r_us/lmds/dd/multiple/lmds/doc/pdb_orig/2ovo.pdb,data/raw/decoy_cache/decoys_r_us/lmds/dd/multiple/lmds/2ovo/2ovo.6847.pdb
lmds,2ovo,data/raw/decoy_cache/decoys_r_us/lmds/dd/multiple/lmds/doc/pdb_orig/2ovo.pdb,data/raw/decoy_cache/decoys_r_us/lmds/dd/multiple/lmds/2ovo/2ovo.694.pdb
lmds,2ovo,data/raw/decoy_cache/decoys_r_us/lmds/dd/multiple/lmds/doc/pdb_orig/2ovo.pdb,data/raw/decoy_cache/decoys_r_us/lmds/dd/multiple/lmds/2ovo/2ovo.7007.pdb
lmds,2ovo,data/raw/decoy_cache/decoys_r_us/lmds/dd/multiple/lmds/doc/pdb_orig/2ovo.pdb,data/raw/decoy_cache/decoys_r_us/lmds/dd/multiple/lmds/2ovo/2ovo.7039.pdb
lmds,2ovo,data/raw/decoy_cache/decoys_r_us/lmds/dd/multiple/lmds/doc/pdb_orig/2ovo.pdb,data/raw/decoy_cache/decoys_r_us/lmds/dd/multiple/lmds/2ovo/2ovo.7093.pdb
lmds,2ovo,data/raw/decoy_cache/decoys_r_us/lmds/dd/multiple/lmds/doc/pdb_orig/2ovo.pdb,data/raw/decoy_cache/decoys_r_us/lmds/dd/multiple/lmds/2ovo/2ovo.7126.pdb
lmds,2ovo,data/raw/decoy_cache/decoys_r_us/lmds/dd/multiple/lmds/doc/pdb_orig/2ovo.pdb,data/raw/decoy_cache/decoys_r_us/lmds/dd/multiple/lmds/2ovo/2ovo.7127.pdb
lmds,2ovo,data/raw/decoy_cache/decoys_r_us/lmds/dd/multiple/lmds/doc/pdb_orig/2ovo.pdb,data/raw/decoy_cache/decoys_r_us/lmds/dd/multiple/lmds/2ovo/2ovo.7152.pdb
lmds,2ovo,data/raw/decoy_cache/decoys_r_us/lmds/dd/multiple/lmds/doc/pdb_orig/2ovo.pdb,data/raw/decoy_cache/decoys_r_us/lmds/dd/multiple/lmds/2ovo/2ovo.7166.pdb
lmds,2ovo,data/raw/decoy_cache/decoys_r_us/lmds/dd/multiple/lmds/doc/pdb_orig/2ovo.pdb,data/raw/decoy_cache/decoys_r_us/lmds/dd/multiple/lmds/2ovo/2ovo.7187.pdb
lmds,2ovo,data/raw/decoy_cache/decoys_r_us/lmds/dd/multiple/lmds/doc/pdb_orig/2ovo.pdb,data/raw/decoy_cache/decoys_r_us/lmds/dd/multiple/lmds/2ovo/2ovo.7226.pdb
lmds,2ovo,data/raw/decoy_cache/decoys_r_us/lmds/dd/multiple/lmds/doc/pdb_orig/2ovo.pdb,data/raw/decoy_cache/decoys_r_us/lmds/dd/multiple/lmds/2ovo/2ovo.725.pdb
lmds,2ovo,data/raw/decoy_cache/decoys_r_us/lmds/dd/multiple/lmds/doc/pdb_orig/2ovo.pdb,data/raw/decoy_cache/decoys_r_us/lmds/dd/multiple/lmds/2ovo/2ovo.7303.pdb
lmds,2ovo,data/raw/decoy_cache/decoys_r_us/lmds/dd/multiple/lmds/doc/pdb_orig/2ovo.pdb,data/raw/decoy_cache/decoys_r_us/lmds/dd/multiple/lmds/2ovo/2ovo.7331.pdb
lmds,2ovo,data/raw/decoy_cache/decoys_r_us/lmds/dd/multiple/lmds/doc/pdb_orig/2ovo.pdb,data/raw/decoy_cache/decoys_r_us/lmds/dd/multiple/lmds/2ovo/2ovo.7347.pdb
lmds,2ovo,data/raw/decoy_cache/decoys_r_us/lmds/dd/multiple/lmds/doc/pdb_orig/2ovo.pdb,data/raw/decoy_cache/decoys_r_us/lmds/dd/multiple/lmds/2ovo/2ovo.7374.pdb
lmds,2ovo,data/raw/decoy_cache/decoys_r_us/lmds/dd/multiple/lmds/doc/pdb_orig/2ovo.pdb,data/raw/decoy_cache/decoys_r_us/lmds/dd/multiple/lmds/2ovo/2ovo.7420.pdb
lmds,2ovo,data/raw/decoy_cache/decoys_r_us/lmds/dd/multiple/lmds/doc/pdb_orig/2ovo.pdb,data/raw/decoy_cache/decoys_r_us/lmds/dd/multiple/lmds/2ovo/2ovo.7441.pdb
lmds,2ovo,data/raw/decoy_cache/decoys_r_us/lmds/dd/multiple/lmds/doc/pdb_orig/2ovo.pdb,data/raw/decoy_cache/decoys_r_us/lmds/dd/multiple/lmds/2ovo/2ovo.7444.pdb
lmds,2ovo,data/raw/decoy_cache/decoys_r_us/lmds/dd/multiple/lmds/doc/pdb_orig/2ovo.pdb,data/raw/decoy_cache/decoys_r_us/lmds/dd/multiple/lmds/2ovo/2ovo.7458.pdb
lmds,2ovo,data/raw/decoy_cache/decoys_r_us/lmds/dd/multiple/lmds/doc/pdb_orig/2ovo.pdb,data/raw/decoy_cache/decoys_r_us/lmds/dd/multiple/lmds/2ovo/2ovo.7513.pdb
lmds,2ovo,data/raw/decoy_cache/decoys_r_us/lmds/dd/multiple/lmds/doc/pdb_orig/2ovo.pdb,data/raw/decoy_cache/decoys_r_us/lmds/dd/multiple/lmds/2ovo/2ovo.7540.pdb
lmds,2ovo,data/raw/decoy_cache/decoys_r_us/lmds/dd/multiple/lmds/doc/pdb_orig/2ovo.pdb,data/raw/decoy_cache/decoys_r_us/lmds/dd/multiple/lmds/2ovo/2ovo.77.pdb
lmds,2ovo,data/raw/decoy_cache/decoys_r_us/lmds/dd/multiple/lmds/doc/pdb_orig/2ovo.pdb,data/raw/decoy_cache/decoys_r_us/lmds/dd/multiple/lmds/2ovo/2ovo.816.pdb
lmds,2ovo,data/raw/decoy_cache/decoys_r_us/lmds/dd/multiple/lmds/doc/pdb_orig/2ovo.pdb,data/raw/decoy_cache/decoys_r_us/lmds/dd/multiple/lmds/2ovo/2ovo.837.pdb
lmds,2ovo,data/raw/decoy_cache/decoys_r_us/lmds/dd/multiple/lmds/doc/pdb_orig/2ovo.pdb,data/raw/decoy_cache/decoys_r_us/lmds/dd/multiple/lmds/2ovo/2ovo.850.pdb
lmds,2ovo,data/raw/decoy_cache/decoys_r_us/lmds/dd/multiple/lmds/doc/pdb_orig/2ovo.pdb,data/raw/decoy_cache/decoys_r_us/lmds/dd/multiple/lmds/2ovo/2ovo.869.pdb
lmds,2ovo,data/raw/decoy_cache/decoys_r_us/lmds/dd/multiple/lmds/doc/pdb_orig/2ovo.pdb,data/raw/decoy_cache/decoys_r_us/lmds/dd/multiple/lmds/2ovo/2ovo.870.pdb
lmds,2ovo,data/raw/decoy_cache/decoys_r_us/lmds/dd/multiple/lmds/doc/pdb_orig/2ovo.pdb,data/raw/decoy_cache/decoys_r_us/lmds/dd/multiple/lmds/2ovo/2ovo.878.pdb
lmds,2ovo,data/raw/decoy_cache/decoys_r_us/lmds/dd/multiple/lmds/doc/pdb_orig/2ovo.pdb,data/raw/decoy_cache/decoys_r_us/lmds/dd/multiple/lmds/2ovo/2ovo.937.pdb
lmds,2ovo,data/raw/decoy_cache/decoys_r_us/lmds/dd/multiple/lmds/doc/pdb_orig/2ovo.pdb,data/raw/decoy_cache/decoys_r_us/lmds/dd/multiple/lmds/2ovo/2ovo.975.pdb
lmds,2ovo,data/raw/decoy_cache/decoys_r_us/lmds/dd/multiple/lmds/doc/pdb_orig/2ovo.pdb,data/raw/decoy_cache/decoys_r_us/lmds/dd/multiple/lmds/2ovo/2ovo.984.pdb
lmds,2ovo,data/raw/decoy_cache/decoys_r_us/lmds/dd/multiple/lmds/doc/pdb_orig/2ovo.pdb,data/raw/decoy_cache/decoys_r_us/lmds/dd/multiple/lmds/2ovo/2ovo.997.pdb
lmds,2ovo,data/raw/decoy_cache/decoys_r_us/lmds/dd/multiple/lmds/doc/pdb_orig/2ovo.pdb,data/raw/decoy_cache/decoys_r_us/lmds/dd/multiple/lmds/2ovo/2ovo.pdb
lmds,4pti,data/raw/decoy_cache/decoys_r_us/lmds/dd/multiple/lmds/doc/pdb_orig/4pti.pdb,data/raw/decoy_cache/decoys_r_us/lmds/dd/multiple/lmds/4pti/4pti.10006.pdb
lmds,4pti,data/raw/decoy_cache/decoys_r_us/lmds/dd/multiple/lmds/doc/pdb_orig/4pti.pdb,data/raw/decoy_cache/decoys_r_us/lmds/dd/multiple/lmds/4pti/4pti.10045.pdb
lmds,4pti,data/raw/decoy_cache/decoys_r_us/lmds/dd/multiple/lmds/doc/pdb_orig/4pti.pdb,data/raw/decoy_cache/decoys_r_us/lmds/dd/multiple/lmds/4pti/4pti.10204.pdb
lmds,4pti,data/raw/decoy_cache/decoys_r_us/lmds/dd/multiple/lmds/doc/pdb_orig/4pti.pdb,data/raw/decoy_cache/decoys_r_us/lmds/dd/multiple/lmds/4pti/4pti.10242.pdb
lmds,4pti,data/raw/decoy_cache/decoys_r_us/lmds/dd/multiple/lmds/doc/pdb_orig/4pti.pdb,data/raw/decoy_cache/decoys_r_us/lmds/dd/multiple/lmds/4pti/4pti.10249.pdb
lmds,4pti,data/raw/decoy_cache/decoys_r_us/lmds/dd/multiple/lmds/doc/pdb_orig/4pti.pdb,data/raw/decoy_cache/decoys_r_us/lmds/dd/multiple/lmds/4pti/4pti.10303.pdb
lmds,4pti,data/raw/decoy_cache/decoys_r_us/lmds/dd/multiple/lmds/doc/pdb_orig/4pti.pdb,data/raw/decoy_cache/decoys_r_us/lmds/dd/multiple/lmds/4pti/4pti.10305.pdb
lmds,4pti,data/raw/decoy_cache/decoys_r_us/lmds/dd/multiple/lmds/doc/pdb_orig/4pti.pdb,data/raw/decoy_cache/decoys_r_us/lmds/dd/multiple/lmds/4pti/4pti.10306.pdb
lmds,4pti,data/raw/decoy_cache/decoys_r_us/lmds/dd/multiple/lmds/doc/pdb_orig/4pti.pdb,data/raw/decoy_cache/decoys_r_us/lmds/dd/multiple/lmds/4pti/4pti.10361.pdb
lmds,4pti,data/raw/decoy_cache/decoys_r_us/lmds/dd/multiple/lmds/doc/pdb_orig/4pti.pdb,data/raw/decoy_cache/decoys_r_us/lmds/dd/multiple/lmds/4pti/4pti.10405.pdb
lmds,4pti,data/raw/decoy_cache/decoys_r_us/lmds/dd/multiple/lmds/doc/pdb_orig/4pti.pdb,data/raw/decoy_cache/decoys_r_us/lmds/dd/multiple/lmds/4pti/4pti.10408.pdb
lmds,4pti,data/raw/decoy_cache/decoys_r_us/lmds/dd/multiple/lmds/doc/pdb_orig/4pti.pdb,data/raw/decoy_cache/decoys_r_us/lmds/dd/multiple/lmds/4pti/4pti.10432.pdb
lmds,4pti,data/raw/decoy_cache/decoys_r_us/lmds/dd/multiple/lmds/doc/pdb_orig/4pti.pdb,data/raw/decoy_cache/decoys_r_us/lmds/dd/multiple/lmds/4pti/4pti.10437.pdb
lmds,4pti,data/raw/decoy_cache/decoys_r_us/lmds/dd/multiple/lmds/doc/pdb_orig/4pti.pdb,data/raw/decoy_cache/decoys_r_us/lmds/dd/multiple/lmds/4pti/4pti.10589.pdb
lmds,4pti,data/raw/decoy_cache/decoys_r_us/lmds/dd/multiple/lmds/doc/pdb_orig/4pti.pdb,data/raw/decoy_cache/decoys_r_us/lmds/dd/multiple/lmds/4pti/4pti.10689.pdb
lmds,4pti,data/raw/decoy_cache/decoys_r_us/lmds/dd/multiple/lmds/doc/pdb_orig/4pti.pdb,data/raw/decoy_cache/decoys_r_us/lmds/dd/multiple/lmds/4pti/4pti.10697.pdb
lmds,4pti,data/raw/decoy_cache/decoys_r_us/lmds/dd/multiple/lmds/doc/pdb_orig/4pti.pdb,data/raw/decoy_cache/decoys_r_us/lmds/dd/multiple/lmds/4pti/4pti.10699.pdb
lmds,4pti,data/raw/decoy_cache/decoys_r_us/lmds/dd/multiple/lmds/doc/pdb_orig/4pti.pdb,data/raw/decoy_cache/decoys_r_us/lmds/dd/multiple/lmds/4pti/4pti.10709.pdb
lmds,4pti,data/raw/decoy_cache/decoys_r_us/lmds/dd/multiple/lmds/doc/pdb_orig/4pti.pdb,data/raw/decoy_cache/decoys_r_us/lmds/dd/multiple/lmds/4pti/4pti.10760.pdb
lmds,4pti,data/raw/decoy_cache/decoys_r_us/lmds/dd/multiple/lmds/doc/pdb_orig/4pti.pdb,data/raw/decoy_cache/decoys_r_us/lmds/dd/multiple/lmds/4pti/4pti.10775.pdb
lmds,4pti,data/raw/decoy_cache/decoys_r_us/lmds/dd/multiple/lmds/doc/pdb_orig/4pti.pdb,data/raw/decoy_cache/decoys_r_us/lmds/dd/multiple/lmds/4pti/4pti.10803.pdb
lmds,4pti,data/raw/decoy_cache/decoys_r_us/lmds/dd/multiple/lmds/doc/pdb_orig/4pti.pdb,data/raw/decoy_cache/decoys_r_us/lmds/dd/multiple/lmds/4pti/4pti.10808.pdb
lmds,4pti,data/raw/decoy_cache/decoys_r_us/lmds/dd/multiple/lmds/doc/pdb_orig/4pti.pdb,data/raw/decoy_cache/decoys_r_us/lmds/dd/multiple/lmds/4pti/4pti.10810.pdb
lmds,4pti,data/raw/decoy_cache/decoys_r_us/lmds/dd/multiple/lmds/doc/pdb_orig/4pti.pdb,data/raw/decoy_cache/decoys_r_us/lmds/dd/multiple/lmds/4pti/4pti.10815.pdb
lmds,4pti,data/raw/decoy_cache/decoys_r_us/lmds/dd/multiple/lmds/doc/pdb_orig/4pti.pdb,data/raw/decoy_cache/decoys_r_us/lmds/dd/multiple/lmds/4pti/4pti.10829.pdb
lmds,4pti,data/raw/decoy_cache/decoys_r_us/lmds/dd/multiple/lmds/doc/pdb_orig/4pti.pdb,data/raw/decoy_cache/decoys_r_us/lmds/dd/multiple/lmds/4pti/4pti.10839.pdb
lmds,4pti,data/raw/decoy_cache/decoys_r_us/lmds/dd/multiple/lmds/doc/pdb_orig/4pti.pdb,data/raw/decoy_cache/decoys_r_us/lmds/dd/multiple/lmds/4pti/4pti.10852.pdb
lmds,4pti,data/raw/decoy_cache/decoys_r_us/lmds/dd/multiple/lmds/doc/pdb_orig/4pti.pdb,data/raw/decoy_cache/decoys_r_us/lmds/dd/multiple/lmds/4pti/4pti.10909.pdb
lmds,4pti,data/raw/decoy_cache/decoys_r_us/lmds/dd/multiple/lmds/doc/pdb_orig/4pti.pdb,data/raw/decoy_cache/decoys_r_us/lmds/dd/multiple/lmds/4pti/4pti.10931.pdb
lmds,4pti,data/raw/decoy_cache/decoys_r_us/lmds/dd/multiple/lmds/doc/pdb_orig/4pti.pdb,data/raw/decoy_cache/decoys_r_us/lmds/dd/multiple/lmds/4pti/4pti.10997.pdb
lmds,4pti,data/raw/decoy_cache/decoys_r_us/lmds/dd/multiple/lmds/doc/pdb_orig/4pti.pdb,data/raw/decoy_cache/decoys_r_us/lmds/dd/multiple/lmds/4pti/4pti.11006.pdb
lmds,4pti,data/raw/decoy_cache/decoys_r_us/lmds/dd/multiple/lmds/doc/pdb_orig/4pti.pdb,data/raw/decoy_cache/decoys_r_us/lmds/dd/multiple/lmds/4pti/4pti.11078.pdb
lmds,4pti,data/raw/decoy_cache/decoys_r_us/lmds/dd/multiple/lmds/doc/pdb_orig/4pti.pdb,data/raw/decoy_cache/decoys_r_us/lmds/dd/multiple/lmds/4pti/4pti.11207.pdb
lmds,4pti,data/raw/decoy_cache/decoys_r_us/lmds/dd/multiple/lmds/doc/pdb_orig/4pti.pdb,data/raw/decoy_cache/decoys_r_us/lmds/dd/multiple/lmds/4pti/4pti.11220.pdb
lmds,4pti,data/raw/decoy_cache/decoys_r_us/lmds/dd/multiple/lmds/doc/pdb_orig/4pti.pdb,data/raw/decoy_cache/decoys_r_us/lmds/dd/multiple/lmds/4pti/4pti.11251.pdb
lmds,4pti,data/raw/decoy_cache/decoys_r_us/lmds/dd/multiple/lmds/doc/pdb_orig/4pti.pdb,data/raw/decoy_cache/decoys_r_us/lmds/dd/multiple/lmds/4pti/4pti.11252.pdb
lmds,4pti,data/raw/decoy_cache/decoys_r_us/lmds/dd/multiple/lmds/doc/pdb_orig/4pti.pdb,data/raw/decoy_cache/decoys_r_us/lmds/dd/multiple/lmds/4pti/4pti.20004.pdb
lmds,4pti,data/raw/decoy_cache/decoys_r_us/lmds/dd/multiple/lmds/doc/pdb_orig/4pti.pdb,data/raw/decoy_cache/decoys_r_us/lmds/dd/multiple/lmds/4pti/4pti.20019.pdb
lmds,4pti,data/raw/decoy_cache/decoys_r_us/lmds/dd/multiple/lmds/doc/pdb_orig/4pti.pdb,data/raw/decoy_cache/decoys_r_us/lmds/dd/multiple/lmds/4pti/4pti.20039.pdb
lmds,4pti,data/raw/decoy_cache/decoys_r_us/lmds/dd/multiple/lmds/doc/pdb_orig/4pti.pdb,data/raw/decoy_cache/decoys_r_us/lmds/dd/multiple/lmds/4pti/4pti.20056.pdb
lmds,4pti,data/raw/decoy_cache/decoys_r_us/lmds/dd/multiple/lmds/doc/pdb_orig/4pti.pdb,data/raw/decoy_cache/decoys_r_us/lmds/dd/multiple/lmds/4pti/4pti.20220.pdb
lmds,4pti,data/raw/decoy_cache/decoys_r_us/lmds/dd/multiple/lmds/doc/pdb_orig/4pti.pdb,data/raw/decoy_cache/decoys_r_us/lmds/dd/multiple/lmds/4pti/4pti.20225.pdb
lmds,4pti,data/raw/decoy_cache/decoys_r_us/lmds/dd/multiple/lmds/doc/pdb_orig/4pti.pdb,data/raw/decoy_cache/decoys_r_us/lmds/dd/multiple/lmds/4pti/4pti.20229.pdb
lmds,4pti,data/raw/decoy_cache/decoys_r_us/lmds/dd/multiple/lmds/doc/pdb_orig/4pti.pdb,data/raw/decoy_cache/decoys_r_us/lmds/dd/multiple/lmds/4pti/4pti.20262.pdb
lmds,4pti,data/raw/decoy_cache/decoys_r_us/lmds/dd/multiple/lmds/doc/pdb_orig/4pti.pdb,data/raw/decoy_cache/decoys_r_us/lmds/dd/multiple/lmds/4pti/4pti.20270.pdb
lmds,4pti,data/raw/decoy_cache/decoys_r_us/lmds/dd/multiple/lmds/doc/pdb_orig/4pti.pdb,data/raw/decoy_cache/decoys_r_us/lmds/dd/multiple/lmds/4pti/4pti.20288.pdb
lmds,4pti,data/raw/decoy_cache/decoys_r_us/lmds/dd/multiple/lmds/doc/pdb_orig/4pti.pdb,data/raw/decoy_cache/decoys_r_us/lmds/dd/multiple/lmds/4pti/4pti.20332.pdb
lmds,4pti,data/raw/decoy_cache/decoys_r_us/lmds/dd/multiple/lmds/doc/pdb_orig/4pti.pdb,data/raw/decoy_cache/decoys_r_us/lmds/dd/multiple/lmds/4pti/4pti.20335.pdb
lmds,4pti,data/raw/decoy_cache/decoys_r_us/lmds/dd/multiple/lmds/doc/pdb_orig/4pti.pdb,data/raw/decoy_cache/decoys_r_us/lmds/dd/multiple/lmds/4pti/4pti.20465.pdb
lmds,4pti,data/raw/decoy_cache/decoys_r_us/lmds/dd/multiple/lmds/doc/pdb_orig/4pti.pdb,data/raw/decoy_cache/decoys_r_us/lmds/dd/multiple/lmds/4pti/4pti.20472.pdb
lmds,4pti,data/raw/decoy_cache/decoys_r_us/lmds/dd/multiple/lmds/doc/pdb_orig/4pti.pdb,data/raw/decoy_cache/decoys_r_us/lmds/dd/multiple/lmds/4pti/4pti.20507.pdb
lmds,4pti,data/raw/decoy_cache/decoys_r_us/lmds/dd/multiple/lmds/doc/pdb_orig/4pti.pdb,data/raw/decoy_cache/decoys_r_us/lmds/dd/multiple/lmds/4pti/4pti.20555.pdb
lmds,4pti,data/raw/decoy_cache/decoys_r_us/lmds/dd/multiple/lmds/doc/pdb_orig/4pti.pdb,data/raw/decoy_cache/decoys_r_us/lmds/dd/multiple/lmds/4pti/4pti.20564.pdb
lmds,4pti,data/raw/decoy_cache/decoys_r_us/lmds/dd/multiple/lmds/doc/pdb_orig/4pti.pdb,data/raw/decoy_cache/decoys_r_us/lmds/dd/multiple/lmds/4pti/4pti.20583.pdb
lmds,4pti,data/raw/decoy_cache/decoys_r_us/lmds/dd/multiple/lmds/doc/pdb_orig/4pti.pdb,data/raw/decoy_cache/decoys_r_us/lmds/dd/multiple/lmds/4pti/4pti.20589.pdb
lmds,4pti,data/raw/decoy_cache/decoys_r_us/lmds/dd/multiple/lmds/doc/pdb_orig/4pti.pdb,data/raw/decoy_cache/decoys_r_us/lmds/dd/multiple/lmds/4pti/4pti.20602.pdb
lmds,4pti,data/raw/decoy_cache/decoys_r_us/lmds/dd/multiple/lmds/doc/pdb_orig/4pti.pdb,data/raw/decoy_cache/decoys_r_us/lmds/dd/multiple/lmds/4pti/4pti.20639.pdb
lmds,4pti,data/raw/decoy_cache/decoys_r_us/lmds/dd/multiple/lmds/doc/pdb_orig/4pti.pdb,data/raw/decoy_cache/decoys_r_us/lmds/dd/multiple/lmds/4pti/4pti.20670.pdb
lmds,4pti,data/raw/decoy_cache/decoys_r_us/lmds/dd/multiple/lmds/doc/pdb_orig/4pti.pdb,data/raw/decoy_cache/decoys_r_us/lmds/dd/multiple/lmds/4pti/4pti.20675.pdb
lmds,4pti,data/raw/decoy_cache/decoys_r_us/lmds/dd/multiple/lmds/doc/pdb_orig/4pti.pdb,data/raw/decoy_cache/decoys_r_us/lmds/dd/multiple/lmds/4pti/4pti.20749.pdb
lmds,4pti,data/raw/decoy_cache/decoys_r_us/lmds/dd/multiple/lmds/doc/pdb_orig/4pti.pdb,data/raw/decoy_cache/decoys_r_us/lmds/dd/multiple/lmds/4pti/4pti.20813.pdb
lmds,4pti,data/raw/decoy_cache/decoys_r_us/lmds/dd/multiple/lmds/doc/pdb_orig/4pti.pdb,data/raw/decoy_cache/decoys_r_us/lmds/dd/multiple/lmds/4pti/4pti.20843.pdb
lmds,4pti,data/raw/decoy_cache/decoys_r_us/lmds/dd/multiple/lmds/doc/pdb_orig/4pti.pdb,data/raw/decoy_cache/decoys_r_us/lmds/dd/multiple/lmds/4pti/4pti.20862.pdb
lmds,4pti,data/raw/decoy_cache/decoys_r_us/lmds/dd/multiple/lmds/doc/pdb_orig/4pti.pdb,data/raw/decoy_cache/decoys_r_us/lmds/dd/multiple/lmds/4pti/4pti.20888.pdb
lmds,4pti,data/raw/decoy_cache/decoys_r_us/lmds/dd/multiple/lmds/doc/pdb_orig/4pti.pdb,data/raw/decoy_cache/decoys_r_us/lmds/dd/multiple/lmds/4pti/4pti.20942.pdb
lmds,4pti,data/raw/decoy_cache/decoys_r_us/lmds/dd/multiple/lmds/doc/pdb_orig/4pti.pdb,data/raw/decoy_cache/decoys_r_us/lmds/dd/multiple/lmds/4pti/4pti.20962.pdb
lmds,4pti,data/raw/decoy_cache/decoys_r_us/lmds/dd/multiple/lmds/doc/pdb_orig/4pti.pdb,data/raw/decoy_cache/decoys_r_us/lmds/dd/multiple/lmds/4pti/4pti.20997.pdb
lmds,4pti,data/raw/decoy_cache/decoys_r_us/lmds/dd/multiple/lmds/doc/pdb_orig/4pti.pdb,data/raw/decoy_cache/decoys_r_us/lmds/dd/multiple/lmds/4pti/4pti.21025.pdb
lmds,4pti,data/raw/decoy_cache/decoys_r_us/lmds/dd/multiple/lmds/doc/pdb_orig/4pti.pdb,data/raw/decoy_cache/decoys_r_us/lmds/dd/multiple/lmds/4pti/4pti.21072.pdb
lmds,4pti,data/raw/decoy_cache/decoys_r_us/lmds/dd/multiple/lmds/doc/pdb_orig/4pti.pdb,data/raw/decoy_cache/decoys_r_us/lmds/dd/multiple/lmds/4pti/4pti.21080.pdb
lmds,4pti,data/raw/decoy_cache/decoys_r_us/lmds/dd/multiple/lmds/doc/pdb_orig/4pti.pdb,data/raw/decoy_cache/decoys_r_us/lmds/dd/multiple/lmds/4pti/4pti.21119.pdb
lmds,4pti,data/raw/decoy_cache/decoys_r_us/lmds/dd/multiple/lmds/doc/pdb_orig/4pti.pdb,data/raw/decoy_cache/decoys_r_us/lmds/dd/multiple/lmds/4pti/4pti.21126.pdb
lmds,4pti,data/raw/decoy_cache/decoys_r_us/lmds/dd/multiple/lmds/doc/pdb_orig/4pti.pdb,data/raw/decoy_cache/decoys_r_us/lmds/dd/multiple/lmds/4pti/4pti.21128.pdb
lmds,4pti,data/raw/decoy_cache/decoys_r_us/lmds/dd/multiple/lmds/doc/pdb_orig/4pti.pdb,data/raw/decoy_cache/decoys_r_us/lmds/dd/multiple/lmds/4pti/4pti.21158.pdb
lmds,4pti,data/raw/decoy_cache/decoys_r_us/lmds/dd/multiple/lmds/doc/pdb_orig/4pti.pdb,data/raw/decoy_cache/decoys_r_us/lmds/dd/multiple/lmds/4pti/4pti.21295.pdb
lmds,4pti,data/raw/decoy_cache/decoys_r_us/lmds/dd/multiple/lmds/doc/pdb_orig/4pti.pdb,data/raw/decoy_cache/decoys_r_us/lmds/dd/multiple/lmds/4pti/4pti.21304.pdb
lmds,4pti,data/raw/decoy_cache/decoys_r_us/lmds/dd/multiple/lmds/doc/pdb_orig/4pti.pdb,data/raw/decoy_cache/decoys_r_us/lmds/dd/multiple/lmds/4pti/4pti.21305.pdb
lmds,4pti,data/raw/decoy_cache/decoys_r_us/lmds/dd/multiple/lmds/doc/pdb_orig/4pti.pdb,data/raw/decoy_cache/decoys_r_us/lmds/dd/multiple/lmds/4pti/4pti.21357.pdb
lmds,4pti,data/raw/decoy_cache/decoys_r_us/lmds/dd/multiple/lmds/doc/pdb_orig/4pti.pdb,data/raw/decoy_cache/decoys_r_us/lmds/dd/multiple/lmds/4pti/4pti.21364.pdb
lmds,4pti,data/raw/decoy_cache/decoys_r_us/lmds/dd/multiple/lmds/doc/pdb_orig/4pti.pdb,data/raw/decoy_cache/decoys_r_us/lmds/dd/multiple/lmds/4pti/4pti.21404.pdb
lmds,4pti,data/raw/decoy_cache/decoys_r_us/lmds/dd/multiple/lmds/doc/pdb_orig/4pti.pdb,data/raw/decoy_cache/decoys_r_us/lmds/dd/multiple/lmds/4pti/4pti.21449.pdb
lmds,4pti,data/raw/decoy_cache/decoys_r_us/lmds/dd/multiple/lmds/doc/pdb_orig/4pti.pdb,data/raw/decoy_cache/decoys_r_us/lmds/dd/multiple/lmds/4pti/4pti.25056.pdb
lmds,4pti,data/raw/decoy_cache/decoys_r_us/lmds/dd/multiple/lmds/doc/pdb_orig/4pti.pdb,data/raw/decoy_cache/decoys_r_us/lmds/dd/multiple/lmds/4pti/4pti.25253.pdb
lmds,4pti,data/raw/decoy_cache/decoys_r_us/lmds/dd/multiple/lmds/doc/pdb_orig/4pti.pdb,data/raw/decoy_cache/decoys_r_us/lmds/dd/multiple/lmds/4pti/4pti.25277.pdb
lmds,4pti,data/raw/decoy_cache/decoys_r_us/lmds/dd/multiple/lmds/doc/pdb_orig/4pti.pdb,data/raw/decoy_cache/decoys_r_us/lmds/dd/multiple/lmds/4pti/4pti.25281.pdb
lmds,4pti,data/raw/decoy_cache/decoys_r_us/lmds/dd/multiple/lmds/doc/pdb_orig/4pti.pdb,data/raw/decoy_cache/decoys_r_us/lmds/dd/multiple/lmds/4pti/4pti.25311.pdb
lmds,4pti,data/raw/decoy_cache/decoys_r_us/lmds/dd/multiple/lmds/doc/pdb_orig/4pti.pdb,data/raw/decoy_cache/decoys_r_us/lmds/dd/multiple/lmds/4pti/4pti.25329.pdb
lmds,4pti,data/raw/decoy_cache/decoys_r_us/lmds/dd/multiple/lmds/doc/pdb_orig/4pti.pdb,data/raw/decoy_cache/decoys_r_us/lmds/dd/multiple/lmds/4pti/4pti.25337.pdb
lmds,4pti,data/raw/decoy_cache/decoys_r_us/lmds/dd/multiple/lmds/doc/pdb_orig/4pti.pdb,data/raw/decoy_cache/decoys_r_us/lmds/dd/multiple/lmds/4pti/4pti.25397.pdb
lmds,4pti,data/raw/decoy_cache/decoys_r_us/lmds/dd/multiple/lmds/doc/pdb_orig/4pti.pdb,data/raw/decoy_cache/decoys_r_us/lmds/dd/multiple/lmds/4pti/4pti.25435.pdb
lmds,4pti,data/raw/decoy_cache/decoys_r_us/lmds/dd/multiple/lmds/doc/pdb_orig/4pti.pdb,data/raw/decoy_cache/decoys_r_us/lmds/dd/multiple/lmds/4pti/4pti.25440.pdb
lmds,4pti,data/raw/decoy_cache/decoys_r_us/lmds/dd/multiple/lmds/doc/pdb_orig/4pti.pdb,data/raw/decoy_cache/decoys_r_us/lmds/dd/multiple/lmds/4pti/4pti.25451.pdb
lmds,4pti,data/raw/decoy_cache/decoys_r_us/lmds/dd/multiple/lmds/doc/pdb_orig/4pti.pdb,data/raw/decoy_cache/decoys_r_us/lmds/dd/multiple/lmds/4pti/4pti.25479.pdb
lmds,4pti,data/raw/decoy_cache/decoys_r_us/lmds/dd/multiple/lmds/doc/pdb_orig/4pti.pdb,data/raw/decoy_cache/decoys_r_us/lmds/dd/multiple/lmds/4pti/4pti.25487.pdb
lmds,4pti,data/raw/decoy_cache/decoys_r_us/lmds/dd/multiple/lmds/doc/pdb_orig/4pti.pdb,data/raw/decoy_cache/decoys_r_us/lmds/dd/multiple/lmds/4pti/4pti.25519.pdb
lmds,4pti,data/raw/decoy_cache/decoys_r_us/lmds/dd/multiple/lmds/doc/pdb_orig/4pti.pdb,data/raw/decoy_cache/decoys_r_us/lmds/dd/multiple/lmds/4pti/4pti.25544.pdb
lmds,4pti,data/raw/decoy_cache/decoys_r_us/lmds/dd/multiple/lmds/doc/pdb_orig/4pti.pdb,data/raw/decoy_cache/decoys_r_us/lmds/dd/multiple/lmds/4pti/4pti.25559.pdb
lmds,4pti,data/raw/decoy_cache/decoys_r_us/lmds/dd/multiple/lmds/doc/pdb_orig/4pti.pdb,data/raw/decoy_cache/decoys_r_us/lmds/dd/multiple/lmds/4pti/4pti.25661.pdb
lmds,4pti,data/raw/decoy_cache/decoys_r_us/lmds/dd/multiple/lmds/doc/pdb_orig/4pti.pdb,data/raw/decoy_cache/decoys_r_us/lmds/dd/multiple/lmds/4pti/4pti.25680.pdb
lmds,4pti,data/raw/decoy_cache/decoys_r_us/lmds/dd/multiple/lmds/doc/pdb_orig/4pti.pdb,data/raw/decoy_cache/decoys_r_us/lmds/dd/multiple/lmds/4pti/4pti.25685.pdb
lmds,4pti,data/raw/decoy_cache/decoys_r_us/lmds/dd/multiple/lmds/doc/pdb_orig/4pti.pdb,data/raw/decoy_cache/decoys_r_us/lmds/dd/multiple/lmds/4pti/4pti.25745.pdb
lmds,4pti,data/raw/decoy_cache/decoys_r_us/lmds/dd/multiple/lmds/doc/pdb_orig/4pti.pdb,data/raw/decoy_cache/decoys_r_us/lmds/dd/multiple/lmds/4pti/4pti.25769.pdb
lmds,4pti,data/raw/decoy_cache/decoys_r_us/lmds/dd/multiple/lmds/doc/pdb_orig/4pti.pdb,data/raw/decoy_cache/decoys_r_us/lmds/dd/multiple/lmds/4pti/4pti.25795.pdb
lmds,4pti,data/raw/decoy_cache/decoys_r_us/lmds/dd/multiple/lmds/doc/pdb_orig/4pti.pdb,data/raw/decoy_cache/decoys_r_us/lmds/dd/multiple/lmds/4pti/4pti.25837.pdb
lmds,4pti,data/raw/decoy_cache/decoys_r_us/lmds/dd/multiple/lmds/doc/pdb_orig/4pti.pdb,data/raw/decoy_cache/decoys_r_us/lmds/dd/multiple/lmds/4pti/4pti.25870.pdb
lmds,4pti,data/raw/decoy_cache/decoys_r_us/lmds/dd/multiple/lmds/doc/pdb_orig/4pti.pdb,data/raw/decoy_cache/decoys_r_us/lmds/dd/multiple/lmds/4pti/4pti.25897.pdb
lmds,4pti,data/raw/decoy_cache/decoys_r_us/lmds/dd/multiple/lmds/doc/pdb_orig/4pti.pdb,data/raw/decoy_cache/decoys_r_us/lmds/dd/multiple/lmds/4pti/4pti.25913.pdb
lmds,4pti,data/raw/decoy_cache/decoys_r_us/lmds/dd/multiple/lmds/doc/pdb_orig/4pti.pdb,data/raw/decoy_cache/decoys_r_us/lmds/dd/multiple/lmds/4pti/4pti.25918.pdb
lmds,4pti,data/raw/decoy_cache/decoys_r_us/lmds/dd/multiple/lmds/doc/pdb_orig/4pti.pdb,data/raw/decoy_cache/decoys_r_us/lmds/dd/multiple/lmds/4pti/4pti.25955.pdb
lmds,4pti,data/raw/decoy_cache/decoys_r_us/lmds/dd/multiple/lmds/doc/pdb_orig/4pti.pdb,data/raw/decoy_cache/decoys_r_us/lmds/dd/multiple/lmds/4pti/4pti.25965.pdb
lmds,4pti,data/raw/decoy_cache/decoys_r_us/lmds/dd/multiple/lmds/doc/pdb_orig/4pti.pdb,data/raw/decoy_cache/decoys_r_us/lmds/dd/multiple/lmds/4pti/4pti.26051.pdb
lmds,4pti,data/raw/decoy_cache/decoys_r_us/lmds/dd/multiple/lmds/doc/pdb_orig/4pti.pdb,data/raw/decoy_cache/decoys_r_us/lmds/dd/multiple/lmds/4pti/4pti.26055.pdb
lmds,4pti,data/raw/decoy_cache/decoys_r_us/lmds/dd/multiple/lmds/doc/pdb_orig/4pti.pdb,data/raw/decoy_cache/decoys_r_us/lmds/dd/multiple/lmds/4pti/4pti.26089.pdb
lmds,4pti,data/raw/decoy_cache/decoys_r_us/lmds/dd/multiple/lmds/doc/pdb_orig/4pti.pdb,data/raw/decoy_cache/decoys_r_us/lmds/dd/multiple/lmds/4pti/4pti.26206.pdb
lmds,4pti,data/raw/decoy_cache/decoys_r_us/lmds/dd/multiple/lmds/doc/pdb_orig/4pti.pdb,data/raw/decoy_cache/decoys_r_us/lmds/dd/multiple/lmds/4pti/4pti.26236.pdb
lmds,4pti,data/raw/decoy_cache/decoys_r_us/lmds/dd/multiple/lmds/doc/pdb_orig/4pti.pdb,data/raw/decoy_cache/decoys_r_us/lmds/dd/multiple/lmds/4pti/4pti.26271.pdb
lmds,4pti,data/raw/decoy_cache/decoys_r_us/lmds/dd/multiple/lmds/doc/pdb_orig/4pti.pdb,data/raw/decoy_cache/decoys_r_us/lmds/dd/multiple/lmds/4pti/4pti.26292.pdb
lmds,4pti,data/raw/decoy_cache/decoys_r_us/lmds/dd/multiple/lmds/doc/pdb_orig/4pti.pdb,data/raw/decoy_cache/decoys_r_us/lmds/dd/multiple/lmds/4pti/4pti.26308.pdb
lmds,4pti,data/raw/decoy_cache/decoys_r_us/lmds/dd/multiple/lmds/doc/pdb_orig/4pti.pdb,data/raw/decoy_cache/decoys_r_us/lmds/dd/multiple/lmds/4pti/4pti.26343.pdb
lmds,4pti,data/raw/decoy_cache/decoys_r_us/lmds/dd/multiple/lmds/doc/pdb_orig/4pti.pdb,data/raw/decoy_cache/decoys_r_us/lmds/dd/multiple/lmds/4pti/4pti.26404.pdb
lmds,4pti,data/raw/decoy_cache/decoys_r_us/lmds/dd/multiple/lmds/doc/pdb_orig/4pti.pdb,data/raw/decoy_cache/decoys_r_us/lmds/dd/multiple/lmds/4pti/4pti.26405.pdb
lmds,4pti,data/raw/decoy_cache/decoys_r_us/lmds/dd/multiple/lmds/doc/pdb_orig/4pti.pdb,data/raw/decoy_cache/decoys_r_us/lmds/dd/multiple/lmds/4pti/4pti.26421.pdb
lmds,4pti,data/raw/decoy_cache/decoys_r_us/lmds/dd/multiple/lmds/doc/pdb_orig/4pti.pdb,data/raw/decoy_cache/decoys_r_us/lmds/dd/multiple/lmds/4pti/4pti.26443.pdb
lmds,4pti,data/raw/decoy_cache/decoys_r_us/lmds/dd/multiple/lmds/doc/pdb_orig/4pti.pdb,data/raw/decoy_cache/decoys_r_us/lmds/dd/multiple/lmds/4pti/4pti.26455.pdb
lmds,4pti,data/raw/decoy_cache/decoys_r_us/lmds/dd/multiple/lmds/doc/pdb_orig/4pti.pdb,data/raw/decoy_cache/decoys_r_us/lmds/dd/multiple/lmds/4pti/4pti.30011.pdb
lmds,4pti,data/raw/decoy_cache/decoys_r_us/lmds/dd/multiple/lmds/doc/pdb_orig/4pti.pdb,data/raw/decoy_cache/decoys_r_us/lmds/dd/multiple/lmds/4pti/4pti.30241.pdb
lmds,4pti,data/raw/decoy_cache/decoys_r_us/lmds/dd/multiple/lmds/doc/pdb_orig/4pti.pdb,data/raw/decoy_cache/decoys_r_us/lmds/dd/multiple/lmds/4pti/4pti.30289.pdb
lmds,4pti,data/raw/decoy_cache/decoys_r_us/lmds/dd/multiple/lmds/doc/pdb_orig/4pti.pdb,data/raw/decoy_cache/decoys_r_us/lmds/dd/multiple/lmds/4pti/4pti.30366.pdb
lmds,4pti,data/raw/decoy_cache/decoys_r_us/lmds/dd/multiple/lmds/doc/pdb_orig/4pti.pdb,data/raw/decoy_cache/decoys_r_us/lmds/dd/multiple/lmds/4pti/4pti.30426.pdb
lmds,4pti,data/raw/decoy_cache/decoys_r_us/lmds/dd/multiple/lmds/doc/pdb_orig/4pti.pdb,data/raw/decoy_cache/decoys_r_us/lmds/dd/multiple/lmds/4pti/4pti.30433.pdb
lmds,4pti,data/raw/decoy_cache/decoys_r_us/lmds/dd/multiple/lmds/doc/pdb_orig/4pti.pdb,data/raw/decoy_cache/decoys_r_us/lmds/dd/multiple/lmds/4pti/4pti.30435.pdb
lmds,4pti,data/raw/decoy_cache/decoys_r_us/lmds/dd/multiple/lmds/doc/pdb_orig/4pti.pdb,data/raw/decoy_cache/decoys_r_us/lmds/dd/multiple/lmds/4pti/4pti.30446.pdb
lmds,4pti,data/raw/decoy_cache/decoys_r_us/lmds/dd/multiple/lmds/doc/pdb_orig/4pti.pdb,data/raw/decoy_cache/decoys_r_us/lmds/dd/multiple/lmds/4pti/4pti.30470.pdb
lmds,4pti,data/raw/decoy_cache/decoys_r_us/lmds/dd/multiple/lmds/doc/pdb_orig/4pti.pdb,data/raw/decoy_cache/decoys_r_us/lmds/dd/multiple/lmds/4pti/4pti.30480.pdb
lmds,4pti,data/raw/decoy_cache/decoys_r_us/lmds/dd/multiple/lmds/doc/pdb_orig/4pti.pdb,data/raw/decoy_cache/decoys_r_us/lmds/dd/multiple/lmds/4pti/4pti.30512.pdb
lmds,4pti,data/raw/decoy_cache/decoys_r_us/lmds/dd/multiple/lmds/doc/pdb_orig/4pti.pdb,data/raw/decoy_cache/decoys_r_us/lmds/dd/multiple/lmds/4pti/4pti.30516.pdb
lmds,4pti,data/raw/decoy_cache/decoys_r_us/lmds/dd/multiple/lmds/doc/pdb_orig/4pti.pdb,data/raw/decoy_cache/decoys_r_us/lmds/dd/multiple/lmds/4pti/4pti.30540.pdb
lmds,4pti,data/raw/decoy_cache/decoys_r_us/lmds/dd/multiple/lmds/doc/pdb_orig/4pti.pdb,data/raw/decoy_cache/decoys_r_us/lmds/dd/multiple/lmds/4pti/4pti.30618.pdb
lmds,4pti,data/raw/decoy_cache/decoys_r_us/lmds/dd/multiple/lmds/doc/pdb_orig/4pti.pdb,data/raw/decoy_cache/decoys_r_us/lmds/dd/multiple/lmds/4pti/4pti.30640.pdb
lmds,4pti,data/raw/decoy_cache/decoys_r_us/lmds/dd/multiple/lmds/doc/pdb_orig/4pti.pdb,data/raw/decoy_cache/decoys_r_us/lmds/dd/multiple/lmds/4pti/4pti.30690.pdb
lmds,4pti,data/raw/decoy_cache/decoys_r_us/lmds/dd/multiple/lmds/doc/pdb_orig/4pti.pdb,data/raw/decoy_cache/decoys_r_us/lmds/dd/multiple/lmds/4pti/4pti.30710.pdb
lmds,4pti,data/raw/decoy_cache/decoys_r_us/lmds/dd/multiple/lmds/doc/pdb_orig/4pti.pdb,data/raw/decoy_cache/decoys_r_us/lmds/dd/multiple/lmds/4pti/4pti.30730.pdb
lmds,4pti,data/raw/decoy_cache/decoys_r_us/lmds/dd/multiple/lmds/doc/pdb_orig/4pti.pdb,data/raw/decoy_cache/decoys_r_us/lmds/dd/multiple/lmds/4pti/4pti.30746.pdb
lmds,4pti,data/raw/decoy_cache/decoys_r_us/lmds/dd/multiple/lmds/doc/pdb_orig/4pti.pdb,data/raw/decoy_cache/decoys_r_us/lmds/dd/multiple/lmds/4pti/4pti.30816.pdb
lmds,4pti,data/raw/decoy_cache/decoys_r_us/lmds/dd/multiple/lmds/doc/pdb_orig/4pti.pdb,data/raw/decoy_cache/decoys_r_us/lmds/dd/multiple/lmds/4pti/4pti.30829.pdb
lmds,4pti,data/raw/decoy_cache/decoys_r_us/lmds/dd/multiple/lmds/doc/pdb_orig/4pti.pdb,data/raw/decoy_cache/decoys_r_us/lmds/dd/multiple/lmds/4pti/4pti.30849.pdb
lmds,4pti,data/raw/decoy_cache/decoys_r_us/lmds/dd/multiple/lmds/doc/pdb_orig/4pti.pdb,data/raw/decoy_cache/decoys_r_us/lmds/dd/multiple/lmds/4pti/4pti.30866.pdb
lmds,4pti,data/raw/decoy_cache/decoys_r_us/lmds/dd/multiple/lmds/doc/pdb_orig/4pti.pdb,data/raw/decoy_cache/decoys_r_us/lmds/dd/multiple/lmds/4pti/4pti.30872.pdb
lmds,4pti,data/raw/decoy_cache/decoys_r_us/lmds/dd/multiple/lmds/doc/pdb_orig/4pti.pdb,data/raw/decoy_cache/decoys_r_us/lmds/dd/multiple/lmds/4pti/4pti.30885.pdb
lmds,4pti,data/raw/decoy_cache/decoys_r_us/lmds/dd/multiple/lmds/doc/pdb_orig/4pti.pdb,data/raw/decoy_cache/decoys_r_us/lmds/dd/multiple/lmds/4pti/4pti.31085.pdb
lmds,4pti,data/raw/decoy_cache/decoys_r_us/lmds/dd/multiple/lmds/doc/pdb_orig/4pti.pdb,data/raw/decoy_cache/decoys_r_us/lmds/dd/multiple/lmds/4pti/4pti.31089.pdb
lmds,4pti,data/raw/decoy_cache/decoys_r_us/lmds/dd/multiple/lmds/doc/pdb_orig/4pti.pdb,data/raw/decoy_cache/decoys_r_us/lmds/dd/multiple/lmds/4pti/4pti.31143.pdb
lmds,4pti,data/raw/decoy_cache/decoys_r_us/lmds/dd/multiple/lmds/doc/pdb_orig/4pti.pdb,data/raw/decoy_cache/decoys_r_us/lmds/dd/multiple/lmds/4pti/4pti.31169.pdb
lmds,4pti,data/raw/decoy_cache/decoys_r_us/lmds/dd/multiple/lmds/doc/pdb_orig/4pti.pdb,data/raw/decoy_cache/decoys_r_us/lmds/dd/multiple/lmds/4pti/4pti.31190.pdb
lmds,4pti,data/raw/decoy_cache/decoys_r_us/lmds/dd/multiple/lmds/doc/pdb_orig/4pti.pdb,data/raw/decoy_cache/decoys_r_us/lmds/dd/multiple/lmds/4pti/4pti.31214.pdb
lmds,4pti,data/raw/decoy_cache/decoys_r_us/lmds/dd/multiple/lmds/doc/pdb_orig/4pti.pdb,data/raw/decoy_cache/decoys_r_us/lmds/dd/multiple/lmds/4pti/4pti.31256.pdb
lmds,4pti,data/raw/decoy_cache/decoys_r_us/lmds/dd/multiple/lmds/doc/pdb_orig/4pti.pdb,data/raw/decoy_cache/decoys_r_us/lmds/dd/multiple/lmds/4pti/4pti.31261.pdb
lmds,4pti,data/raw/decoy_cache/decoys_r_us/lmds/dd/multiple/lmds/doc/pdb_orig/4pti.pdb,data/raw/decoy_cache/decoys_r_us/lmds/dd/multiple/lmds/4pti/4pti.31263.pdb
lmds,4pti,data/raw/decoy_cache/decoys_r_us/lmds/dd/multiple/lmds/doc/pdb_orig/4pti.pdb,data/raw/decoy_cache/decoys_r_us/lmds/dd/multiple/lmds/4pti/4pti.31282.pdb
lmds,4pti,data/raw/decoy_cache/decoys_r_us/lmds/dd/multiple/lmds/doc/pdb_orig/4pti.pdb,data/raw/decoy_cache/decoys_r_us/lmds/dd/multiple/lmds/4pti/4pti.31311.pdb
lmds,4pti,data/raw/decoy_cache/decoys_r_us/lmds/dd/multiple/lmds/doc/pdb_orig/4pti.pdb,data/raw/decoy_cache/decoys_r_us/lmds/dd/multiple/lmds/4pti/4pti.31318.pdb
lmds,4pti,data/raw/decoy_cache/decoys_r_us/lmds/dd/multiple/lmds/doc/pdb_orig/4pti.pdb,data/raw/decoy_cache/decoys_r_us/lmds/dd/multiple/lmds/4pti/4pti.31327.pdb
lmds,4pti,data/raw/decoy_cache/decoys_r_us/lmds/dd/multiple/lmds/doc/pdb_orig/4pti.pdb,data/raw/decoy_cache/decoys_r_us/lmds/dd/multiple/lmds/4pti/4pti.31357.pdb
lmds,4pti,data/raw/decoy_cache/decoys_r_us/lmds/dd/multiple/lmds/doc/pdb_orig/4pti.pdb,data/raw/decoy_cache/decoys_r_us/lmds/dd/multiple/lmds/4pti/4pti.31359.pdb
lmds,4pti,data/raw/decoy_cache/decoys_r_us/lmds/dd/multiple/lmds/doc/pdb_orig/4pti.pdb,data/raw/decoy_cache/decoys_r_us/lmds/dd/multiple/lmds/4pti/4pti.31381.pdb
lmds,4pti,data/raw/decoy_cache/decoys_r_us/lmds/dd/multiple/lmds/doc/pdb_orig/4pti.pdb,data/raw/decoy_cache/decoys_r_us/lmds/dd/multiple/lmds/4pti/4pti.35019.pdb
lmds,4pti,data/raw/decoy_cache/decoys_r_us/lmds/dd/multiple/lmds/doc/pdb_orig/4pti.pdb,data/raw/decoy_cache/decoys_r_us/lmds/dd/multiple/lmds/4pti/4pti.35034.pdb
lmds,4pti,data/raw/decoy_cache/decoys_r_us/lmds/dd/multiple/lmds/doc/pdb_orig/4pti.pdb,data/raw/decoy_cache/decoys_r_us/lmds/dd/multiple/lmds/4pti/4pti.35202.pdb
lmds,4pti,data/raw/decoy_cache/decoys_r_us/lmds/dd/multiple/lmds/doc/pdb_orig/4pti.pdb,data/raw/decoy_cache/decoys_r_us/lmds/dd/multiple/lmds/4pti/4pti.35217.pdb
lmds,4pti,data/raw/decoy_cache/decoys_r_us/lmds/dd/multiple/lmds/doc/pdb_orig/4pti.pdb,data/raw/decoy_cache/decoys_r_us/lmds/dd/multiple/lmds/4pti/4pti.35272.pdb
lmds,4pti,data/raw/decoy_cache/decoys_r_us/lmds/dd/multiple/lmds/doc/pdb_orig/4pti.pdb,data/raw/decoy_cache/decoys_r_us/lmds/dd/multiple/lmds/4pti/4pti.35293.pdb
lmds,4pti,data/raw/decoy_cache/decoys_r_us/lmds/dd/multiple/lmds/doc/pdb_orig/4pti.pdb,data/raw/decoy_cache/decoys_r_us/lmds/dd/multiple/lmds/4pti/4pti.35301.pdb
lmds,4pti,data/raw/decoy_cache/decoys_r_us/lmds/dd/multiple/lmds/doc/pdb_orig/4pti.pdb,data/raw/decoy_cache/decoys_r_us/lmds/dd/multiple/lmds/4pti/4pti.35342.pdb
lmds,4pti,data/raw/decoy_cache/decoys_r_us/lmds/dd/multiple/lmds/doc/pdb_orig/4pti.pdb,data/raw/decoy_cache/decoys_r_us/lmds/dd/multiple/lmds/4pti/4pti.35374.pdb
lmds,4pti,data/raw/decoy_cache/decoys_r_us/lmds/dd/multiple/lmds/doc/pdb_orig/4pti.pdb,data/raw/decoy_cache/decoys_r_us/lmds/dd/multiple/lmds/4pti/4pti.35385.pdb
lmds,4pti,data/raw/decoy_cache/decoys_r_us/lmds/dd/multiple/lmds/doc/pdb_orig/4pti.pdb,data/raw/decoy_cache/decoys_r_us/lmds/dd/multiple/lmds/4pti/4pti.35423.pdb
lmds,4pti,data/raw/decoy_cache/decoys_r_us/lmds/dd/multiple/lmds/doc/pdb_orig/4pti.pdb,data/raw/decoy_cache/decoys_r_us/lmds/dd/multiple/lmds/4pti/4pti.35431.pdb
lmds,4pti,data/raw/decoy_cache/decoys_r_us/lmds/dd/multiple/lmds/doc/pdb_orig/4pti.pdb,data/raw/decoy_cache/decoys_r_us/lmds/dd/multiple/lmds/4pti/4pti.35436.pdb
lmds,4pti,data/raw/decoy_cache/decoys_r_us/lmds/dd/multiple/lmds/doc/pdb_orig/4pti.pdb,data/raw/decoy_cache/decoys_r_us/lmds/dd/multiple/lmds/4pti/4pti.35446.pdb
lmds,4pti,data/raw/decoy_cache/decoys_r_us/lmds/dd/multiple/lmds/doc/pdb_orig/4pti.pdb,data/raw/decoy_cache/decoys_r_us/lmds/dd/multiple/lmds/4pti/4pti.35498.pdb
lmds,4pti,data/raw/decoy_cache/decoys_r_us/lmds/dd/multiple/lmds/doc/pdb_orig/4pti.pdb,data/raw/decoy_cache/decoys_r_us/lmds/dd/multiple/lmds/4pti/4pti.35507.pdb
lmds,4pti,data/raw/decoy_cache/decoys_r_us/lmds/dd/multiple/lmds/doc/pdb_orig/4pti.pdb,data/raw/decoy_cache/decoys_r_us/lmds/dd/multiple/lmds/4pti/4pti.35563.pdb
lmds,4pti,data/raw/decoy_cache/decoys_r_us/lmds/dd/multiple/lmds/doc/pdb_orig/4pti.pdb,data/raw/decoy_cache/decoys_r_us/lmds/dd/multiple/lmds/4pti/4pti.35601.pdb
lmds,4pti,data/raw/decoy_cache/decoys_r_us/lmds/dd/multiple/lmds/doc/pdb_orig/4pti.pdb,data/raw/decoy_cache/decoys_r_us/lmds/dd/multiple/lmds/4pti/4pti.35620.pdb
lmds,4pti,data/raw/decoy_cache/decoys_r_us/lmds/dd/multiple/lmds/doc/pdb_orig/4pti.pdb,data/raw/decoy_cache/decoys_r_us/lmds/dd/multiple/lmds/4pti/4pti.35728.pdb
lmds,4pti,data/raw/decoy_cache/decoys_r_us/lmds/dd/multiple/lmds/doc/pdb_orig/4pti.pdb,data/raw/decoy_cache/decoys_r_us/lmds/dd/multiple/lmds/4pti/4pti.35739.pdb
lmds,4pti,data/raw/decoy_cache/decoys_r_us/lmds/dd/multiple/lmds/doc/pdb_orig/4pti.pdb,data/raw/decoy_cache/decoys_r_us/lmds/dd/multiple/lmds/4pti/4pti.35795.pdb
lmds,4pti,data/raw/decoy_cache/decoys_r_us/lmds/dd/multiple/lmds/doc/pdb_orig/4pti.pdb,data/raw/decoy_cache/decoys_r_us/lmds/dd/multiple/lmds/4pti/4pti.35828.pdb
lmds,4pti,data/raw/decoy_cache/decoys_r_us/lmds/dd/multiple/lmds/doc/pdb_orig/4pti.pdb,data/raw/decoy_cache/decoys_r_us/lmds/dd/multiple/lmds/4pti/4pti.35831.pdb
lmds,4pti,data/raw/decoy_cache/decoys_r_us/lmds/dd/multiple/lmds/doc/pdb_orig/4pti.pdb,data/raw/decoy_cache/decoys_r_us/lmds/dd/multiple/lmds/4pti/4pti.35849.pdb
lmds,4pti,data/raw/decoy_cache/decoys_r_us/lmds/dd/multiple/lmds/doc/pdb_orig/4pti.pdb,data/raw/decoy_cache/decoys_r_us/lmds/dd/multiple/lmds/4pti/4pti.35850.pdb
lmds,4pti,data/raw/decoy_cache/decoys_r_us/lmds/dd/multiple/lmds/doc/pdb_orig/4pti.pdb,data/raw/decoy_cache/decoys_r_us/lmds/dd/multiple/lmds/4pti/4pti.35870.pdb
lmds,4pti,data/raw/decoy_cache/decoys_r_us/lmds/dd/multiple/lmds/doc/pdb_orig/4pti.pdb,data/raw/decoy_cache/decoys_r_us/lmds/dd/multiple/lmds/4pti/4pti.35961.pdb
lmds,4pti,data/raw/decoy_cache/decoys_r_us/lmds/dd/multiple/lmds/doc/pdb_orig/4pti.pdb,data/raw/decoy_cache/decoys_r_us/lmds/dd/multiple/lmds/4pti/4pti.35999.pdb
lmds,4pti,data/raw/decoy_cache/decoys_r_us/lmds/dd/multiple/lmds/doc/pdb_orig/4pti.pdb,data/raw/decoy_cache/decoys_r_us/lmds/dd/multiple/lmds/4pti/4pti.36019.pdb
lmds,4pti,data/raw/decoy_cache/decoys_r_us/lmds/dd/multiple/lmds/doc/pdb_orig/4pti.pdb,data/raw/decoy_cache/decoys_r_us/lmds/dd/multiple/lmds/4pti/4pti.36029.pdb
lmds,4pti,data/raw/decoy_cache/decoys_r_us/lmds/dd/multiple/lmds/doc/pdb_orig/4pti.pdb,data/raw/decoy_cache/decoys_r_us/lmds/dd/multiple/lmds/4pti/4pti.36154.pdb
lmds,4pti,data/raw/decoy_cache/decoys_r_us/lmds/dd/multiple/lmds/doc/pdb_orig/4pti.pdb,data/raw/decoy_cache/decoys_r_us/lmds/dd/multiple/lmds/4pti/4pti.36160.pdb
lmds,4pti,data/raw/decoy_cache/decoys_r_us/lmds/dd/multiple/lmds/doc/pdb_orig/4pti.pdb,data/raw/decoy_cache/decoys_r_us/lmds/dd/multiple/lmds/4pti/4pti.36164.pdb
lmds,4pti,data/raw/decoy_cache/decoys_r_us/lmds/dd/multiple/lmds/doc/pdb_orig/4pti.pdb,data/raw/decoy_cache/decoys_r_us/lmds/dd/multiple/lmds/4pti/4pti.36232.pdb
lmds,4pti,data/raw/decoy_cache/decoys_r_us/lmds/dd/multiple/lmds/doc/pdb_orig/4pti.pdb,data/raw/decoy_cache/decoys_r_us/lmds/dd/multiple/lmds/4pti/4pti.36245.pdb
lmds,4pti,data/raw/decoy_cache/decoys_r_us/lmds/dd/multiple/lmds/doc/pdb_orig/4pti.pdb,data/raw/decoy_cache/decoys_r_us/lmds/dd/multiple/lmds/4pti/4pti.36271.pdb
lmds,4pti,data/raw/decoy_cache/decoys_r_us/lmds/dd/multiple/lmds/doc/pdb_orig/4pti.pdb,data/raw/decoy_cache/decoys_r_us/lmds/dd/multiple/lmds/4pti/4pti.36323.pdb
lmds,4pti,data/raw/decoy_cache/decoys_r_us/lmds/dd/multiple/lmds/doc/pdb_orig/4pti.pdb,data/raw/decoy_cache/decoys_r_us/lmds/dd/multiple/lmds/4pti/4pti.36378.pdb
lmds,4pti,data/raw/decoy_cache/decoys_r_us/lmds/dd/multiple/lmds/doc/pdb_orig/4pti.pdb,data/raw/decoy_cache/decoys_r_us/lmds/dd/multiple/lmds/4pti/4pti.36399.pdb
lmds,4pti,data/raw/decoy_cache/decoys_r_us/lmds/dd/multiple/lmds/doc/pdb_orig/4pti.pdb,data/raw/decoy_cache/decoys_r_us/lmds/dd/multiple/lmds/4pti/4pti.36402.pdb
lmds,4pti,data/raw/decoy_cache/decoys_r_us/lmds/dd/multiple/lmds/doc/pdb_orig/4pti.pdb,data/raw/decoy_cache/decoys_r_us/lmds/dd/multiple/lmds/4pti/4pti.36424.pdb
lmds,4pti,data/raw/decoy_cache/decoys_r_us/lmds/dd/multiple/lmds/doc/pdb_orig/4pti.pdb,data/raw/decoy_cache/decoys_r_us/lmds/dd/multiple/lmds/4pti/4pti.36434.pdb
lmds,4pti,data/raw/decoy_cache/decoys_r_us/lmds/dd/multiple/lmds/doc/pdb_orig/4pti.pdb,data/raw/decoy_cache/decoys_r_us/lmds/dd/multiple/lmds/4pti/4pti.36448.pdb
lmds,4pti,data/raw/decoy_cache/decoys_r_us/lmds/dd/multiple/lmds/doc/pdb_orig/4pti.pdb,data/raw/decoy_cache/decoys_r_us/lmds/dd/multiple/lmds/4pti/4pti.36450.pdb
lmds,4pti,data/raw/decoy_cache/decoys_r_us/lmds/dd/multiple/lmds/doc/pdb_orig/4pti.pdb,data/raw/decoy_cache/decoys_r_us/lmds/dd/multiple/lmds/4pti/4pti.40010.pdb
lmds,4pti,data/raw/decoy_cache/decoys_r_us/lmds/dd/multiple/lmds/doc/pdb_orig/4pti.pdb,data/raw/decoy_cache/decoys_r_us/lmds/dd/multiple/lmds/4pti/4pti.40028.pdb
lmds,4pti,data/raw/decoy_cache/decoys_r_us/lmds/dd/multiple/lmds/doc/pdb_orig/4pti.pdb,data/raw/decoy_cache/decoys_r_us/lmds/dd/multiple/lmds/4pti/4pti.40033.pdb
lmds,4pti,data/raw/decoy_cache/decoys_r_us/lmds/dd/multiple/lmds/doc/pdb_orig/4pti.pdb,data/raw/decoy_cache/decoys_r_us/lmds/dd/multiple/lmds/4pti/4pti.40203.pdb
lmds,4pti,data/raw/decoy_cache/decoys_r_us/lmds/dd/multiple/lmds/doc/pdb_orig/4pti.pdb,data/raw/decoy_cache/decoys_r_us/lmds/dd/multiple/lmds/4pti/4pti.40237.pdb
lmds,4pti,data/raw/decoy_cache/decoys_r_us/lmds/dd/multiple/lmds/doc/pdb_orig/4pti.pdb,data/raw/decoy_cache/decoys_r_us/lmds/dd/multiple/lmds/4pti/4pti.40253.pdb
lmds,4pti,data/raw/decoy_cache/decoys_r_us/lmds/dd/multiple/lmds/doc/pdb_orig/4pti.pdb,data/raw/decoy_cache/decoys_r_us/lmds/dd/multiple/lmds/4pti/4pti.40258.pdb
lmds,4pti,data/raw/decoy_cache/decoys_r_us/lmds/dd/multiple/lmds/doc/pdb_orig/4pti.pdb,data/raw/decoy_cache/decoys_r_us/lmds/dd/multiple/lmds/4pti/4pti.40290.pdb
lmds,4pti,data/raw/decoy_cache/decoys_r_us/lmds/dd/multiple/lmds/doc/pdb_orig/4pti.pdb,data/raw/decoy_cache/decoys_r_us/lmds/dd/multiple/lmds/4pti/4pti.40309.pdb
lmds,4pti,data/raw/decoy_cache/decoys_r_us/lmds/dd/multiple/lmds/doc/pdb_orig/4pti.pdb,data/raw/decoy_cache/decoys_r_us/lmds/dd/multiple/lmds/4pti/4pti.40367.pdb
lmds,4pti,data/raw/decoy_cache/decoys_r_us/lmds/dd/multiple/lmds/doc/pdb_orig/4pti.pdb,data/raw/decoy_cache/decoys_r_us/lmds/dd/multiple/lmds/4pti/4pti.40423.pdb
lmds,4pti,data/raw/decoy_cache/decoys_r_us/lmds/dd/multiple/lmds/doc/pdb_orig/4pti.pdb,data/raw/decoy_cache/decoys_r_us/lmds/dd/multiple/lmds/4pti/4pti.40480.pdb
lmds,4pti,data/raw/decoy_cache/decoys_r_us/lmds/dd/multiple/lmds/doc/pdb_orig/4pti.pdb,data/raw/decoy_cache/decoys_r_us/lmds/dd/multiple/lmds/4pti/4pti.40493.pdb
lmds,4pti,data/raw/decoy_cache/decoys_r_us/lmds/dd/multiple/lmds/doc/pdb_orig/4pti.pdb,data/raw/decoy_cache/decoys_r_us/lmds/dd/multiple/lmds/4pti/4pti.40535.pdb
lmds,4pti,data/raw/decoy_cache/decoys_r_us/lmds/dd/multiple/lmds/doc/pdb_orig/4pti.pdb,data/raw/decoy_cache/decoys_r_us/lmds/dd/multiple/lmds/4pti/4pti.40543.pdb
lmds,4pti,data/raw/decoy_cache/decoys_r_us/lmds/dd/multiple/lmds/doc/pdb_orig/4pti.pdb,data/raw/decoy_cache/decoys_r_us/lmds/dd/multiple/lmds/4pti/4pti.40571.pdb
lmds,4pti,data/raw/decoy_cache/decoys_r_us/lmds/dd/multiple/lmds/doc/pdb_orig/4pti.pdb,data/raw/decoy_cache/decoys_r_us/lmds/dd/multiple/lmds/4pti/4pti.40642.pdb
lmds,4pti,data/raw/decoy_cache/decoys_r_us/lmds/dd/multiple/lmds/doc/pdb_orig/4pti.pdb,data/raw/decoy_cache/decoys_r_us/lmds/dd/multiple/lmds/4pti/4pti.40658.pdb
lmds,4pti,data/raw/decoy_cache/decoys_r_us/lmds/dd/multiple/lmds/doc/pdb_orig/4pti.pdb,data/raw/decoy_cache/decoys_r_us/lmds/dd/multiple/lmds/4pti/4pti.40749.pdb
lmds,4pti,data/raw/decoy_cache/decoys_r_us/lmds/dd/multiple/lmds/doc/pdb_orig/4pti.pdb,data/raw/decoy_cache/decoys_r_us/lmds/dd/multiple/lmds/4pti/4pti.40763.pdb
lmds,4pti,data/raw/decoy_cache/decoys_r_us/lmds/dd/multiple/lmds/doc/pdb_orig/4pti.pdb,data/raw/decoy_cache/decoys_r_us/lmds/dd/multiple/lmds/4pti/4pti.40784.pdb
lmds,4pti,data/raw/decoy_cache/decoys_r_us/lmds/dd/multiple/lmds/doc/pdb_orig/4pti.pdb,data/raw/decoy_cache/decoys_r_us/lmds/dd/multiple/lmds/4pti/4pti.40805.pdb
lmds,4pti,data/raw/decoy_cache/decoys_r_us/lmds/dd/multiple/lmds/doc/pdb_orig/4pti.pdb,data/raw/decoy_cache/decoys_r_us/lmds/dd/multiple/lmds/4pti/4pti.40832.pdb
lmds,4pti,data/raw/decoy_cache/decoys_r_us/lmds/dd/multiple/lmds/doc/pdb_orig/4pti.pdb,data/raw/decoy_cache/decoys_r_us/lmds/dd/multiple/lmds/4pti/4pti.40842.pdb
lmds,4pti,data/raw/decoy_cache/decoys_r_us/lmds/dd/multiple/lmds/doc/pdb_orig/4pti.pdb,data/raw/decoy_cache/decoys_r_us/lmds/dd/multiple/lmds/4pti/4pti.40865.pdb
lmds,4pti,data/raw/decoy_cache/decoys_r_us/lmds/dd/multiple/lmds/doc/pdb_orig/4pti.pdb,data/raw/decoy_cache/decoys_r_us/lmds/dd/multiple/lmds/4pti/4pti.40913.pdb
lmds,4pti,data/raw/decoy_cache/decoys_r_us/lmds/dd/multiple/lmds/doc/pdb_orig/4pti.pdb,data/raw/decoy_cache/decoys_r_us/lmds/dd/multiple/lmds/4pti/4pti.40930.pdb
lmds,4pti,data/raw/decoy_cache/decoys_r_us/lmds/dd/multiple/lmds/doc/pdb_orig/4pti.pdb,data/raw/decoy_cache/decoys_r_us/lmds/dd/multiple/lmds/4pti/4pti.40975.pdb
lmds,4pti,data/raw/decoy_cache/decoys_r_us/lmds/dd/multiple/lmds/doc/pdb_orig/4pti.pdb,data/raw/decoy_cache/decoys_r_us/lmds/dd/multiple/lmds/4pti/4pti.41004.pdb
lmds,4pti,data/raw/decoy_cache/decoys_r_us/lmds/dd/multiple/lmds/doc/pdb_orig/4pti.pdb,data/raw/decoy_cache/decoys_r_us/lmds/dd/multiple/lmds/4pti/4pti.41059.pdb
lmds,4pti,data/raw/decoy_cache/decoys_r_us/lmds/dd/multiple/lmds/doc/pdb_orig/4pti.pdb,data/raw/decoy_cache/decoys_r_us/lmds/dd/multiple/lmds/4pti/4pti.41063.pdb
lmds,4pti,data/raw/decoy_cache/decoys_r_us/lmds/dd/multiple/lmds/doc/pdb_orig/4pti.pdb,data/raw/decoy_cache/decoys_r_us/lmds/dd/multiple/lmds/4pti/4pti.41071.pdb
lmds,4pti,data/raw/decoy_cache/decoys_r_us/lmds/dd/multiple/lmds/doc/pdb_orig/4pti.pdb,data/raw/decoy_cache/decoys_r_us/lmds/dd/multiple/lmds/4pti/4pti.41100.pdb
lmds,4pti,data/raw/decoy_cache/decoys_r_us/lmds/dd/multiple/lmds/doc/pdb_orig/4pti.pdb,data/raw/decoy_cache/decoys_r_us/lmds/dd/multiple/lmds/4pti/4pti.41106.pdb
lmds,4pti,data/raw/decoy_cache/decoys_r_us/lmds/dd/multiple/lmds/doc/pdb_orig/4pti.pdb,data/raw/decoy_cache/decoys_r_us/lmds/dd/multiple/lmds/4pti/4pti.41113.pdb
lmds,4pti,data/raw/decoy_cache/decoys_r_us/lmds/dd/multiple/lmds/doc/pdb_orig/4pti.pdb,data/raw/decoy_cache/decoys_r_us/lmds/dd/multiple/lmds/4pti/4pti.41114.pdb
lmds,4pti,data/raw/decoy_cache/decoys_r_us/lmds/dd/multiple/lmds/doc/pdb_orig/4pti.pdb,data/raw/decoy_cache/decoys_r_us/lmds/dd/multiple/lmds/4pti/4pti.41165.pdb
lmds,4pti,data/raw/decoy_cache/decoys_r_us/lmds/dd/multiple/lmds/doc/pdb_orig/4pti.pdb,data/raw/decoy_cache/decoys_r_us/lmds/dd/multiple/lmds/4pti/4pti.41180.pdb
lmds,4pti,data/raw/decoy_cache/decoys_r_us/lmds/dd/multiple/lmds/doc/pdb_orig/4pti.pdb,data/raw/decoy_cache/decoys_r_us/lmds/dd/multiple/lmds/4pti/4pti.41194.pdb
lmds,4pti,data/raw/decoy_cache/decoys_r_us/lmds/dd/multiple/lmds/doc/pdb_orig/4pti.pdb,data/raw/decoy_cache/decoys_r_us/lmds/dd/multiple/lmds/4pti/4pti.41272.pdb
lmds,4pti,data/raw/decoy_cache/decoys_r_us/lmds/dd/multiple/lmds/doc/pdb_orig/4pti.pdb,data/raw/decoy_cache/decoys_r_us/lmds/dd/multiple/lmds/4pti/4pti.41353.pdb
lmds,4pti,data/raw/decoy_cache/decoys_r_us/lmds/dd/multiple/lmds/doc/pdb_orig/4pti.pdb,data/raw/decoy_cache/decoys_r_us/lmds/dd/multiple/lmds/4pti/4pti.41388.pdb
lmds,4pti,data/raw/decoy_cache/decoys_r_us/lmds/dd/multiple/lmds/doc/pdb_orig/4pti.pdb,data/raw/decoy_cache/decoys_r_us/lmds/dd/multiple/lmds/4pti/4pti.41389.pdb
lmds,4pti,data/raw/decoy_cache/decoys_r_us/lmds/dd/multiple/lmds/doc/pdb_orig/4pti.pdb,data/raw/decoy_cache/decoys_r_us/lmds/dd/multiple/lmds/4pti/4pti.41412.pdb
lmds,4pti,data/raw/decoy_cache/decoys_r_us/lmds/dd/multiple/lmds/doc/pdb_orig/4pti.pdb,data/raw/decoy_cache/decoys_r_us/lmds/dd/multiple/lmds/4pti/4pti.41444.pdb
lmds,4pti,data/raw/decoy_cache/decoys_r_us/lmds/dd/multiple/lmds/doc/pdb_orig/4pti.pdb,data/raw/decoy_cache/decoys_r_us/lmds/dd/multiple/lmds/4pti/4pti.41456.pdb
lmds,4pti,data/raw/decoy_cache/decoys_r_us/lmds/dd/multiple/lmds/doc/pdb_orig/4pti.pdb,data/raw/decoy_cache/decoys_r_us/lmds/dd/multiple/lmds/4pti/4pti.45010.pdb
lmds,4pti,data/raw/decoy_cache/decoys_r_us/lmds/dd/multiple/lmds/doc/pdb_orig/4pti.pdb,data/raw/decoy_cache/decoys_r_us/lmds/dd/multiple/lmds/4pti/4pti.45052.pdb
lmds,4pti,data/raw/decoy_cache/decoys_r_us/lmds/dd/multiple/lmds/doc/pdb_orig/4pti.pdb,data/raw/decoy_cache/decoys_r_us/lmds/dd/multiple/lmds/4pti/4pti.45214.pdb
lmds,4pti,data/raw/decoy_cache/decoys_r_us/lmds/dd/multiple/lmds/doc/pdb_orig/4pti.pdb,data/raw/decoy_cache/decoys_r_us/lmds/dd/multiple/lmds/4pti/4pti.45237.pdb
lmds,4pti,data/raw/decoy_cache/decoys_r_us/lmds/dd/multiple/lmds/doc/pdb_orig/4pti.pdb,data/raw/decoy_cache/decoys_r_us/lmds/dd/multiple/lmds/4pti/4pti.45256.pdb
lmds,4pti,data/raw/decoy_cache/decoys_r_us/lmds/dd/multiple/lmds/doc/pdb_orig/4pti.pdb,data/raw/decoy_cache/decoys_r_us/lmds/dd/multiple/lmds/4pti/4pti.45266.pdb
lmds,4pti,data/raw/decoy_cache/decoys_r_us/lmds/dd/multiple/lmds/doc/pdb_orig/4pti.pdb,data/raw/decoy_cache/decoys_r_us/lmds/dd/multiple/lmds/4pti/4pti.45271.pdb
lmds,4pti,data/raw/decoy_cache/decoys_r_us/lmds/dd/multiple/lmds/doc/pdb_orig/4pti.pdb,data/raw/decoy_cache/decoys_r_us/lmds/dd/multiple/lmds/4pti/4pti.45280.pdb
lmds,4pti,data/raw/decoy_cache/decoys_r_us/lmds/dd/multiple/lmds/doc/pdb_orig/4pti.pdb,data/raw/decoy_cache/decoys_r_us/lmds/dd/multiple/lmds/4pti/4pti.45302.pdb
lmds,4pti,data/raw/decoy_cache/decoys_r_us/lmds/dd/multiple/lmds/doc/pdb_orig/4pti.pdb,data/raw/decoy_cache/decoys_r_us/lmds/dd/multiple/lmds/4pti/4pti.45325.pdb
lmds,4pti,data/raw/decoy_cache/decoys_r_us/lmds/dd/multiple/lmds/doc/pdb_orig/4pti.pdb,data/raw/decoy_cache/decoys_r_us/lmds/dd/multiple/lmds/4pti/4pti.45328.pdb
lmds,4pti,data/raw/decoy_cache/decoys_r_us/lmds/dd/multiple/lmds/doc/pdb_orig/4pti.pdb,data/raw/decoy_cache/decoys_r_us/lmds/dd/multiple/lmds/4pti/4pti.45335.pdb
lmds,4pti,data/raw/decoy_cache/decoys_r_us/lmds/dd/multiple/lmds/doc/pdb_orig/4pti.pdb,data/raw/decoy_cache/decoys_r_us/lmds/dd/multiple/lmds/4pti/4pti.45362.pdb
lmds,4pti,data/raw/decoy_cache/decoys_r_us/lmds/dd/multiple/lmds/doc/pdb_orig/4pti.pdb,data/raw/decoy_cache/decoys_r_us/lmds/dd/multiple/lmds/4pti/4pti.45375.pdb
lmds,4pti,data/raw/decoy_cache/decoys_r_us/lmds/dd/multiple/lmds/doc/pdb_orig/4pti.pdb,data/raw/decoy_cache/decoys_r_us/lmds/dd/multiple/lmds/4pti/4pti.45412.pdb
lmds,4pti,data/raw/decoy_cache/decoys_r_us/lmds/dd/multiple/lmds/doc/pdb_orig/4pti.pdb,data/raw/decoy_cache/decoys_r_us/lmds/dd/multiple/lmds/4pti/4pti.45443.pdb
lmds,4pti,data/raw/decoy_cache/decoys_r_us/lmds/dd/multiple/lmds/doc/pdb_orig/4pti.pdb,data/raw/decoy_cache/decoys_r_us/lmds/dd/multiple/lmds/4pti/4pti.45506.pdb
lmds,4pti,data/raw/decoy_cache/decoys_r_us/lmds/dd/multiple/lmds/doc/pdb_orig/4pti.pdb,data/raw/decoy_cache/decoys_r_us/lmds/dd/multiple/lmds/4pti/4pti.45515.pdb
lmds,4pti,data/raw/decoy_cache/decoys_r_us/lmds/dd/multiple/lmds/doc/pdb_orig/4pti.pdb,data/raw/decoy_cache/decoys_r_us/lmds/dd/multiple/lmds/4pti/4pti.45588.pdb
lmds,4pti,data/raw/decoy_cache/decoys_r_us/lmds/dd/multiple/lmds/doc/pdb_orig/4pti.pdb,data/raw/decoy_cache/decoys_r_us/lmds/dd/multiple/lmds/4pti/4pti.45596.pdb
lmds,4pti,data/raw/decoy_cache/decoys_r_us/lmds/dd/multiple/lmds/doc/pdb_orig/4pti.pdb,data/raw/decoy_cache/decoys_r_us/lmds/dd/multiple/lmds/4pti/4pti.45613.pdb
lmds,4pti,data/raw/decoy_cache/decoys_r_us/lmds/dd/multiple/lmds/doc/pdb_orig/4pti.pdb,data/raw/decoy_cache/decoys_r_us/lmds/dd/multiple/lmds/4pti/4pti.45731.pdb
lmds,4pti,data/raw/decoy_cache/decoys_r_us/lmds/dd/multiple/lmds/doc/pdb_orig/4pti.pdb,data/raw/decoy_cache/decoys_r_us/lmds/dd/multiple/lmds/4pti/4pti.45795.pdb
lmds,4pti,data/raw/decoy_cache/decoys_r_us/lmds/dd/multiple/lmds/doc/pdb_orig/4pti.pdb,data/raw/decoy_cache/decoys_r_us/lmds/dd/multiple/lmds/4pti/4pti.45804.pdb
lmds,4pti,data/raw/decoy_cache/decoys_r_us/lmds/dd/multiple/lmds/doc/pdb_orig/4pti.pdb,data/raw/decoy_cache/decoys_r_us/lmds/dd/multiple/lmds/4pti/4pti.45814.pdb
lmds,4pti,data/raw/decoy_cache/decoys_r_us/lmds/dd/multiple/lmds/doc/pdb_orig/4pti.pdb,data/raw/decoy_cache/decoys_r_us/lmds/dd/multiple/lmds/4pti/4pti.45815.pdb
lmds,4pti,data/raw/decoy_cache/decoys_r_us/lmds/dd/multiple/lmds/doc/pdb_orig/4pti.pdb,data/raw/decoy_cache/decoys_r_us/lmds/dd/multiple/lmds/4pti/4pti.45865.pdb
lmds,4pti,data/raw/decoy_cache/decoys_r_us/lmds/dd/multiple/lmds/doc/pdb_orig/4pti.pdb,data/raw/decoy_cache/decoys_r_us/lmds/dd/multiple/lmds/4pti/4pti.45866.pdb
lmds,4pti,data/raw/decoy_cache/decoys_r_us/lmds/dd/multiple/lmds/doc/pdb_orig/4pti.pdb,data/raw/decoy_cache/decoys_r_us/lmds/dd/multiple/lmds/4pti/4pti.45941.pdb
lmds,4pti,data/raw/decoy_cache/decoys_r_us/lmds/dd/multiple/lmds/doc/pdb_orig/4pti.pdb,data/raw/decoy_cache/decoys_r_us/lmds/dd/multiple/lmds/4pti/4pti.45977.pdb
lmds,4pti,data/raw/decoy_cache/decoys_r_us/lmds/dd/multiple/lmds/doc/pdb_orig/4pti.pdb,data/raw/decoy_cache/decoys_r_us/lmds/dd/multiple/lmds/4pti/4pti.46000.pdb
lmds,4pti,data/raw/decoy_cache/decoys_r_us/lmds/dd/multiple/lmds/doc/pdb_orig/4pti.pdb,data/raw/decoy_cache/decoys_r_us/lmds/dd/multiple/lmds/4pti/4pti.46004.pdb
lmds,4pti,data/raw/decoy_cache/decoys_r_us/lmds/dd/multiple/lmds/doc/pdb_orig/4pti.pdb,data/raw/decoy_cache/decoys_r_us/lmds/dd/multiple/lmds/4pti/4pti.46026.pdb
lmds,4pti,data/raw/decoy_cache/decoys_r_us/lmds/dd/multiple/lmds/doc/pdb_orig/4pti.pdb,data/raw/decoy_cache/decoys_r_us/lmds/dd/multiple/lmds/4pti/4pti.46087.pdb
lmds,4pti,data/raw/decoy_cache/decoys_r_us/lmds/dd/multiple/lmds/doc/pdb_orig/4pti.pdb,data/raw/decoy_cache/decoys_r_us/lmds/dd/multiple/lmds/4pti/4pti.46138.pdb
lmds,4pti,data/raw/decoy_cache/decoys_r_us/lmds/dd/multiple/lmds/doc/pdb_orig/4pti.pdb,data/raw/decoy_cache/decoys_r_us/lmds/dd/multiple/lmds/4pti/4pti.46176.pdb
lmds,4pti,data/raw/decoy_cache/decoys_r_us/lmds/dd/multiple/lmds/doc/pdb_orig/4pti.pdb,data/raw/decoy_cache/decoys_r_us/lmds/dd/multiple/lmds/4pti/4pti.46252.pdb
lmds,4pti,data/raw/decoy_cache/decoys_r_us/lmds/dd/multiple/lmds/doc/pdb_orig/4pti.pdb,data/raw/decoy_cache/decoys_r_us/lmds/dd/multiple/lmds/4pti/4pti.46267.pdb
lmds,4pti,data/raw/decoy_cache/decoys_r_us/lmds/dd/multiple/lmds/doc/pdb_orig/4pti.pdb,data/raw/decoy_cache/decoys_r_us/lmds/dd/multiple/lmds/4pti/4pti.46286.pdb
lmds,4pti,data/raw/decoy_cache/decoys_r_us/lmds/dd/multiple/lmds/doc/pdb_orig/4pti.pdb,data/raw/decoy_cache/decoys_r_us/lmds/dd/multiple/lmds/4pti/4pti.46308.pdb
lmds,4pti,data/raw/decoy_cache/decoys_r_us/lmds/dd/multiple/lmds/doc/pdb_orig/4pti.pdb,data/raw/decoy_cache/decoys_r_us/lmds/dd/multiple/lmds/4pti/4pti.46311.pdb
lmds,4pti,data/raw/decoy_cache/decoys_r_us/lmds/dd/multiple/lmds/doc/pdb_orig/4pti.pdb,data/raw/decoy_cache/decoys_r_us/lmds/dd/multiple/lmds/4pti/4pti.46332.pdb
lmds,4pti,data/raw/decoy_cache/decoys_r_us/lmds/dd/multiple/lmds/doc/pdb_orig/4pti.pdb,data/raw/decoy_cache/decoys_r_us/lmds/dd/multiple/lmds/4pti/4pti.46344.pdb
lmds,4pti,data/raw/decoy_cache/decoys_r_us/lmds/dd/multiple/lmds/doc/pdb_orig/4pti.pdb,data/raw/decoy_cache/decoys_r_us/lmds/dd/multiple/lmds/4pti/4pti.46350.pdb
lmds,4pti,data/raw/decoy_cache/decoys_r_us/lmds/dd/multiple/lmds/doc/pdb_orig/4pti.pdb,data/raw/decoy_cache/decoys_r_us/lmds/dd/multiple/lmds/4pti/4pti.46359.pdb
lmds,4pti,data/raw/decoy_cache/decoys_r_us/lmds/dd/multiple/lmds/doc/pdb_orig/4pti.pdb,data/raw/decoy_cache/decoys_r_us/lmds/dd/multiple/lmds/4pti/4pti.46382.pdb
lmds,4pti,data/raw/decoy_cache/decoys_r_us/lmds/dd/multiple/lmds/doc/pdb_orig/4pti.pdb,data/raw/decoy_cache/decoys_r_us/lmds/dd/multiple/lmds/4pti/4pti.46398.pdb
lmds,4pti,data/raw/decoy_cache/decoys_r_us/lmds/dd/multiple/lmds/doc/pdb_orig/4pti.pdb,data/raw/decoy_cache/decoys_r_us/lmds/dd/multiple/lmds/4pti/4pti.46412.pdb
lmds,4pti,data/raw/decoy_cache/decoys_r_us/lmds/dd/multiple/lmds/doc/pdb_orig/4pti.pdb,data/raw/decoy_cache/decoys_r_us/lmds/dd/multiple/lmds/4pti/4pti.46425.pdb
lmds,4pti,data/raw/decoy_cache/decoys_r_us/lmds/dd/multiple/lmds/doc/pdb_orig/4pti.pdb,data/raw/decoy_cache/decoys_r_us/lmds/dd/multiple/lmds/4pti/4pti.46428.pdb
lmds,4pti,data/raw/decoy_cache/decoys_r_us/lmds/dd/multiple/lmds/doc/pdb_orig/4pti.pdb,data/raw/decoy_cache/decoys_r_us/lmds/dd/multiple/lmds/4pti/4pti.46435.pdb
lmds,4pti,data/raw/decoy_cache/decoys_r_us/lmds/dd/multiple/lmds/doc/pdb_orig/4pti.pdb,data/raw/decoy_cache/decoys_r_us/lmds/dd/multiple/lmds/4pti/4pti.50046.pdb
lmds,4pti,data/raw/decoy_cache/decoys_r_us/lmds/dd/multiple/lmds/doc/pdb_orig/4pti.pdb,data/raw/decoy_cache/decoys_r_us/lmds/dd/multiple/lmds/4pti/4pti.5010.pdb
lmds,4pti,data/raw/decoy_cache/decoys_r_us/lmds/dd/multiple/lmds/doc/pdb_orig/4pti.pdb,data/raw/decoy_cache/decoys_r_us/lmds/dd/multiple/lmds/4pti/4pti.5013.pdb
lmds,4pti,data/raw/decoy_cache/decoys_r_us/lmds/dd/multiple/lmds/doc/pdb_orig/4pti.pdb,data/raw/decoy_cache/decoys_r_us/lmds/dd/multiple/lmds/4pti/4pti.50201.pdb
lmds,4pti,data/raw/decoy_cache/decoys_r_us/lmds/dd/multiple/lmds/doc/pdb_orig/4pti.pdb,data/raw/decoy_cache/decoys_r_us/lmds/dd/multiple/lmds/4pti/4pti.50207.pdb
lmds,4pti,data/raw/decoy_cache/decoys_r_us/lmds/dd/multiple/lmds/doc/pdb_orig/4pti.pdb,data/raw/decoy_cache/decoys_r_us/lmds/dd/multiple/lmds/4pti/4pti.50232.pdb
lmds,4pti,data/raw/decoy_cache/decoys_r_us/lmds/dd/multiple/lmds/doc/pdb_orig/4pti.pdb,data/raw/decoy_cache/decoys_r_us/lmds/dd/multiple/lmds/4pti/4pti.50235.pdb
lmds,4pti,data/raw/decoy_cache/decoys_r_us/lmds/dd/multiple/lmds/doc/pdb_orig/4pti.pdb,data/raw/decoy_cache/decoys_r_us/lmds/dd/multiple/lmds/4pti/4pti.50239.pdb
lmds,4pti,data/raw/decoy_cache/decoys_r_us/lmds/dd/multiple/lmds/doc/pdb_orig/4pti.pdb,data/raw/decoy_cache/decoys_r_us/lmds/dd/multiple/lmds/4pti/4pti.50260.pdb
lmds,4pti,data/raw/decoy_cache/decoys_r_us/lmds/dd/multiple/lmds/doc/pdb_orig/4pti.pdb,data/raw/decoy_cache/decoys_r_us/lmds/dd/multiple/lmds/4pti/4pti.50307.pdb
lmds,4pti,data/raw/decoy_cache/decoys_r_us/lmds/dd/multiple/lmds/doc/pdb_orig/4pti.pdb,data/raw/decoy_cache/decoys_r_us/lmds/dd/multiple/lmds/4pti/4pti.50320.pdb
lmds,4pti,data/raw/decoy_cache/decoys_r_us/lmds/dd/multiple/lmds/doc/pdb_orig/4pti.pdb,data/raw/decoy_cache/decoys_r_us/lmds/dd/multiple/lmds/4pti/4pti.50339.pdb
lmds,4pti,data/raw/decoy_cache/decoys_r_us/lmds/dd/multiple/lmds/doc/pdb_orig/4pti.pdb,data/raw/decoy_cache/decoys_r_us/lmds/dd/multiple/lmds/4pti/4pti.50353.pdb
lmds,4pti,data/raw/decoy_cache/decoys_r_us/lmds/dd/multiple/lmds/doc/pdb_orig/4pti.pdb,data/raw/decoy_cache/decoys_r_us/lmds/dd/multiple/lmds/4pti/4pti.50370.pdb
lmds,4pti,data/raw/decoy_cache/decoys_r_us/lmds/dd/multiple/lmds/doc/pdb_orig/4pti.pdb,data/raw/decoy_cache/decoys_r_us/lmds/dd/multiple/lmds/4pti/4pti.50391.pdb
lmds,4pti,data/raw/decoy_cache/decoys_r_us/lmds/dd/multiple/lmds/doc/pdb_orig/4pti.pdb,data/raw/decoy_cache/decoys_r_us/lmds/dd/multiple/lmds/4pti/4pti.50427.pdb
lmds,4pti,data/raw/decoy_cache/decoys_r_us/lmds/dd/multiple/lmds/doc/pdb_orig/4pti.pdb,data/raw/decoy_cache/decoys_r_us/lmds/dd/multiple/lmds/4pti/4pti.50433.pdb
lmds,4pti,data/raw/decoy_cache/decoys_r_us/lmds/dd/multiple/lmds/doc/pdb_orig/4pti.pdb,data/raw/decoy_cache/decoys_r_us/lmds/dd/multiple/lmds/4pti/4pti.50444.pdb
lmds,4pti,data/raw/decoy_cache/decoys_r_us/lmds/dd/multiple/lmds/doc/pdb_orig/4pti.pdb,data/raw/decoy_cache/decoys_r_us/lmds/dd/multiple/lmds/4pti/4pti.50452.pdb
lmds,4pti,data/raw/decoy_cache/decoys_r_us/lmds/dd/multiple/lmds/doc/pdb_orig/4pti.pdb,data/raw/decoy_cache/decoys_r_us/lmds/dd/multiple/lmds/4pti/4pti.50458.pdb
lmds,4pti,data/raw/decoy_cache/decoys_r_us/lmds/dd/multiple/lmds/doc/pdb_orig/4pti.pdb,data/raw/decoy_cache/decoys_r_us/lmds/dd/multiple/lmds/4pti/4pti.50519.pdb
lmds,4pti,data/raw/decoy_cache/decoys_r_us/lmds/dd/multiple/lmds/doc/pdb_orig/4pti.pdb,data/raw/decoy_cache/decoys_r_us/lmds/dd/multiple/lmds/4pti/4pti.50551.pdb
lmds,4pti,data/raw/decoy_cache/decoys_r_us/lmds/dd/multiple/lmds/doc/pdb_orig/4pti.pdb,data/raw/decoy_cache/decoys_r_us/lmds/dd/multiple/lmds/4pti/4pti.50617.pdb
lmds,4pti,data/raw/decoy_cache/decoys_r_us/lmds/dd/multiple/lmds/doc/pdb_orig/4pti.pdb,data/raw/decoy_cache/decoys_r_us/lmds/dd/multiple/lmds/4pti/4pti.50646.pdb
lmds,4pti,data/raw/decoy_cache/decoys_r_us/lmds/dd/multiple/lmds/doc/pdb_orig/4pti.pdb,data/raw/decoy_cache/decoys_r_us/lmds/dd/multiple/lmds/4pti/4pti.50647.pdb
lmds,4pti,data/raw/decoy_cache/decoys_r_us/lmds/dd/multiple/lmds/doc/pdb_orig/4pti.pdb,data/raw/decoy_cache/decoys_r_us/lmds/dd/multiple/lmds/4pti/4pti.50657.pdb
lmds,4pti,data/raw/decoy_cache/decoys_r_us/lmds/dd/multiple/lmds/doc/pdb_orig/4pti.pdb,data/raw/decoy_cache/decoys_r_us/lmds/dd/multiple/lmds/4pti/4pti.50669.pdb
lmds,4pti,data/raw/decoy_cache/decoys_r_us/lmds/dd/multiple/lmds/doc/pdb_orig/4pti.pdb,data/raw/decoy_cache/decoys_r_us/lmds/dd/multiple/lmds/4pti/4pti.50674.pdb
lmds,4pti,data/raw/decoy_cache/decoys_r_us/lmds/dd/multiple/lmds/doc/pdb_orig/4pti.pdb,data/raw/decoy_cache/decoys_r_us/lmds/dd/multiple/lmds/4pti/4pti.5269.pdb
lmds,4pti,data/raw/decoy_cache/decoys_r_us/lmds/dd/multiple/lmds/doc/pdb_orig/4pti.pdb,data/raw/decoy_cache/decoys_r_us/lmds/dd/multiple/lmds/4pti/4pti.5337.pdb
lmds,4pti,data/raw/decoy_cache/decoys_r_us/lmds/dd/multiple/lmds/doc/pdb_orig/4pti.pdb,data/raw/decoy_cache/decoys_r_us/lmds/dd/multiple/lmds/4pti/4pti.5419.pdb
lmds,4pti,data/raw/decoy_cache/decoys_r_us/lmds/dd/multiple/lmds/doc/pdb_orig/4pti.pdb,data/raw/decoy_cache/decoys_r_us/lmds/dd/multiple/lmds/4pti/4pti.5469.pdb
lmds,4pti,data/raw/decoy_cache/decoys_r_us/lmds/dd/multiple/lmds/doc/pdb_orig/4pti.pdb,data/raw/decoy_cache/decoys_r_us/lmds/dd/multiple/lmds/4pti/4pti.5487.pdb
lmds,4pti,data/raw/decoy_cache/decoys_r_us/lmds/dd/multiple/lmds/doc/pdb_orig/4pti.pdb,data/raw/decoy_cache/decoys_r_us/lmds/dd/multiple/lmds/4pti/4pti.5533.pdb
lmds,4pti,data/raw/decoy_cache/decoys_r_us/lmds/dd/multiple/lmds/doc/pdb_orig/4pti.pdb,data/raw/decoy_cache/decoys_r_us/lmds/dd/multiple/lmds/4pti/4pti.5554.pdb
lmds,4pti,data/raw/decoy_cache/decoys_r_us/lmds/dd/multiple/lmds/doc/pdb_orig/4pti.pdb,data/raw/decoy_cache/decoys_r_us/lmds/dd/multiple/lmds/4pti/4pti.5560.pdb
lmds,4pti,data/raw/decoy_cache/decoys_r_us/lmds/dd/multiple/lmds/doc/pdb_orig/4pti.pdb,data/raw/decoy_cache/decoys_r_us/lmds/dd/multiple/lmds/4pti/4pti.pdb
lmds,unk,data/raw/decoy_cache/decoys_r_us/lmds/dd/multiple/lmds/unk/smd3_yeast.10060.pdb,data/raw/decoy_cache/decoys_r_us/lmds/dd/multiple/lmds/unk/smd3_yeast.10155.pdb
lmds,unk,data/raw/decoy_cache/decoys_r_us/lmds/dd/multiple/lmds/unk/smd3_yeast.10060.pdb,data/raw/decoy_cache/decoys_r_us/lmds/dd/multiple/lmds/unk/smd3_yeast.10182.pdb
lmds,unk,data/raw/decoy_cache/decoys_r_us/lmds/dd/multiple/lmds/unk/smd3_yeast.10060.pdb,data/raw/decoy_cache/decoys_r_us/lmds/dd/multiple/lmds/unk/smd3_yeast.10192.pdb
lmds,unk,data/raw/decoy_cache/decoys_r_us/lmds/dd/multiple/lmds/unk/smd3_yeast.10060.pdb,data/raw/decoy_cache/decoys_r_us/lmds/dd/multiple/lmds/unk/smd3_yeast.10230.pdb
lmds,unk,data/raw/decoy_cache/decoys_r_us/lmds/dd/multiple/lmds/unk/smd3_yeast.10060.pdb,data/raw/decoy_cache/decoys_r_us/lmds/dd/multiple/lmds/unk/smd3_yeast.10308.pdb
lmds,unk,data/raw/decoy_cache/decoys_r_us/lmds/dd/multiple/lmds/unk/smd3_yeast.10060.pdb,data/raw/decoy_cache/decoys_r_us/lmds/dd/multiple/lmds/unk/smd3_yeast.10314.pdb
lmds,unk,data/raw/decoy_cache/decoys_r_us/lmds/dd/multiple/lmds/unk/smd3_yeast.10060.pdb,data/raw/decoy_cache/decoys_r_us/lmds/dd/multiple/lmds/unk/smd3_yeast.10371.pdb
lmds,unk,data/raw/decoy_cache/decoys_r_us/lmds/dd/multiple/lmds/unk/smd3_yeast.10060.pdb,data/raw/decoy_cache/decoys_r_us/lmds/dd/multiple/lmds/unk/smd3_yeast.25001.pdb
lmds,unk,data/raw/decoy_cache/decoys_r_us/lmds/dd/multiple/lmds/unk/smd3_yeast.10060.pdb,data/raw/decoy_cache/decoys_r_us/lmds/dd/multiple/lmds/unk/smd3_yeast.25018.pdb
lmds,unk,data/raw/decoy_cache/decoys_r_us/lmds/dd/multiple/lmds/unk/smd3_yeast.10060.pdb,data/raw/decoy_cache/decoys_r_us/lmds/dd/multiple/lmds/unk/smd3_yeast.25035.pdb
lmds,unk,data/raw/decoy_cache/decoys_r_us/lmds/dd/multiple/lmds/unk/smd3_yeast.10060.pdb,data/raw/decoy_cache/decoys_r_us/lmds/dd/multiple/lmds/unk/smd3_yeast.25071.pdb
lmds,unk,data/raw/decoy_cache/decoys_r_us/lmds/dd/multiple/lmds/unk/smd3_yeast.10060.pdb,data/raw/decoy_cache/decoys_r_us/lmds/dd/multiple/lmds/unk/smd3_yeast.25148.pdb
lmds,unk,data/raw/decoy_cache/decoys_r_us/lmds/dd/multiple/lmds/unk/smd3_yeast.10060.pdb,data/raw/decoy_cache/decoys_r_us/lmds/dd/multiple/lmds/unk/smd3_yeast.25154.pdb
lmds,unk,data/raw/decoy_cache/decoys_r_us/lmds/dd/multiple/lmds/unk/smd3_yeast.10060.pdb,data/raw/decoy_cache/decoys_r_us/lmds/dd/multiple/lmds/unk/smd3_yeast.25207.pdb
lmds,unk,data/raw/decoy_cache/decoys_r_us/lmds/dd/multiple/lmds/unk/smd3_yeast.10060.pdb,data/raw/decoy_cache/decoys_r_us/lmds/dd/multiple/lmds/unk/smd3_yeast.25313.pdb
lmds,unk,data/raw/decoy_cache/decoys_r_us/lmds/dd/multiple/lmds/unk/smd3_yeast.10060.pdb,data/raw/decoy_cache/decoys_r_us/lmds/dd/multiple/lmds/unk/smd3_yeast.25374.pdb
lmds,unk,data/raw/decoy_cache/decoys_r_us/lmds/dd/multiple/lmds/unk/smd3_yeast.10060.pdb,data/raw/decoy_cache/decoys_r_us/lmds/dd/multiple/lmds/unk/smd3_yeast.25395.pdb
lmds,unk,data/raw/decoy_cache/decoys_r_us/lmds/dd/multiple/lmds/unk/smd3_yeast.10060.pdb,data/raw/decoy_cache/decoys_r_us/lmds/dd/multiple/lmds/unk/smd3_yeast.25428.pdb
lmds,unk,data/raw/decoy_cache/decoys_r_us/lmds/dd/multiple/lmds/unk/smd3_yeast.10060.pdb,data/raw/decoy_cache/decoys_r_us/lmds/dd/multiple/lmds/unk/smd3_yeast.25453.pdb
lmds,unk,data/raw/decoy_cache/decoys_r_us/lmds/dd/multiple/lmds/unk/smd3_yeast.10060.pdb,data/raw/decoy_cache/decoys_r_us/lmds/dd/multiple/lmds/unk/smd3_yeast.25466.pdb
lmds,unk,data/raw/decoy_cache/decoys_r_us/lmds/dd/multiple/lmds/unk/smd3_yeast.10060.pdb,data/raw/decoy_cache/decoys_r_us/lmds/dd/multiple/lmds/unk/smd3_yeast.25471.pdb
lmds,unk,data/raw/decoy_cache/decoys_r_us/lmds/dd/multiple/lmds/unk/smd3_yeast.10060.pdb,data/raw/decoy_cache/decoys_r_us/lmds/dd/multiple/lmds/unk/smd3_yeast.25487.pdb
lmds,unk,data/raw/decoy_cache/decoys_r_us/lmds/dd/multiple/lmds/unk/smd3_yeast.10060.pdb,data/raw/decoy_cache/decoys_r_us/lmds/dd/multiple/lmds/unk/smd3_yeast.25495.pdb
lmds,unk,data/raw/decoy_cache/decoys_r_us/lmds/dd/multiple/lmds/unk/smd3_yeast.10060.pdb,data/raw/decoy_cache/decoys_r_us/lmds/dd/multiple/lmds/unk/smd3_yeast.25517.pdb
lmds,unk,data/raw/decoy_cache/decoys_r_us/lmds/dd/multiple/lmds/unk/smd3_yeast.10060.pdb,data/raw/decoy_cache/decoys_r_us/lmds/dd/multiple/lmds/unk/smd3_yeast.25533.pdb
lmds,unk,data/raw/decoy_cache/decoys_r_us/lmds/dd/multiple/lmds/unk/smd3_yeast.10060.pdb,data/raw/decoy_cache/decoys_r_us/lmds/dd/multiple/lmds/unk/smd3_yeast.25644.pdb
lmds,unk,data/raw/decoy_cache/decoys_r_us/lmds/dd/multiple/lmds/unk/smd3_yeast.10060.pdb,data/raw/decoy_cache/decoys_r_us/lmds/dd/multiple/lmds/unk/smd3_yeast.25667.pdb
lmds,unk,data/raw/decoy_cache/decoys_r_us/lmds/dd/multiple/lmds/unk/smd3_yeast.10060.pdb,data/raw/decoy_cache/decoys_r_us/lmds/dd/multiple/lmds/unk/smd3_yeast.25681.pdb
lmds,unk,data/raw/decoy_cache/decoys_r_us/lmds/dd/multiple/lmds/unk/smd3_yeast.10060.pdb,data/raw/decoy_cache/decoys_r_us/lmds/dd/multiple/lmds/unk/smd3_yeast.25795.pdb
lmds,unk,data/raw/decoy_cache/decoys_r_us/lmds/dd/multiple/lmds/unk/smd3_yeast.10060.pdb,data/raw/decoy_cache/decoys_r_us/lmds/dd/multiple/lmds/unk/smd3_yeast.25799.pdb
lmds,unk,data/raw/decoy_cache/decoys_r_us/lmds/dd/multiple/lmds/unk/smd3_yeast.10060.pdb,data/raw/decoy_cache/decoys_r_us/lmds/dd/multiple/lmds/unk/smd3_yeast.25829.pdb
lmds,unk,data/raw/decoy_cache/decoys_r_us/lmds/dd/multiple/lmds/unk/smd3_yeast.10060.pdb,data/raw/decoy_cache/decoys_r_us/lmds/dd/multiple/lmds/unk/smd3_yeast.25843.pdb
lmds,unk,data/raw/decoy_cache/decoys_r_us/lmds/dd/multiple/lmds/unk/smd3_yeast.10060.pdb,data/raw/decoy_cache/decoys_r_us/lmds/dd/multiple/lmds/unk/smd3_yeast.25915.pdb
lmds,unk,data/raw/decoy_cache/decoys_r_us/lmds/dd/multiple/lmds/unk/smd3_yeast.10060.pdb,data/raw/decoy_cache/decoys_r_us/lmds/dd/multiple/lmds/unk/smd3_yeast.25940.pdb
lmds,unk,data/raw/decoy_cache/decoys_r_us/lmds/dd/multiple/lmds/unk/smd3_yeast.10060.pdb,data/raw/decoy_cache/decoys_r_us/lmds/dd/multiple/lmds/unk/smd3_yeast.25967.pdb
lmds,unk,data/raw/decoy_cache/decoys_r_us/lmds/dd/multiple/lmds/unk/smd3_yeast.10060.pdb,data/raw/decoy_cache/decoys_r_us/lmds/dd/multiple/lmds/unk/smd3_yeast.25991.pdb
lmds,unk,data/raw/decoy_cache/decoys_r_us/lmds/dd/multiple/lmds/unk/smd3_yeast.10060.pdb,data/raw/decoy_cache/decoys_r_us/lmds/dd/multiple/lmds/unk/smd3_yeast.26047.pdb
lmds,unk,data/raw/decoy_cache/decoys_r_us/lmds/dd/multiple/lmds/unk/smd3_yeast.10060.pdb,data/raw/decoy_cache/decoys_r_us/lmds/dd/multiple/lmds/unk/smd3_yeast.26158.pdb
lmds,unk,data/raw/decoy_cache/decoys_r_us/lmds/dd/multiple/lmds/unk/smd3_yeast.10060.pdb,data/raw/decoy_cache/decoys_r_us/lmds/dd/multiple/lmds/unk/smd3_yeast.26195.pdb
lmds,unk,data/raw/decoy_cache/decoys_r_us/lmds/dd/multiple/lmds/unk/smd3_yeast.10060.pdb,data/raw/decoy_cache/decoys_r_us/lmds/dd/multiple/lmds/unk/smd3_yeast.26219.pdb
lmds,unk,data/raw/decoy_cache/decoys_r_us/lmds/dd/multiple/lmds/unk/smd3_yeast.10060.pdb,data/raw/decoy_cache/decoys_r_us/lmds/dd/multiple/lmds/unk/smd3_yeast.26260.pdb
lmds,unk,data/raw/decoy_cache/decoys_r_us/lmds/dd/multiple/lmds/unk/smd3_yeast.10060.pdb,data/raw/decoy_cache/decoys_r_us/lmds/dd/multiple/lmds/unk/smd3_yeast.26274.pdb
lmds,unk,data/raw/decoy_cache/decoys_r_us/lmds/dd/multiple/lmds/unk/smd3_yeast.10060.pdb,data/raw/decoy_cache/decoys_r_us/lmds/dd/multiple/lmds/unk/smd3_yeast.26279.pdb
lmds,unk,data/raw/decoy_cache/decoys_r_us/lmds/dd/multiple/lmds/unk/smd3_yeast.10060.pdb,data/raw/decoy_cache/decoys_r_us/lmds/dd/multiple/lmds/unk/smd3_yeast.26364.pdb
lmds,unk,data/raw/decoy_cache/decoys_r_us/lmds/dd/multiple/lmds/unk/smd3_yeast.10060.pdb,data/raw/decoy_cache/decoys_r_us/lmds/dd/multiple/lmds/unk/smd3_yeast.26393.pdb
lmds,unk,data/raw/decoy_cache/decoys_r_us/lmds/dd/multiple/lmds/unk/smd3_yeast.10060.pdb,data/raw/decoy_cache/decoys_r_us/lmds/dd/multiple/lmds/unk/smd3_yeast.26409.pdb
lmds,unk,data/raw/decoy_cache/decoys_r_us/lmds/dd/multiple/lmds/unk/smd3_yeast.10060.pdb,data/raw/decoy_cache/decoys_r_us/lmds/dd/multiple/lmds/unk/smd3_yeast.26465.pdb
lmds,unk,data/raw/decoy_cache/decoys_r_us/lmds/dd/multiple/lmds/unk/smd3_yeast.10060.pdb,data/raw/decoy_cache/decoys_r_us/lmds/dd/multiple/lmds/unk/smd3_yeast.26582.pdb
lmds,unk,data/raw/decoy_cache/decoys_r_us/lmds/dd/multiple/lmds/unk/smd3_yeast.10060.pdb,data/raw/decoy_cache/decoys_r_us/lmds/dd/multiple/lmds/unk/smd3_yeast.26629.pdb
lmds,unk,data/raw/decoy_cache/decoys_r_us/lmds/dd/multiple/lmds/unk/smd3_yeast.10060.pdb,data/raw/decoy_cache/decoys_r_us/lmds/dd/multiple/lmds/unk/smd3_yeast.26630.pdb
lmds,unk,data/raw/decoy_cache/decoys_r_us/lmds/dd/multiple/lmds/unk/smd3_yeast.10060.pdb,data/raw/decoy_cache/decoys_r_us/lmds/dd/multiple/lmds/unk/smd3_yeast.26657.pdb
lmds,unk,data/raw/decoy_cache/decoys_r_us/lmds/dd/multiple/lmds/unk/smd3_yeast.10060.pdb,data/raw/decoy_cache/decoys_r_us/lmds/dd/multiple/lmds/unk/smd3_yeast.26659.pdb
lmds,unk,data/raw/decoy_cache/decoys_r_us/lmds/dd/multiple/lmds/unk/smd3_yeast.10060.pdb,data/raw/decoy_cache/decoys_r_us/lmds/dd/multiple/lmds/unk/smd3_yeast.26684.pdb
lmds,unk,data/raw/decoy_cache/decoys_r_us/lmds/dd/multiple/lmds/unk/smd3_yeast.10060.pdb,data/raw/decoy_cache/decoys_r_us/lmds/dd/multiple/lmds/unk/smd3_yeast.26725.pdb
lmds,unk,data/raw/decoy_cache/decoys_r_us/lmds/dd/multiple/lmds/unk/smd3_yeast.10060.pdb,data/raw/decoy_cache/decoys_r_us/lmds/dd/multiple/lmds/unk/smd3_yeast.26741.pdb
lmds,unk,data/raw/decoy_cache/decoys_r_us/lmds/dd/multiple/lmds/unk/smd3_yeast.10060.pdb,data/raw/decoy_cache/decoys_r_us/lmds/dd/multiple/lmds/unk/smd3_yeast.26795.pdb
lmds,unk,data/raw/decoy_cache/decoys_r_us/lmds/dd/multiple/lmds/unk/smd3_yeast.10060.pdb,data/raw/decoy_cache/decoys_r_us/lmds/dd/multiple/lmds/unk/smd3_yeast.26796.pdb
lmds,unk,data/raw/decoy_cache/decoys_r_us/lmds/dd/multiple/lmds/unk/smd3_yeast.10060.pdb,data/raw/decoy_cache/decoys_r_us/lmds/dd/multiple/lmds/unk/smd3_yeast.26819.pdb
lmds,unk,data/raw/decoy_cache/decoys_r_us/lmds/dd/multiple/lmds/unk/smd3_yeast.10060.pdb,data/raw/decoy_cache/decoys_r_us/lmds/dd/multiple/lmds/unk/smd3_yeast.26822.pdb
lmds,unk,data/raw/decoy_cache/decoys_r_us/lmds/dd/multiple/lmds/unk/smd3_yeast.10060.pdb,data/raw/decoy_cache/decoys_r_us/lmds/dd/multiple/lmds/unk/smd3_yeast.26834.pdb
lmds,unk,data/raw/decoy_cache/decoys_r_us/lmds/dd/multiple/lmds/unk/smd3_yeast.10060.pdb,data/raw/decoy_cache/decoys_r_us/lmds/dd/multiple/lmds/unk/smd3_yeast.26917.pdb
lmds,unk,data/raw/decoy_cache/decoys_r_us/lmds/dd/multiple/lmds/unk/smd3_yeast.10060.pdb,data/raw/decoy_cache/decoys_r_us/lmds/dd/multiple/lmds/unk/smd3_yeast.26934.pdb
lmds,unk,data/raw/decoy_cache/decoys_r_us/lmds/dd/multiple/lmds/unk/smd3_yeast.10060.pdb,data/raw/decoy_cache/decoys_r_us/lmds/dd/multiple/lmds/unk/smd3_yeast.26989.pdb
lmds,unk,data/raw/decoy_cache/decoys_r_us/lmds/dd/multiple/lmds/unk/smd3_yeast.10060.pdb,data/raw/decoy_cache/decoys_r_us/lmds/dd/multiple/lmds/unk/smd3_yeast.27101.pdb
lmds,unk,data/raw/decoy_cache/decoys_r_us/lmds/dd/multiple/lmds/unk/smd3_yeast.10060.pdb,data/raw/decoy_cache/decoys_r_us/lmds/dd/multiple/lmds/unk/smd3_yeast.27129.pdb
lmds,unk,data/raw/decoy_cache/decoys_r_us/lmds/dd/multiple/lmds/unk/smd3_yeast.10060.pdb,data/raw/decoy_cache/decoys_r_us/lmds/dd/multiple/lmds/unk/smd3_yeast.27130.pdb
lmds,unk,data/raw/decoy_cache/decoys_r_us/lmds/dd/multiple/lmds/unk/smd3_yeast.10060.pdb,data/raw/decoy_cache/decoys_r_us/lmds/dd/multiple/lmds/unk/smd3_yeast.27200.pdb
lmds,unk,data/raw/decoy_cache/decoys_r_us/lmds/dd/multiple/lmds/unk/smd3_yeast.10060.pdb,data/raw/decoy_cache/decoys_r_us/lmds/dd/multiple/lmds/unk/smd3_yeast.27334.pdb
lmds,unk,data/raw/decoy_cache/decoys_r_us/lmds/dd/multiple/lmds/unk/smd3_yeast.10060.pdb,data/raw/decoy_cache/decoys_r_us/lmds/dd/multiple/lmds/unk/smd3_yeast.27386.pdb
lmds,unk,data/raw/decoy_cache/decoys_r_us/lmds/dd/multiple/lmds/unk/smd3_yeast.10060.pdb,data/raw/decoy_cache/decoys_r_us/lmds/dd/multiple/lmds/unk/smd3_yeast.27449.pdb
lmds,unk,data/raw/decoy_cache/decoys_r_us/lmds/dd/multiple/lmds/unk/smd3_yeast.10060.pdb,data/raw/decoy_cache/decoys_r_us/lmds/dd/multiple/lmds/unk/smd3_yeast.27459.pdb
lmds,unk,data/raw/decoy_cache/decoys_r_us/lmds/dd/multiple/lmds/unk/smd3_yeast.10060.pdb,data/raw/decoy_cache/decoys_r_us/lmds/dd/multiple/lmds/unk/smd3_yeast.27513.pdb
lmds,unk,data/raw/decoy_cache/decoys_r_us/lmds/dd/multiple/lmds/unk/smd3_yeast.10060.pdb,data/raw/decoy_cache/decoys_r_us/lmds/dd/multiple/lmds/unk/smd3_yeast.27566.pdb
lmds,unk,data/raw/decoy_cache/decoys_r_us/lmds/dd/multiple/lmds/unk/smd3_yeast.10060.pdb,data/raw/decoy_cache/decoys_r_us/lmds/dd/multiple/lmds/unk/smd3_yeast.27579.pdb
lmds,unk,data/raw/decoy_cache/decoys_r_us/lmds/dd/multiple/lmds/unk/smd3_yeast.10060.pdb,data/raw/decoy_cache/decoys_r_us/lmds/dd/multiple/lmds/unk/smd3_yeast.27594.pdb
lmds,unk,data/raw/decoy_cache/decoys_r_us/lmds/dd/multiple/lmds/unk/smd3_yeast.10060.pdb,data/raw/decoy_cache/decoys_r_us/lmds/dd/multiple/lmds/unk/smd3_yeast.27613.pdb
lmds,unk,data/raw/decoy_cache/decoys_r_us/lmds/dd/multiple/lmds/unk/smd3_yeast.10060.pdb,data/raw/decoy_cache/decoys_r_us/lmds/dd/multiple/lmds/unk/smd3_yeast.27631.pdb
lmds,unk,data/raw/decoy_cache/decoys_r_us/lmds/dd/multiple/lmds/unk/smd3_yeast.10060.pdb,data/raw/decoy_cache/decoys_r_us/lmds/dd/multiple/lmds/unk/smd3_yeast.27716.pdb
lmds,unk,data/raw/decoy_cache/decoys_r_us/lmds/dd/multiple/lmds/unk/smd3_yeast.10060.pdb,data/raw/decoy_cache/decoys_r_us/lmds/dd/multiple/lmds/unk/smd3_yeast.27729.pdb
lmds,unk,data/raw/decoy_cache/decoys_r_us/lmds/dd/multiple/lmds/unk/smd3_yeast.10060.pdb,data/raw/decoy_cache/decoys_r_us/lmds/dd/multiple/lmds/unk/smd3_yeast.27766.pdb
lmds,unk,data/raw/decoy_cache/decoys_r_us/lmds/dd/multiple/lmds/unk/smd3_yeast.10060.pdb,data/raw/decoy_cache/decoys_r_us/lmds/dd/multiple/lmds/unk/smd3_yeast.27800.pdb
lmds,unk,data/raw/decoy_cache/decoys_r_us/lmds/dd/multiple/lmds/unk/smd3_yeast.10060.pdb,data/raw/decoy_cache/decoys_r_us/lmds/dd/multiple/lmds/unk/smd3_yeast.27826.pdb
lmds,unk,data/raw/decoy_cache/decoys_r_us/lmds/dd/multiple/lmds/unk/smd3_yeast.10060.pdb,data/raw/decoy_cache/decoys_r_us/lmds/dd/multiple/lmds/unk/smd3_yeast.27939.pdb
lmds,unk,data/raw/decoy_cache/decoys_r_us/lmds/dd/multiple/lmds/unk/smd3_yeast.10060.pdb,data/raw/decoy_cache/decoys_r_us/lmds/dd/multiple/lmds/unk/smd3_yeast.27994.pdb
lmds,unk,data/raw/decoy_cache/decoys_r_us/lmds/dd/multiple/lmds/unk/smd3_yeast.10060.pdb,data/raw/decoy_cache/decoys_r_us/lmds/dd/multiple/lmds/unk/smd3_yeast.27997.pdb
lmds,unk,data/raw/decoy_cache/decoys_r_us/lmds/dd/multiple/lmds/unk/smd3_yeast.10060.pdb,data/raw/decoy_cache/decoys_r_us/lmds/dd/multiple/lmds/unk/smd3_yeast.28005.pdb
lmds,unk,data/raw/decoy_cache/decoys_r_us/lmds/dd/multiple/lmds/unk/smd3_yeast.10060.pdb,data/raw/decoy_cache/decoys_r_us/lmds/dd/multiple/lmds/unk/smd3_yeast.28008.pdb
lmds,unk,data/raw/decoy_cache/decoys_r_us/lmds/dd/multiple/lmds/unk/smd3_yeast.10060.pdb,data/raw/decoy_cache/decoys_r_us/lmds/dd/multiple/lmds/unk/smd3_yeast.28140.pdb
lmds,unk,data/raw/decoy_cache/decoys_r_us/lmds/dd/multiple/lmds/unk/smd3_yeast.10060.pdb,data/raw/decoy_cache/decoys_r_us/lmds/dd/multiple/lmds/unk/smd3_yeast.28152.pdb
lmds,unk,data/raw/decoy_cache/decoys_r_us/lmds/dd/multiple/lmds/unk/smd3_yeast.10060.pdb,data/raw/decoy_cache/decoys_r_us/lmds/dd/multiple/lmds/unk/smd3_yeast.28180.pdb
lmds,unk,data/raw/decoy_cache/decoys_r_us/lmds/dd/multiple/lmds/unk/smd3_yeast.10060.pdb,data/raw/decoy_cache/decoys_r_us/lmds/dd/multiple/lmds/unk/smd3_yeast.28194.pdb
lmds,unk,data/raw/decoy_cache/decoys_r_us/lmds/dd/multiple/lmds/unk/smd3_yeast.10060.pdb,data/raw/decoy_cache/decoys_r_us/lmds/dd/multiple/lmds/unk/smd3_yeast.28200.pdb
lmds,unk,data/raw/decoy_cache/decoys_r_us/lmds/dd/multiple/lmds/unk/smd3_yeast.10060.pdb,data/raw/decoy_cache/decoys_r_us/lmds/dd/multiple/lmds/unk/smd3_yeast.28232.pdb
lmds,unk,data/raw/decoy_cache/decoys_r_us/lmds/dd/multiple/lmds/unk/smd3_yeast.10060.pdb,data/raw/decoy_cache/decoys_r_us/lmds/dd/multiple/lmds/unk/smd3_yeast.28324.pdb
lmds,unk,data/raw/decoy_cache/decoys_r_us/lmds/dd/multiple/lmds/unk/smd3_yeast.10060.pdb,data/raw/decoy_cache/decoys_r_us/lmds/dd/multiple/lmds/unk/smd3_yeast.28376.pdb
lmds,unk,data/raw/decoy_cache/decoys_r_us/lmds/dd/multiple/lmds/unk/smd3_yeast.10060.pdb,data/raw/decoy_cache/decoys_r_us/lmds/dd/multiple/lmds/unk/smd3_yeast.28409.pdb
lmds,unk,data/raw/decoy_cache/decoys_r_us/lmds/dd/multiple/lmds/unk/smd3_yeast.10060.pdb,data/raw/decoy_cache/decoys_r_us/lmds/dd/multiple/lmds/unk/smd3_yeast.28514.pdb
lmds,unk,data/raw/decoy_cache/decoys_r_us/lmds/dd/multiple/lmds/unk/smd3_yeast.10060.pdb,data/raw/decoy_cache/decoys_r_us/lmds/dd/multiple/lmds/unk/smd3_yeast.28515.pdb
lmds,unk,data/raw/decoy_cache/decoys_r_us/lmds/dd/multiple/lmds/unk/smd3_yeast.10060.pdb,data/raw/decoy_cache/decoys_r_us/lmds/dd/multiple/lmds/unk/smd3_yeast.28555.pdb
lmds,unk,data/raw/decoy_cache/decoys_r_us/lmds/dd/multiple/lmds/unk/smd3_yeast.10060.pdb,data/raw/decoy_cache/decoys_r_us/lmds/dd/multiple/lmds/unk/smd3_yeast.28562.pdb
lmds,unk,data/raw/decoy_cache/decoys_r_us/lmds/dd/multiple/lmds/unk/smd3_yeast.10060.pdb,data/raw/decoy_cache/decoys_r_us/lmds/dd/multiple/lmds/unk/smd3_yeast.28652.pdb
lmds,unk,data/raw/decoy_cache/decoys_r_us/lmds/dd/multiple/lmds/unk/smd3_yeast.10060.pdb,data/raw/decoy_cache/decoys_r_us/lmds/dd/multiple/lmds/unk/smd3_yeast.28666.pdb
lmds,unk,data/raw/decoy_cache/decoys_r_us/lmds/dd/multiple/lmds/unk/smd3_yeast.10060.pdb,data/raw/decoy_cache/decoys_r_us/lmds/dd/multiple/lmds/unk/smd3_yeast.28740.pdb
lmds,unk,data/raw/decoy_cache/decoys_r_us/lmds/dd/multiple/lmds/unk/smd3_yeast.10060.pdb,data/raw/decoy_cache/decoys_r_us/lmds/dd/multiple/lmds/unk/smd3_yeast.28760.pdb
lmds,unk,data/raw/decoy_cache/decoys_r_us/lmds/dd/multiple/lmds/unk/smd3_yeast.10060.pdb,data/raw/decoy_cache/decoys_r_us/lmds/dd/multiple/lmds/unk/smd3_yeast.28778.pdb
lmds,unk,data/raw/decoy_cache/decoys_r_us/lmds/dd/multiple/lmds/unk/smd3_yeast.10060.pdb,data/raw/decoy_cache/decoys_r_us/lmds/dd/multiple/lmds/unk/smd3_yeast.28808.pdb
lmds,unk,data/raw/decoy_cache/decoys_r_us/lmds/dd/multiple/lmds/unk/smd3_yeast.10060.pdb,data/raw/decoy_cache/decoys_r_us/lmds/dd/multiple/lmds/unk/smd3_yeast.28821.pdb
lmds,unk,data/raw/decoy_cache/decoys_r_us/lmds/dd/multiple/lmds/unk/smd3_yeast.10060.pdb,data/raw/decoy_cache/decoys_r_us/lmds/dd/multiple/lmds/unk/smd3_yeast.28848.pdb
lmds,unk,data/raw/decoy_cache/decoys_r_us/lmds/dd/multiple/lmds/unk/smd3_yeast.10060.pdb,data/raw/decoy_cache/decoys_r_us/lmds/dd/multiple/lmds/unk/smd3_yeast.28880.pdb
lmds,unk,data/raw/decoy_cache/decoys_r_us/lmds/dd/multiple/lmds/unk/smd3_yeast.10060.pdb,data/raw/decoy_cache/decoys_r_us/lmds/dd/multiple/lmds/unk/smd3_yeast.28890.pdb
lmds,unk,data/raw/decoy_cache/decoys_r_us/lmds/dd/multiple/lmds/unk/smd3_yeast.10060.pdb,data/raw/decoy_cache/decoys_r_us/lmds/dd/multiple/lmds/unk/smd3_yeast.28971.pdb
lmds,unk,data/raw/decoy_cache/decoys_r_us/lmds/dd/multiple/lmds/unk/smd3_yeast.10060.pdb,data/raw/decoy_cache/decoys_r_us/lmds/dd/multiple/lmds/unk/smd3_yeast.30008.pdb
lmds,unk,data/raw/decoy_cache/decoys_r_us/lmds/dd/multiple/lmds/unk/smd3_yeast.10060.pdb,data/raw/decoy_cache/decoys_r_us/lmds/dd/multiple/lmds/unk/smd3_yeast.30009.pdb
lmds,unk,data/raw/decoy_cache/decoys_r_us/lmds/dd/multiple/lmds/unk/smd3_yeast.10060.pdb,data/raw/decoy_cache/decoys_r_us/lmds/dd/multiple/lmds/unk/smd3_yeast.30014.pdb
lmds,unk,data/raw/decoy_cache/decoys_r_us/lmds/dd/multiple/lmds/unk/smd3_yeast.10060.pdb,data/raw/decoy_cache/decoys_r_us/lmds/dd/multiple/lmds/unk/smd3_yeast.30044.pdb
lmds,unk,data/raw/decoy_cache/decoys_r_us/lmds/dd/multiple/lmds/unk/smd3_yeast.10060.pdb,data/raw/decoy_cache/decoys_r_us/lmds/dd/multiple/lmds/unk/smd3_yeast.30167.pdb
lmds,unk,data/raw/decoy_cache/decoys_r_us/lmds/dd/multiple/lmds/unk/smd3_yeast.10060.pdb,data/raw/decoy_cache/decoys_r_us/lmds/dd/multiple/lmds/unk/smd3_yeast.30202.pdb
lmds,unk,data/raw/decoy_cache/decoys_r_us/lmds/dd/multiple/lmds/unk/smd3_yeast.10060.pdb,data/raw/decoy_cache/decoys_r_us/lmds/dd/multiple/lmds/unk/smd3_yeast.30238.pdb
lmds,unk,data/raw/decoy_cache/decoys_r_us/lmds/dd/multiple/lmds/unk/smd3_yeast.10060.pdb,data/raw/decoy_cache/decoys_r_us/lmds/dd/multiple/lmds/unk/smd3_yeast.30298.pdb
lmds,unk,data/raw/decoy_cache/decoys_r_us/lmds/dd/multiple/lmds/unk/smd3_yeast.10060.pdb,data/raw/decoy_cache/decoys_r_us/lmds/dd/multiple/lmds/unk/smd3_yeast.30313.pdb
lmds,unk,data/raw/decoy_cache/decoys_r_us/lmds/dd/multiple/lmds/unk/smd3_yeast.10060.pdb,data/raw/decoy_cache/decoys_r_us/lmds/dd/multiple/lmds/unk/smd3_yeast.30337.pdb
lmds,unk,data/raw/decoy_cache/decoys_r_us/lmds/dd/multiple/lmds/unk/smd3_yeast.10060.pdb,data/raw/decoy_cache/decoys_r_us/lmds/dd/multiple/lmds/unk/smd3_yeast.30344.pdb
lmds,unk,data/raw/decoy_cache/decoys_r_us/lmds/dd/multiple/lmds/unk/smd3_yeast.10060.pdb,data/raw/decoy_cache/decoys_r_us/lmds/dd/multiple/lmds/unk/smd3_yeast.30407.pdb
lmds,unk,data/raw/decoy_cache/decoys_r_us/lmds/dd/multiple/lmds/unk/smd3_yeast.10060.pdb,data/raw/decoy_cache/decoys_r_us/lmds/dd/multiple/lmds/unk/smd3_yeast.30426.pdb
lmds,unk,data/raw/decoy_cache/decoys_r_us/lmds/dd/multiple/lmds/unk/smd3_yeast.10060.pdb,data/raw/decoy_cache/decoys_r_us/lmds/dd/multiple/lmds/unk/smd3_yeast.30451.pdb
lmds,unk,data/raw/decoy_cache/decoys_r_us/lmds/dd/multiple/lmds/unk/smd3_yeast.10060.pdb,data/raw/decoy_cache/decoys_r_us/lmds/dd/multiple/lmds/unk/smd3_yeast.30666.pdb
lmds,unk,data/raw/decoy_cache/decoys_r_us/lmds/dd/multiple/lmds/unk/smd3_yeast.10060.pdb,data/raw/decoy_cache/decoys_r_us/lmds/dd/multiple/lmds/unk/smd3_yeast.30668.pdb
lmds,unk,data/raw/decoy_cache/decoys_r_us/lmds/dd/multiple/lmds/unk/smd3_yeast.10060.pdb,data/raw/decoy_cache/decoys_r_us/lmds/dd/multiple/lmds/unk/smd3_yeast.30694.pdb
lmds,unk,data/raw/decoy_cache/decoys_r_us/lmds/dd/multiple/lmds/unk/smd3_yeast.10060.pdb,data/raw/decoy_cache/decoys_r_us/lmds/dd/multiple/lmds/unk/smd3_yeast.30779.pdb
lmds,unk,data/raw/decoy_cache/decoys_r_us/lmds/dd/multiple/lmds/unk/smd3_yeast.10060.pdb,data/raw/decoy_cache/decoys_r_us/lmds/dd/multiple/lmds/unk/smd3_yeast.30784.pdb
lmds,unk,data/raw/decoy_cache/decoys_r_us/lmds/dd/multiple/lmds/unk/smd3_yeast.10060.pdb,data/raw/decoy_cache/decoys_r_us/lmds/dd/multiple/lmds/unk/smd3_yeast.30787.pdb
lmds,unk,data/raw/decoy_cache/decoys_r_us/lmds/dd/multiple/lmds/unk/smd3_yeast.10060.pdb,data/raw/decoy_cache/decoys_r_us/lmds/dd/multiple/lmds/unk/smd3_yeast.30841.pdb
lmds,unk,data/raw/decoy_cache/decoys_r_us/lmds/dd/multiple/lmds/unk/smd3_yeast.10060.pdb,data/raw/decoy_cache/decoys_r_us/lmds/dd/multiple/lmds/unk/smd3_yeast.30857.pdb
lmds,unk,data/raw/decoy_cache/decoys_r_us/lmds/dd/multiple/lmds/unk/smd3_yeast.10060.pdb,data/raw/decoy_cache/decoys_r_us/lmds/dd/multiple/lmds/unk/smd3_yeast.30889.pdb
lmds,unk,data/raw/decoy_cache/decoys_r_us/lmds/dd/multiple/lmds/unk/smd3_yeast.10060.pdb,data/raw/decoy_cache/decoys_r_us/lmds/dd/multiple/lmds/unk/smd3_yeast.30891.pdb
lmds,unk,data/raw/decoy_cache/decoys_r_us/lmds/dd/multiple/lmds/unk/smd3_yeast.10060.pdb,data/raw/decoy_cache/decoys_r_us/lmds/dd/multiple/lmds/unk/smd3_yeast.30909.pdb
lmds,unk,data/raw/decoy_cache/decoys_r_us/lmds/dd/multiple/lmds/unk/smd3_yeast.10060.pdb,data/raw/decoy_cache/decoys_r_us/lmds/dd/multiple/lmds/unk/smd3_yeast.30912.pdb
lmds,unk,data/raw/decoy_cache/decoys_r_us/lmds/dd/multiple/lmds/unk/smd3_yeast.10060.pdb,data/raw/decoy_cache/decoys_r_us/lmds/dd/multiple/lmds/unk/smd3_yeast.30955.pdb
lmds,unk,data/raw/decoy_cache/decoys_r_us/lmds/dd/multiple/lmds/unk/smd3_yeast.10060.pdb,data/raw/decoy_cache/decoys_r_us/lmds/dd/multiple/lmds/unk/smd3_yeast.30999.pdb
lmds,unk,data/raw/decoy_cache/decoys_r_us/lmds/dd/multiple/lmds/unk/smd3_yeast.10060.pdb,data/raw/decoy_cache/decoys_r_us/lmds/dd/multiple/lmds/unk/smd3_yeast.31007.pdb
lmds,unk,data/raw/decoy_cache/decoys_r_us/lmds/dd/multiple/lmds/unk/smd3_yeast.10060.pdb,data/raw/decoy_cache/decoys_r_us/lmds/dd/multiple/lmds/unk/smd3_yeast.31030.pdb
lmds,unk,data/raw/decoy_cache/decoys_r_us/lmds/dd/multiple/lmds/unk/smd3_yeast.10060.pdb,data/raw/decoy_cache/decoys_r_us/lmds/dd/multiple/lmds/unk/smd3_yeast.31068.pdb
lmds,unk,data/raw/decoy_cache/decoys_r_us/lmds/dd/multiple/lmds/unk/smd3_yeast.10060.pdb,data/raw/decoy_cache/decoys_r_us/lmds/dd/multiple/lmds/unk/smd3_yeast.31069.pdb
lmds,unk,data/raw/decoy_cache/decoys_r_us/lmds/dd/multiple/lmds/unk/smd3_yeast.10060.pdb,data/raw/decoy_cache/decoys_r_us/lmds/dd/multiple/lmds/unk/smd3_yeast.31094.pdb
lmds,unk,data/raw/decoy_cache/decoys_r_us/lmds/dd/multiple/lmds/unk/smd3_yeast.10060.pdb,data/raw/decoy_cache/decoys_r_us/lmds/dd/multiple/lmds/unk/smd3_yeast.31123.pdb
lmds,unk,data/raw/decoy_cache/decoys_r_us/lmds/dd/multiple/lmds/unk/smd3_yeast.10060.pdb,data/raw/decoy_cache/decoys_r_us/lmds/dd/multiple/lmds/unk/smd3_yeast.31135.pdb
lmds,unk,data/raw/decoy_cache/decoys_r_us/lmds/dd/multiple/lmds/unk/smd3_yeast.10060.pdb,data/raw/decoy_cache/decoys_r_us/lmds/dd/multiple/lmds/unk/smd3_yeast.31250.pdb
lmds,unk,data/raw/decoy_cache/decoys_r_us/lmds/dd/multiple/lmds/unk/smd3_yeast.10060.pdb,data/raw/decoy_cache/decoys_r_us/lmds/dd/multiple/lmds/unk/smd3_yeast.31300.pdb
lmds,unk,data/raw/decoy_cache/decoys_r_us/lmds/dd/multiple/lmds/unk/smd3_yeast.10060.pdb,data/raw/decoy_cache/decoys_r_us/lmds/dd/multiple/lmds/unk/smd3_yeast.31304.pdb
lmds,unk,data/raw/decoy_cache/decoys_r_us/lmds/dd/multiple/lmds/unk/smd3_yeast.10060.pdb,data/raw/decoy_cache/decoys_r_us/lmds/dd/multiple/lmds/unk/smd3_yeast.31387.pdb
lmds,unk,data/raw/decoy_cache/decoys_r_us/lmds/dd/multiple/lmds/unk/smd3_yeast.10060.pdb,data/raw/decoy_cache/decoys_r_us/lmds/dd/multiple/lmds/unk/smd3_yeast.31393.pdb
lmds,unk,data/raw/decoy_cache/decoys_r_us/lmds/dd/multiple/lmds/unk/smd3_yeast.10060.pdb,data/raw/decoy_cache/decoys_r_us/lmds/dd/multiple/lmds/unk/smd3_yeast.31402.pdb
lmds,unk,data/raw/decoy_cache/decoys_r_us/lmds/dd/multiple/lmds/unk/smd3_yeast.10060.pdb,data/raw/decoy_cache/decoys_r_us/lmds/dd/multiple/lmds/unk/smd3_yeast.31561.pdb
lmds,unk,data/raw/decoy_cache/decoys_r_us/lmds/dd/multiple/lmds/unk/smd3_yeast.10060.pdb,data/raw/decoy_cache/decoys_r_us/lmds/dd/multiple/lmds/unk/smd3_yeast.31644.pdb
lmds,unk,data/raw/decoy_cache/decoys_r_us/lmds/dd/multiple/lmds/unk/smd3_yeast.10060.pdb,data/raw/decoy_cache/decoys_r_us/lmds/dd/multiple/lmds/unk/smd3_yeast.31651.pdb
lmds,unk,data/raw/decoy_cache/decoys_r_us/lmds/dd/multiple/lmds/unk/smd3_yeast.10060.pdb,data/raw/decoy_cache/decoys_r_us/lmds/dd/multiple/lmds/unk/smd3_yeast.31655.pdb
lmds,unk,data/raw/decoy_cache/decoys_r_us/lmds/dd/multiple/lmds/unk/smd3_yeast.10060.pdb,data/raw/decoy_cache/decoys_r_us/lmds/dd/multiple/lmds/unk/smd3_yeast.31717.pdb
lmds,unk,data/raw/decoy_cache/decoys_r_us/lmds/dd/multiple/lmds/unk/smd3_yeast.10060.pdb,data/raw/decoy_cache/decoys_r_us/lmds/dd/multiple/lmds/unk/smd3_yeast.31729.pdb
lmds,unk,data/raw/decoy_cache/decoys_r_us/lmds/dd/multiple/lmds/unk/smd3_yeast.10060.pdb,data/raw/decoy_cache/decoys_r_us/lmds/dd/multiple/lmds/unk/smd3_yeast.31812.pdb
lmds,unk,data/raw/decoy_cache/decoys_r_us/lmds/dd/multiple/lmds/unk/smd3_yeast.10060.pdb,data/raw/decoy_cache/decoys_r_us/lmds/dd/multiple/lmds/unk/smd3_yeast.31891.pdb
lmds,unk,data/raw/decoy_cache/decoys_r_us/lmds/dd/multiple/lmds/unk/smd3_yeast.10060.pdb,data/raw/decoy_cache/decoys_r_us/lmds/dd/multiple/lmds/unk/smd3_yeast.32016.pdb
lmds,unk,data/raw/decoy_cache/decoys_r_us/lmds/dd/multiple/lmds/unk/smd3_yeast.10060.pdb,data/raw/decoy_cache/decoys_r_us/lmds/dd/multiple/lmds/unk/smd3_yeast.32029.pdb
lmds,unk,data/raw/decoy_cache/decoys_r_us/lmds/dd/multiple/lmds/unk/smd3_yeast.10060.pdb,data/raw/decoy_cache/decoys_r_us/lmds/dd/multiple/lmds/unk/smd3_yeast.32099.pdb
lmds,unk,data/raw/decoy_cache/decoys_r_us/lmds/dd/multiple/lmds/unk/smd3_yeast.10060.pdb,data/raw/decoy_cache/decoys_r_us/lmds/dd/multiple/lmds/unk/smd3_yeast.32145.pdb
lmds,unk,data/raw/decoy_cache/decoys_r_us/lmds/dd/multiple/lmds/unk/smd3_yeast.10060.pdb,data/raw/decoy_cache/decoys_r_us/lmds/dd/multiple/lmds/unk/smd3_yeast.32232.pdb
lmds,unk,data/raw/decoy_cache/decoys_r_us/lmds/dd/multiple/lmds/unk/smd3_yeast.10060.pdb,data/raw/decoy_cache/decoys_r_us/lmds/dd/multiple/lmds/unk/smd3_yeast.32236.pdb
lmds,unk,data/raw/decoy_cache/decoys_r_us/lmds/dd/multiple/lmds/unk/smd3_yeast.10060.pdb,data/raw/decoy_cache/decoys_r_us/lmds/dd/multiple/lmds/unk/smd3_yeast.32275.pdb
lmds,unk,data/raw/decoy_cache/decoys_r_us/lmds/dd/multiple/lmds/unk/smd3_yeast.10060.pdb,data/raw/decoy_cache/decoys_r_us/lmds/dd/multiple/lmds/unk/smd3_yeast.32293.pdb
lmds,unk,data/raw/decoy_cache/decoys_r_us/lmds/dd/multiple/lmds/unk/smd3_yeast.10060.pdb,data/raw/decoy_cache/decoys_r_us/lmds/dd/multiple/lmds/unk/smd3_yeast.32310.pdb
lmds,unk,data/raw/decoy_cache/decoys_r_us/lmds/dd/multiple/lmds/unk/smd3_yeast.10060.pdb,data/raw/decoy_cache/decoys_r_us/lmds/dd/multiple/lmds/unk/smd3_yeast.32331.pdb
lmds,unk,data/raw/decoy_cache/decoys_r_us/lmds/dd/multiple/lmds/unk/smd3_yeast.10060.pdb,data/raw/decoy_cache/decoys_r_us/lmds/dd/multiple/lmds/unk/smd3_yeast.32349.pdb
lmds,unk,data/raw/decoy_cache/decoys_r_us/lmds/dd/multiple/lmds/unk/smd3_yeast.10060.pdb,data/raw/decoy_cache/decoys_r_us/lmds/dd/multiple/lmds/unk/smd3_yeast.32370.pdb
lmds,unk,data/raw/decoy_cache/decoys_r_us/lmds/dd/multiple/lmds/unk/smd3_yeast.10060.pdb,data/raw/decoy_cache/decoys_r_us/lmds/dd/multiple/lmds/unk/smd3_yeast.32398.pdb
lmds,unk,data/raw/decoy_cache/decoys_r_us/lmds/dd/multiple/lmds/unk/smd3_yeast.10060.pdb,data/raw/decoy_cache/decoys_r_us/lmds/dd/multiple/lmds/unk/smd3_yeast.32434.pdb
lmds,unk,data/raw/decoy_cache/decoys_r_us/lmds/dd/multiple/lmds/unk/smd3_yeast.10060.pdb,data/raw/decoy_cache/decoys_r_us/lmds/dd/multiple/lmds/unk/smd3_yeast.32461.pdb
lmds,unk,data/raw/decoy_cache/decoys_r_us/lmds/dd/multiple/lmds/unk/smd3_yeast.10060.pdb,data/raw/decoy_cache/decoys_r_us/lmds/dd/multiple/lmds/unk/smd3_yeast.32476.pdb
lmds,unk,data/raw/decoy_cache/decoys_r_us/lmds/dd/multiple/lmds/unk/smd3_yeast.10060.pdb,data/raw/decoy_cache/decoys_r_us/lmds/dd/multiple/lmds/unk/smd3_yeast.32505.pdb
lmds,unk,data/raw/decoy_cache/decoys_r_us/lmds/dd/multiple/lmds/unk/smd3_yeast.10060.pdb,data/raw/decoy_cache/decoys_r_us/lmds/dd/multiple/lmds/unk/smd3_yeast.32558.pdb
lmds,unk,data/raw/decoy_cache/decoys_r_us/lmds/dd/multiple/lmds/unk/smd3_yeast.10060.pdb,data/raw/decoy_cache/decoys_r_us/lmds/dd/multiple/lmds/unk/smd3_yeast.32561.pdb
lmds,unk,data/raw/decoy_cache/decoys_r_us/lmds/dd/multiple/lmds/unk/smd3_yeast.10060.pdb,data/raw/decoy_cache/decoys_r_us/lmds/dd/multiple/lmds/unk/smd3_yeast.32611.pdb
lmds,unk,data/raw/decoy_cache/decoys_r_us/lmds/dd/multiple/lmds/unk/smd3_yeast.10060.pdb,data/raw/decoy_cache/decoys_r_us/lmds/dd/multiple/lmds/unk/smd3_yeast.32613.pdb
lmds,unk,data/raw/decoy_cache/decoys_r_us/lmds/dd/multiple/lmds/unk/smd3_yeast.10060.pdb,data/raw/decoy_cache/decoys_r_us/lmds/dd/multiple/lmds/unk/smd3_yeast.32625.pdb
lmds,unk,data/raw/decoy_cache/decoys_r_us/lmds/dd/multiple/lmds/unk/smd3_yeast.10060.pdb,data/raw/decoy_cache/decoys_r_us/lmds/dd/multiple/lmds/unk/smd3_yeast.32636.pdb
lmds,unk,data/raw/decoy_cache/decoys_r_us/lmds/dd/multiple/lmds/unk/smd3_yeast.10060.pdb,data/raw/decoy_cache/decoys_r_us/lmds/dd/multiple/lmds/unk/smd3_yeast.32657.pdb
lmds,unk,data/raw/decoy_cache/decoys_r_us/lmds/dd/multiple/lmds/unk/smd3_yeast.10060.pdb,data/raw/decoy_cache/decoys_r_us/lmds/dd/multiple/lmds/unk/smd3_yeast.32685.pdb
lmds,unk,data/raw/decoy_cache/decoys_r_us/lmds/dd/multiple/lmds/unk/smd3_yeast.10060.pdb,data/raw/decoy_cache/decoys_r_us/lmds/dd/multiple/lmds/unk/smd3_yeast.32709.pdb
lmds,unk,data/raw/decoy_cache/decoys_r_us/lmds/dd/multiple/lmds/unk/smd3_yeast.10060.pdb,data/raw/decoy_cache/decoys_r_us/lmds/dd/multiple/lmds/unk/smd3_yeast.32736.pdb
lmds,unk,data/raw/decoy_cache/decoys_r_us/lmds/dd/multiple/lmds/unk/smd3_yeast.10060.pdb,data/raw/decoy_cache/decoys_r_us/lmds/dd/multiple/lmds/unk/smd3_yeast.32757.pdb
lmds,unk,data/raw/decoy_cache/decoys_r_us/lmds/dd/multiple/lmds/unk/smd3_yeast.10060.pdb,data/raw/decoy_cache/decoys_r_us/lmds/dd/multiple/lmds/unk/smd3_yeast.32768.pdb
lmds,unk,data/raw/decoy_cache/decoys_r_us/lmds/dd/multiple/lmds/unk/smd3_yeast.10060.pdb,data/raw/decoy_cache/decoys_r_us/lmds/dd/multiple/lmds/unk/smd3_yeast.32797.pdb
lmds,unk,data/raw/decoy_cache/decoys_r_us/lmds/dd/multiple/lmds/unk/smd3_yeast.10060.pdb,data/raw/decoy_cache/decoys_r_us/lmds/dd/multiple/lmds/unk/smd3_yeast.32890.pdb
lmds,unk,data/raw/decoy_cache/decoys_r_us/lmds/dd/multiple/lmds/unk/smd3_yeast.10060.pdb,data/raw/decoy_cache/decoys_r_us/lmds/dd/multiple/lmds/unk/smd3_yeast.32952.pdb
lmds,unk,data/raw/decoy_cache/decoys_r_us/lmds/dd/multiple/lmds/unk/smd3_yeast.10060.pdb,data/raw/decoy_cache/decoys_r_us/lmds/dd/multiple/lmds/unk/smd3_yeast.32990.pdb
lmds,unk,data/raw/decoy_cache/decoys_r_us/lmds/dd/multiple/lmds/unk/smd3_yeast.10060.pdb,data/raw/decoy_cache/decoys_r_us/lmds/dd/multiple/lmds/unk/smd3_yeast.33040.pdb
lmds,unk,data/raw/decoy_cache/decoys_r_us/lmds/dd/multiple/lmds/unk/smd3_yeast.10060.pdb,data/raw/decoy_cache/decoys_r_us/lmds/dd/multiple/lmds/unk/smd3_yeast.33043.pdb
lmds,unk,data/raw/decoy_cache/decoys_r_us/lmds/dd/multiple/lmds/unk/smd3_yeast.10060.pdb,data/raw/decoy_cache/decoys_r_us/lmds/dd/multiple/lmds/unk/smd3_yeast.33066.pdb
lmds,unk,data/raw/decoy_cache/decoys_r_us/lmds/dd/multiple/lmds/unk/smd3_yeast.10060.pdb,data/raw/decoy_cache/decoys_r_us/lmds/dd/multiple/lmds/unk/smd3_yeast.33141.pdb
lmds,unk,data/raw/decoy_cache/decoys_r_us/lmds/dd/multiple/lmds/unk/smd3_yeast.10060.pdb,data/raw/decoy_cache/decoys_r_us/lmds/dd/multiple/lmds/unk/smd3_yeast.33155.pdb
lmds,unk,data/raw/decoy_cache/decoys_r_us/lmds/dd/multiple/lmds/unk/smd3_yeast.10060.pdb,data/raw/decoy_cache/decoys_r_us/lmds/dd/multiple/lmds/unk/smd3_yeast.33192.pdb
lmds,unk,data/raw/decoy_cache/decoys_r_us/lmds/dd/multiple/lmds/unk/smd3_yeast.10060.pdb,data/raw/decoy_cache/decoys_r_us/lmds/dd/multiple/lmds/unk/smd3_yeast.33212.pdb
lmds,unk,data/raw/decoy_cache/decoys_r_us/lmds/dd/multiple/lmds/unk/smd3_yeast.10060.pdb,data/raw/decoy_cache/decoys_r_us/lmds/dd/multiple/lmds/unk/smd3_yeast.33235.pdb
lmds,unk,data/raw/decoy_cache/decoys_r_us/lmds/dd/multiple/lmds/unk/smd3_yeast.10060.pdb,data/raw/decoy_cache/decoys_r_us/lmds/dd/multiple/lmds/unk/smd3_yeast.33265.pdb
lmds,unk,data/raw/decoy_cache/decoys_r_us/lmds/dd/multiple/lmds/unk/smd3_yeast.10060.pdb,data/raw/decoy_cache/decoys_r_us/lmds/dd/multiple/lmds/unk/smd3_yeast.33291.pdb
lmds,unk,data/raw/decoy_cache/decoys_r_us/lmds/dd/multiple/lmds/unk/smd3_yeast.10060.pdb,data/raw/decoy_cache/decoys_r_us/lmds/dd/multiple/lmds/unk/smd3_yeast.33325.pdb
lmds,unk,data/raw/decoy_cache/decoys_r_us/lmds/dd/multiple/lmds/unk/smd3_yeast.10060.pdb,data/raw/decoy_cache/decoys_r_us/lmds/dd/multiple/lmds/unk/smd3_yeast.33353.pdb
lmds,unk,data/raw/decoy_cache/decoys_r_us/lmds/dd/multiple/lmds/unk/smd3_yeast.10060.pdb,data/raw/decoy_cache/decoys_r_us/lmds/dd/multiple/lmds/unk/smd3_yeast.33374.pdb
lmds,unk,data/raw/decoy_cache/decoys_r_us/lmds/dd/multiple/lmds/unk/smd3_yeast.10060.pdb,data/raw/decoy_cache/decoys_r_us/lmds/dd/multiple/lmds/unk/smd3_yeast.33399.pdb
lmds,unk,data/raw/decoy_cache/decoys_r_us/lmds/dd/multiple/lmds/unk/smd3_yeast.10060.pdb,data/raw/decoy_cache/decoys_r_us/lmds/dd/multiple/lmds/unk/smd3_yeast.33413.pdb
lmds,unk,data/raw/decoy_cache/decoys_r_us/lmds/dd/multiple/lmds/unk/smd3_yeast.10060.pdb,data/raw/decoy_cache/decoys_r_us/lmds/dd/multiple/lmds/unk/smd3_yeast.33428.pdb
lmds,unk,data/raw/decoy_cache/decoys_r_us/lmds/dd/multiple/lmds/unk/smd3_yeast.10060.pdb,data/raw/decoy_cache/decoys_r_us/lmds/dd/multiple/lmds/unk/smd3_yeast.33533.pdb
lmds,unk,data/raw/decoy_cache/decoys_r_us/lmds/dd/multiple/lmds/unk/smd3_yeast.10060.pdb,data/raw/decoy_cache/decoys_r_us/lmds/dd/multiple/lmds/unk/smd3_yeast.33582.pdb
lmds,unk,data/raw/decoy_cache/decoys_r_us/lmds/dd/multiple/lmds/unk/smd3_yeast.10060.pdb,data/raw/decoy_cache/decoys_r_us/lmds/dd/multiple/lmds/unk/smd3_yeast.33620.pdb
lmds,unk,data/raw/decoy_cache/decoys_r_us/lmds/dd/multiple/lmds/unk/smd3_yeast.10060.pdb,data/raw/decoy_cache/decoys_r_us/lmds/dd/multiple/lmds/unk/smd3_yeast.33662.pdb
lmds,unk,data/raw/decoy_cache/decoys_r_us/lmds/dd/multiple/lmds/unk/smd3_yeast.10060.pdb,data/raw/decoy_cache/decoys_r_us/lmds/dd/multiple/lmds/unk/smd3_yeast.33691.pdb
lmds,unk,data/raw/decoy_cache/decoys_r_us/lmds/dd/multiple/lmds/unk/smd3_yeast.10060.pdb,data/raw/decoy_cache/decoys_r_us/lmds/dd/multiple/lmds/unk/smd3_yeast.33692.pdb
lmds,unk,data/raw/decoy_cache/decoys_r_us/lmds/dd/multiple/lmds/unk/smd3_yeast.10060.pdb,data/raw/decoy_cache/decoys_r_us/lmds/dd/multiple/lmds/unk/smd3_yeast.35000.pdb
lmds,unk,data/raw/decoy_cache/decoys_r_us/lmds/dd/multiple/lmds/unk/smd3_yeast.10060.pdb,data/raw/decoy_cache/decoys_r_us/lmds/dd/multiple/lmds/unk/smd3_yeast.35101.pdb
lmds,unk,data/raw/decoy_cache/decoys_r_us/lmds/dd/multiple/lmds/unk/smd3_yeast.10060.pdb,data/raw/decoy_cache/decoys_r_us/lmds/dd/multiple/lmds/unk/smd3_yeast.35131.pdb
lmds,unk,data/raw/decoy_cache/decoys_r_us/lmds/dd/multiple/lmds/unk/smd3_yeast.10060.pdb,data/raw/decoy_cache/decoys_r_us/lmds/dd/multiple/lmds/unk/smd3_yeast.35210.pdb
lmds,unk,data/raw/decoy_cache/decoys_r_us/lmds/dd/multiple/lmds/unk/smd3_yeast.10060.pdb,data/raw/decoy_cache/decoys_r_us/lmds/dd/multiple/lmds/unk/smd3_yeast.35321.pdb
lmds,unk,data/raw/decoy_cache/decoys_r_us/lmds/dd/multiple/lmds/unk/smd3_yeast.10060.pdb,data/raw/decoy_cache/decoys_r_us/lmds/dd/multiple/lmds/unk/smd3_yeast.35363.pdb
lmds,unk,data/raw/decoy_cache/decoys_r_us/lmds/dd/multiple/lmds/unk/smd3_yeast.10060.pdb,data/raw/decoy_cache/decoys_r_us/lmds/dd/multiple/lmds/unk/smd3_yeast.35412.pdb
lmds,unk,data/raw/decoy_cache/decoys_r_us/lmds/dd/multiple/lmds/unk/smd3_yeast.10060.pdb,data/raw/decoy_cache/decoys_r_us/lmds/dd/multiple/lmds/unk/smd3_yeast.35741.pdb
lmds,unk,data/raw/decoy_cache/decoys_r_us/lmds/dd/multiple/lmds/unk/smd3_yeast.10060.pdb,data/raw/decoy_cache/decoys_r_us/lmds/dd/multiple/lmds/unk/smd3_yeast.35891.pdb
lmds,unk,data/raw/decoy_cache/decoys_r_us/lmds/dd/multiple/lmds/unk/smd3_yeast.10060.pdb,data/raw/decoy_cache/decoys_r_us/lmds/dd/multiple/lmds/unk/smd3_yeast.35938.pdb
lmds,unk,data/raw/decoy_cache/decoys_r_us/lmds/dd/multiple/lmds/unk/smd3_yeast.10060.pdb,data/raw/decoy_cache/decoys_r_us/lmds/dd/multiple/lmds/unk/smd3_yeast.35960.pdb
lmds,unk,data/raw/decoy_cache/decoys_r_us/lmds/dd/multiple/lmds/unk/smd3_yeast.10060.pdb,data/raw/decoy_cache/decoys_r_us/lmds/dd/multiple/lmds/unk/smd3_yeast.35997.pdb
lmds,unk,data/raw/decoy_cache/decoys_r_us/lmds/dd/multiple/lmds/unk/smd3_yeast.10060.pdb,data/raw/decoy_cache/decoys_r_us/lmds/dd/multiple/lmds/unk/smd3_yeast.36051.pdb
lmds,unk,data/raw/decoy_cache/decoys_r_us/lmds/dd/multiple/lmds/unk/smd3_yeast.10060.pdb,data/raw/decoy_cache/decoys_r_us/lmds/dd/multiple/lmds/unk/smd3_yeast.36109.pdb
lmds,unk,data/raw/decoy_cache/decoys_r_us/lmds/dd/multiple/lmds/unk/smd3_yeast.10060.pdb,data/raw/decoy_cache/decoys_r_us/lmds/dd/multiple/lmds/unk/smd3_yeast.36112.pdb
lmds,unk,data/raw/decoy_cache/decoys_r_us/lmds/dd/multiple/lmds/unk/smd3_yeast.10060.pdb,data/raw/decoy_cache/decoys_r_us/lmds/dd/multiple/lmds/unk/smd3_yeast.36125.pdb
lmds,unk,data/raw/decoy_cache/decoys_r_us/lmds/dd/multiple/lmds/unk/smd3_yeast.10060.pdb,data/raw/decoy_cache/decoys_r_us/lmds/dd/multiple/lmds/unk/smd3_yeast.36137.pdb
lmds,unk,data/raw/decoy_cache/decoys_r_us/lmds/dd/multiple/lmds/unk/smd3_yeast.10060.pdb,data/raw/decoy_cache/decoys_r_us/lmds/dd/multiple/lmds/unk/smd3_yeast.36190.pdb
lmds,unk,data/raw/decoy_cache/decoys_r_us/lmds/dd/multiple/lmds/unk/smd3_yeast.10060.pdb,data/raw/decoy_cache/decoys_r_us/lmds/dd/multiple/lmds/unk/smd3_yeast.36197.pdb
lmds,unk,data/raw/decoy_cache/decoys_r_us/lmds/dd/multiple/lmds/unk/smd3_yeast.10060.pdb,data/raw/decoy_cache/decoys_r_us/lmds/dd/multiple/lmds/unk/smd3_yeast.36216.pdb
lmds,unk,data/raw/decoy_cache/decoys_r_us/lmds/dd/multiple/lmds/unk/smd3_yeast.10060.pdb,data/raw/decoy_cache/decoys_r_us/lmds/dd/multiple/lmds/unk/smd3_yeast.36222.pdb
lmds,unk,data/raw/decoy_cache/decoys_r_us/lmds/dd/multiple/lmds/unk/smd3_yeast.10060.pdb,data/raw/decoy_cache/decoys_r_us/lmds/dd/multiple/lmds/unk/smd3_yeast.36254.pdb
lmds,unk,data/raw/decoy_cache/decoys_r_us/lmds/dd/multiple/lmds/unk/smd3_yeast.10060.pdb,data/raw/decoy_cache/decoys_r_us/lmds/dd/multiple/lmds/unk/smd3_yeast.36273.pdb
lmds,unk,data/raw/decoy_cache/decoys_r_us/lmds/dd/multiple/lmds/unk/smd3_yeast.10060.pdb,data/raw/decoy_cache/decoys_r_us/lmds/dd/multiple/lmds/unk/smd3_yeast.36367.pdb
lmds,unk,data/raw/decoy_cache/decoys_r_us/lmds/dd/multiple/lmds/unk/smd3_yeast.10060.pdb,data/raw/decoy_cache/decoys_r_us/lmds/dd/multiple/lmds/unk/smd3_yeast.36400.pdb
lmds,unk,data/raw/decoy_cache/decoys_r_us/lmds/dd/multiple/lmds/unk/smd3_yeast.10060.pdb,data/raw/decoy_cache/decoys_r_us/lmds/dd/multiple/lmds/unk/smd3_yeast.36492.pdb
lmds,unk,data/raw/decoy_cache/decoys_r_us/lmds/dd/multiple/lmds/unk/smd3_yeast.10060.pdb,data/raw/decoy_cache/decoys_r_us/lmds/dd/multiple/lmds/unk/smd3_yeast.36510.pdb
lmds,unk,data/raw/decoy_cache/decoys_r_us/lmds/dd/multiple/lmds/unk/smd3_yeast.10060.pdb,data/raw/decoy_cache/decoys_r_us/lmds/dd/multiple/lmds/unk/smd3_yeast.36521.pdb
lmds,unk,data/raw/decoy_cache/decoys_r_us/lmds/dd/multiple/lmds/unk/smd3_yeast.10060.pdb,data/raw/decoy_cache/decoys_r_us/lmds/dd/multiple/lmds/unk/smd3_yeast.36561.pdb
lmds,unk,data/raw/decoy_cache/decoys_r_us/lmds/dd/multiple/lmds/unk/smd3_yeast.10060.pdb,data/raw/decoy_cache/decoys_r_us/lmds/dd/multiple/lmds/unk/smd3_yeast.36646.pdb
lmds,unk,data/raw/decoy_cache/decoys_r_us/lmds/dd/multiple/lmds/unk/smd3_yeast.10060.pdb,data/raw/decoy_cache/decoys_r_us/lmds/dd/multiple/lmds/unk/smd3_yeast.36715.pdb
lmds,unk,data/raw/decoy_cache/decoys_r_us/lmds/dd/multiple/lmds/unk/smd3_yeast.10060.pdb,data/raw/decoy_cache/decoys_r_us/lmds/dd/multiple/lmds/unk/smd3_yeast.36794.pdb
lmds,unk,data/raw/decoy_cache/decoys_r_us/lmds/dd/multiple/lmds/unk/smd3_yeast.10060.pdb,data/raw/decoy_cache/decoys_r_us/lmds/dd/multiple/lmds/unk/smd3_yeast.36795.pdb
lmds,unk,data/raw/decoy_cache/decoys_r_us/lmds/dd/multiple/lmds/unk/smd3_yeast.10060.pdb,data/raw/decoy_cache/decoys_r_us/lmds/dd/multiple/lmds/unk/smd3_yeast.36865.pdb
lmds,unk,data/raw/decoy_cache/decoys_r_us/lmds/dd/multiple/lmds/unk/smd3_yeast.10060.pdb,data/raw/decoy_cache/decoys_r_us/lmds/dd/multiple/lmds/unk/smd3_yeast.36884.pdb
lmds,unk,data/raw/decoy_cache/decoys_r_us/lmds/dd/multiple/lmds/unk/smd3_yeast.10060.pdb,data/raw/decoy_cache/decoys_r_us/lmds/dd/multiple/lmds/unk/smd3_yeast.36941.pdb
lmds,unk,data/raw/decoy_cache/decoys_r_us/lmds/dd/multiple/lmds/unk/smd3_yeast.10060.pdb,data/raw/decoy_cache/decoys_r_us/lmds/dd/multiple/lmds/unk/smd3_yeast.37020.pdb
lmds,unk,data/raw/decoy_cache/decoys_r_us/lmds/dd/multiple/lmds/unk/smd3_yeast.10060.pdb,data/raw/decoy_cache/decoys_r_us/lmds/dd/multiple/lmds/unk/smd3_yeast.37093.pdb
lmds,unk,data/raw/decoy_cache/decoys_r_us/lmds/dd/multiple/lmds/unk/smd3_yeast.10060.pdb,data/raw/decoy_cache/decoys_r_us/lmds/dd/multiple/lmds/unk/smd3_yeast.37094.pdb
lmds,unk,data/raw/decoy_cache/decoys_r_us/lmds/dd/multiple/lmds/unk/smd3_yeast.10060.pdb,data/raw/decoy_cache/decoys_r_us/lmds/dd/multiple/lmds/unk/smd3_yeast.37097.pdb
lmds,unk,data/raw/decoy_cache/decoys_r_us/lmds/dd/multiple/lmds/unk/smd3_yeast.10060.pdb,data/raw/decoy_cache/decoys_r_us/lmds/dd/multiple/lmds/unk/smd3_yeast.37115.pdb
lmds,unk,data/raw/decoy_cache/decoys_r_us/lmds/dd/multiple/lmds/unk/smd3_yeast.10060.pdb,data/raw/decoy_cache/decoys_r_us/lmds/dd/multiple/lmds/unk/smd3_yeast.37185.pdb
lmds,unk,data/raw/decoy_cache/decoys_r_us/lmds/dd/multiple/lmds/unk/smd3_yeast.10060.pdb,data/raw/decoy_cache/decoys_r_us/lmds/dd/multiple/lmds/unk/smd3_yeast.37251.pdb
lmds,unk,data/raw/decoy_cache/decoys_r_us/lmds/dd/multiple/lmds/unk/smd3_yeast.10060.pdb,data/raw/decoy_cache/decoys_r_us/lmds/dd/multiple/lmds/unk/smd3_yeast.37256.pdb
lmds,unk,data/raw/decoy_cache/decoys_r_us/lmds/dd/multiple/lmds/unk/smd3_yeast.10060.pdb,data/raw/decoy_cache/decoys_r_us/lmds/dd/multiple/lmds/unk/smd3_yeast.37303.pdb
lmds,unk,data/raw/decoy_cache/decoys_r_us/lmds/dd/multiple/lmds/unk/smd3_yeast.10060.pdb,data/raw/decoy_cache/decoys_r_us/lmds/dd/multiple/lmds/unk/smd3_yeast.37313.pdb
lmds,unk,data/raw/decoy_cache/decoys_r_us/lmds/dd/multiple/lmds/unk/smd3_yeast.10060.pdb,data/raw/decoy_cache/decoys_r_us/lmds/dd/multiple/lmds/unk/smd3_yeast.37419.pdb
lmds,unk,data/raw/decoy_cache/decoys_r_us/lmds/dd/multiple/lmds/unk/smd3_yeast.10060.pdb,data/raw/decoy_cache/decoys_r_us/lmds/dd/multiple/lmds/unk/smd3_yeast.37434.pdb
lmds,unk,data/raw/decoy_cache/decoys_r_us/lmds/dd/multiple/lmds/unk/smd3_yeast.10060.pdb,data/raw/decoy_cache/decoys_r_us/lmds/dd/multiple/lmds/unk/smd3_yeast.37475.pdb
lmds,unk,data/raw/decoy_cache/decoys_r_us/lmds/dd/multiple/lmds/unk/smd3_yeast.10060.pdb,data/raw/decoy_cache/decoys_r_us/lmds/dd/multiple/lmds/unk/smd3_yeast.37503.pdb
lmds,unk,data/raw/decoy_cache/decoys_r_us/lmds/dd/multiple/lmds/unk/smd3_yeast.10060.pdb,data/raw/decoy_cache/decoys_r_us/lmds/dd/multiple/lmds/unk/smd3_yeast.37712.pdb
lmds,unk,data/raw/decoy_cache/decoys_r_us/lmds/dd/multiple/lmds/unk/smd3_yeast.10060.pdb,data/raw/decoy_cache/decoys_r_us/lmds/dd/multiple/lmds/unk/smd3_yeast.37727.pdb
lmds,unk,data/raw/decoy_cache/decoys_r_us/lmds/dd/multiple/lmds/unk/smd3_yeast.10060.pdb,data/raw/decoy_cache/decoys_r_us/lmds/dd/multiple/lmds/unk/smd3_yeast.37771.pdb
lmds,unk,data/raw/decoy_cache/decoys_r_us/lmds/dd/multiple/lmds/unk/smd3_yeast.10060.pdb,data/raw/decoy_cache/decoys_r_us/lmds/dd/multiple/lmds/unk/smd3_yeast.37789.pdb
lmds,unk,data/raw/decoy_cache/decoys_r_us/lmds/dd/multiple/lmds/unk/smd3_yeast.10060.pdb,data/raw/decoy_cache/decoys_r_us/lmds/dd/multiple/lmds/unk/smd3_yeast.37802.pdb
lmds,unk,data/raw/decoy_cache/decoys_r_us/lmds/dd/multiple/lmds/unk/smd3_yeast.10060.pdb,data/raw/decoy_cache/decoys_r_us/lmds/dd/multiple/lmds/unk/smd3_yeast.37836.pdb
lmds,unk,data/raw/decoy_cache/decoys_r_us/lmds/dd/multiple/lmds/unk/smd3_yeast.10060.pdb,data/raw/decoy_cache/decoys_r_us/lmds/dd/multiple/lmds/unk/smd3_yeast.37860.pdb
lmds,unk,data/raw/decoy_cache/decoys_r_us/lmds/dd/multiple/lmds/unk/smd3_yeast.10060.pdb,data/raw/decoy_cache/decoys_r_us/lmds/dd/multiple/lmds/unk/smd3_yeast.37942.pdb
lmds,unk,data/raw/decoy_cache/decoys_r_us/lmds/dd/multiple/lmds/unk/smd3_yeast.10060.pdb,data/raw/decoy_cache/decoys_r_us/lmds/dd/multiple/lmds/unk/smd3_yeast.37951.pdb
lmds,unk,data/raw/decoy_cache/decoys_r_us/lmds/dd/multiple/lmds/unk/smd3_yeast.10060.pdb,data/raw/decoy_cache/decoys_r_us/lmds/dd/multiple/lmds/unk/smd3_yeast.37970.pdb
lmds,unk,data/raw/decoy_cache/decoys_r_us/lmds/dd/multiple/lmds/unk/smd3_yeast.10060.pdb,data/raw/decoy_cache/decoys_r_us/lmds/dd/multiple/lmds/unk/smd3_yeast.37981.pdb
lmds,unk,data/raw/decoy_cache/decoys_r_us/lmds/dd/multiple/lmds/unk/smd3_yeast.10060.pdb,data/raw/decoy_cache/decoys_r_us/lmds/dd/multiple/lmds/unk/smd3_yeast.38002.pdb
lmds,unk,data/raw/decoy_cache/decoys_r_us/lmds/dd/multiple/lmds/unk/smd3_yeast.10060.pdb,data/raw/decoy_cache/decoys_r_us/lmds/dd/multiple/lmds/unk/smd3_yeast.38003.pdb
lmds,unk,data/raw/decoy_cache/decoys_r_us/lmds/dd/multiple/lmds/unk/smd3_yeast.10060.pdb,data/raw/decoy_cache/decoys_r_us/lmds/dd/multiple/lmds/unk/smd3_yeast.38042.pdb
lmds,unk,data/raw/decoy_cache/decoys_r_us/lmds/dd/multiple/lmds/unk/smd3_yeast.10060.pdb,data/raw/decoy_cache/decoys_r_us/lmds/dd/multiple/lmds/unk/smd3_yeast.38052.pdb
lmds,unk,data/raw/decoy_cache/decoys_r_us/lmds/dd/multiple/lmds/unk/smd3_yeast.10060.pdb,data/raw/decoy_cache/decoys_r_us/lmds/dd/multiple/lmds/unk/smd3_yeast.38065.pdb
lmds,unk,data/raw/decoy_cache/decoys_r_us/lmds/dd/multiple/lmds/unk/smd3_yeast.10060.pdb,data/raw/decoy_cache/decoys_r_us/lmds/dd/multiple/lmds/unk/smd3_yeast.38068.pdb
lmds,unk,data/raw/decoy_cache/decoys_r_us/lmds/dd/multiple/lmds/unk/smd3_yeast.10060.pdb,data/raw/decoy_cache/decoys_r_us/lmds/dd/multiple/lmds/unk/smd3_yeast.38096.pdb
lmds,unk,data/raw/decoy_cache/decoys_r_us/lmds/dd/multiple/lmds/unk/smd3_yeast.10060.pdb,data/raw/decoy_cache/decoys_r_us/lmds/dd/multiple/lmds/unk/smd3_yeast.38214.pdb
lmds,unk,data/raw/decoy_cache/decoys_r_us/lmds/dd/multiple/lmds/unk/smd3_yeast.10060.pdb,data/raw/decoy_cache/decoys_r_us/lmds/dd/multiple/lmds/unk/smd3_yeast.38228.pdb
lmds,unk,data/raw/decoy_cache/decoys_r_us/lmds/dd/multiple/lmds/unk/smd3_yeast.10060.pdb,data/raw/decoy_cache/decoys_r_us/lmds/dd/multiple/lmds/unk/smd3_yeast.40039.pdb
lmds,unk,data/raw/decoy_cache/decoys_r_us/lmds/dd/multiple/lmds/unk/smd3_yeast.10060.pdb,data/raw/decoy_cache/decoys_r_us/lmds/dd/multiple/lmds/unk/smd3_yeast.40073.pdb
lmds,unk,data/raw/decoy_cache/decoys_r_us/lmds/dd/multiple/lmds/unk/smd3_yeast.10060.pdb,data/raw/decoy_cache/decoys_r_us/lmds/dd/multiple/lmds/unk/smd3_yeast.40121.pdb
lmds,unk,data/raw/decoy_cache/decoys_r_us/lmds/dd/multiple/lmds/unk/smd3_yeast.10060.pdb,data/raw/decoy_cache/decoys_r_us/lmds/dd/multiple/lmds/unk/smd3_yeast.40147.pdb
lmds,unk,data/raw/decoy_cache/decoys_r_us/lmds/dd/multiple/lmds/unk/smd3_yeast.10060.pdb,data/raw/decoy_cache/decoys_r_us/lmds/dd/multiple/lmds/unk/smd3_yeast.40307.pdb
lmds,unk,data/raw/decoy_cache/decoys_r_us/lmds/dd/multiple/lmds/unk/smd3_yeast.10060.pdb,data/raw/decoy_cache/decoys_r_us/lmds/dd/multiple/lmds/unk/smd3_yeast.40378.pdb
lmds,unk,data/raw/decoy_cache/decoys_r_us/lmds/dd/multiple/lmds/unk/smd3_yeast.10060.pdb,data/raw/decoy_cache/decoys_r_us/lmds/dd/multiple/lmds/unk/smd3_yeast.40392.pdb
lmds,unk,data/raw/decoy_cache/decoys_r_us/lmds/dd/multiple/lmds/unk/smd3_yeast.10060.pdb,data/raw/decoy_cache/decoys_r_us/lmds/dd/multiple/lmds/unk/smd3_yeast.40393.pdb
lmds,unk,data/raw/decoy_cache/decoys_r_us/lmds/dd/multiple/lmds/unk/smd3_yeast.10060.pdb,data/raw/decoy_cache/decoys_r_us/lmds/dd/multiple/lmds/unk/smd3_yeast.40467.pdb
lmds,unk,data/raw/decoy_cache/decoys_r_us/lmds/dd/multiple/lmds/unk/smd3_yeast.10060.pdb,data/raw/decoy_cache/decoys_r_us/lmds/dd/multiple/lmds/unk/smd3_yeast.40547.pdb
lmds,unk,data/raw/decoy_cache/decoys_r_us/lmds/dd/multiple/lmds/unk/smd3_yeast.10060.pdb,data/raw/decoy_cache/decoys_r_us/lmds/dd/multiple/lmds/unk/smd3_yeast.40570.pdb
lmds,unk,data/raw/decoy_cache/decoys_r_us/lmds/dd/multiple/lmds/unk/smd3_yeast.10060.pdb,data/raw/decoy_cache/decoys_r_us/lmds/dd/multiple/lmds/unk/smd3_yeast.40572.pdb
lmds,unk,data/raw/decoy_cache/decoys_r_us/lmds/dd/multiple/lmds/unk/smd3_yeast.10060.pdb,data/raw/decoy_cache/decoys_r_us/lmds/dd/multiple/lmds/unk/smd3_yeast.40624.pdb
lmds,unk,data/raw/decoy_cache/decoys_r_us/lmds/dd/multiple/lmds/unk/smd3_yeast.10060.pdb,data/raw/decoy_cache/decoys_r_us/lmds/dd/multiple/lmds/unk/smd3_yeast.40661.pdb
lmds,unk,data/raw/decoy_cache/decoys_r_us/lmds/dd/multiple/lmds/unk/smd3_yeast.10060.pdb,data/raw/decoy_cache/decoys_r_us/lmds/dd/multiple/lmds/unk/smd3_yeast.40702.pdb
lmds,unk,data/raw/decoy_cache/decoys_r_us/lmds/dd/multiple/lmds/unk/smd3_yeast.10060.pdb,data/raw/decoy_cache/decoys_r_us/lmds/dd/multiple/lmds/unk/smd3_yeast.40755.pdb
lmds,unk,data/raw/decoy_cache/decoys_r_us/lmds/dd/multiple/lmds/unk/smd3_yeast.10060.pdb,data/raw/decoy_cache/decoys_r_us/lmds/dd/multiple/lmds/unk/smd3_yeast.40787.pdb
lmds,unk,data/raw/decoy_cache/decoys_r_us/lmds/dd/multiple/lmds/unk/smd3_yeast.10060.pdb,data/raw/decoy_cache/decoys_r_us/lmds/dd/multiple/lmds/unk/smd3_yeast.40802.pdb
lmds,unk,data/raw/decoy_cache/decoys_r_us/lmds/dd/multiple/lmds/unk/smd3_yeast.10060.pdb,data/raw/decoy_cache/decoys_r_us/lmds/dd/multiple/lmds/unk/smd3_yeast.40842.pdb
lmds,unk,data/raw/decoy_cache/decoys_r_us/lmds/dd/multiple/lmds/unk/smd3_yeast.10060.pdb,data/raw/decoy_cache/decoys_r_us/lmds/dd/multiple/lmds/unk/smd3_yeast.40904.pdb
lmds,unk,data/raw/decoy_cache/decoys_r_us/lmds/dd/multiple/lmds/unk/smd3_yeast.10060.pdb,data/raw/decoy_cache/decoys_r_us/lmds/dd/multiple/lmds/unk/smd3_yeast.40994.pdb
lmds,unk,data/raw/decoy_cache/decoys_r_us/lmds/dd/multiple/lmds/unk/smd3_yeast.10060.pdb,data/raw/decoy_cache/decoys_r_us/lmds/dd/multiple/lmds/unk/smd3_yeast.41069.pdb
lmds,unk,data/raw/decoy_cache/decoys_r_us/lmds/dd/multiple/lmds/unk/smd3_yeast.10060.pdb,data/raw/decoy_cache/decoys_r_us/lmds/dd/multiple/lmds/unk/smd3_yeast.41107.pdb
lmds,unk,data/raw/decoy_cache/decoys_r_us/lmds/dd/multiple/lmds/unk/smd3_yeast.10060.pdb,data/raw/decoy_cache/decoys_r_us/lmds/dd/multiple/lmds/unk/smd3_yeast.41158.pdb
lmds,unk,data/raw/decoy_cache/decoys_r_us/lmds/dd/multiple/lmds/unk/smd3_yeast.10060.pdb,data/raw/decoy_cache/decoys_r_us/lmds/dd/multiple/lmds/unk/smd3_yeast.41261.pdb
lmds,unk,data/raw/decoy_cache/decoys_r_us/lmds/dd/multiple/lmds/unk/smd3_yeast.10060.pdb,data/raw/decoy_cache/decoys_r_us/lmds/dd/multiple/lmds/unk/smd3_yeast.41274.pdb
lmds,unk,data/raw/decoy_cache/decoys_r_us/lmds/dd/multiple/lmds/unk/smd3_yeast.10060.pdb,data/raw/decoy_cache/decoys_r_us/lmds/dd/multiple/lmds/unk/smd3_yeast.41330.pdb
lmds,unk,data/raw/decoy_cache/decoys_r_us/lmds/dd/multiple/lmds/unk/smd3_yeast.10060.pdb,data/raw/decoy_cache/decoys_r_us/lmds/dd/multiple/lmds/unk/smd3_yeast.41393.pdb
lmds,unk,data/raw/decoy_cache/decoys_r_us/lmds/dd/multiple/lmds/unk/smd3_yeast.10060.pdb,data/raw/decoy_cache/decoys_r_us/lmds/dd/multiple/lmds/unk/smd3_yeast.41496.pdb
lmds,unk,data/raw/decoy_cache/decoys_r_us/lmds/dd/multiple/lmds/unk/smd3_yeast.10060.pdb,data/raw/decoy_cache/decoys_r_us/lmds/dd/multiple/lmds/unk/smd3_yeast.41509.pdb
lmds,unk,data/raw/decoy_cache/decoys_r_us/lmds/dd/multiple/lmds/unk/smd3_yeast.10060.pdb,data/raw/decoy_cache/decoys_r_us/lmds/dd/multiple/lmds/unk/smd3_yeast.41520.pdb
lmds,unk,data/raw/decoy_cache/decoys_r_us/lmds/dd/multiple/lmds/unk/smd3_yeast.10060.pdb,data/raw/decoy_cache/decoys_r_us/lmds/dd/multiple/lmds/unk/smd3_yeast.41525.pdb
lmds,unk,data/raw/decoy_cache/decoys_r_us/lmds/dd/multiple/lmds/unk/smd3_yeast.10060.pdb,data/raw/decoy_cache/decoys_r_us/lmds/dd/multiple/lmds/unk/smd3_yeast.41528.pdb
lmds,unk,data/raw/decoy_cache/decoys_r_us/lmds/dd/multiple/lmds/unk/smd3_yeast.10060.pdb,data/raw/decoy_cache/decoys_r_us/lmds/dd/multiple/lmds/unk/smd3_yeast.41550.pdb
lmds,unk,data/raw/decoy_cache/decoys_r_us/lmds/dd/multiple/lmds/unk/smd3_yeast.10060.pdb,data/raw/decoy_cache/decoys_r_us/lmds/dd/multiple/lmds/unk/smd3_yeast.41592.pdb
lmds,unk,data/raw/decoy_cache/decoys_r_us/lmds/dd/multiple/lmds/unk/smd3_yeast.10060.pdb,data/raw/decoy_cache/decoys_r_us/lmds/dd/multiple/lmds/unk/smd3_yeast.41652.pdb
lmds,unk,data/raw/decoy_cache/decoys_r_us/lmds/dd/multiple/lmds/unk/smd3_yeast.10060.pdb,data/raw/decoy_cache/decoys_r_us/lmds/dd/multiple/lmds/unk/smd3_yeast.41713.pdb
lmds,unk,data/raw/decoy_cache/decoys_r_us/lmds/dd/multiple/lmds/unk/smd3_yeast.10060.pdb,data/raw/decoy_cache/decoys_r_us/lmds/dd/multiple/lmds/unk/smd3_yeast.41730.pdb
lmds,unk,data/raw/decoy_cache/decoys_r_us/lmds/dd/multiple/lmds/unk/smd3_yeast.10060.pdb,data/raw/decoy_cache/decoys_r_us/lmds/dd/multiple/lmds/unk/smd3_yeast.41759.pdb
lmds,unk,data/raw/decoy_cache/decoys_r_us/lmds/dd/multiple/lmds/unk/smd3_yeast.10060.pdb,data/raw/decoy_cache/decoys_r_us/lmds/dd/multiple/lmds/unk/smd3_yeast.41922.pdb
lmds,unk,data/raw/decoy_cache/decoys_r_us/lmds/dd/multiple/lmds/unk/smd3_yeast.10060.pdb,data/raw/decoy_cache/decoys_r_us/lmds/dd/multiple/lmds/unk/smd3_yeast.41954.pdb
lmds,unk,data/raw/decoy_cache/decoys_r_us/lmds/dd/multiple/lmds/unk/smd3_yeast.10060.pdb,data/raw/decoy_cache/decoys_r_us/lmds/dd/multiple/lmds/unk/smd3_yeast.41963.pdb
lmds,unk,data/raw/decoy_cache/decoys_r_us/lmds/dd/multiple/lmds/unk/smd3_yeast.10060.pdb,data/raw/decoy_cache/decoys_r_us/lmds/dd/multiple/lmds/unk/smd3_yeast.41997.pdb
lmds,unk,data/raw/decoy_cache/decoys_r_us/lmds/dd/multiple/lmds/unk/smd3_yeast.10060.pdb,data/raw/decoy_cache/decoys_r_us/lmds/dd/multiple/lmds/unk/smd3_yeast.42089.pdb
lmds,unk,data/raw/decoy_cache/decoys_r_us/lmds/dd/multiple/lmds/unk/smd3_yeast.10060.pdb,data/raw/decoy_cache/decoys_r_us/lmds/dd/multiple/lmds/unk/smd3_yeast.42130.pdb
lmds,unk,data/raw/decoy_cache/decoys_r_us/lmds/dd/multiple/lmds/unk/smd3_yeast.10060.pdb,data/raw/decoy_cache/decoys_r_us/lmds/dd/multiple/lmds/unk/smd3_yeast.42296.pdb
lmds,unk,data/raw/decoy_cache/decoys_r_us/lmds/dd/multiple/lmds/unk/smd3_yeast.10060.pdb,data/raw/decoy_cache/decoys_r_us/lmds/dd/multiple/lmds/unk/smd3_yeast.42346.pdb
lmds,unk,data/raw/decoy_cache/decoys_r_us/lmds/dd/multiple/lmds/unk/smd3_yeast.10060.pdb,data/raw/decoy_cache/decoys_r_us/lmds/dd/multiple/lmds/unk/smd3_yeast.42479.pdb
lmds,unk,data/raw/decoy_cache/decoys_r_us/lmds/dd/multiple/lmds/unk/smd3_yeast.10060.pdb,data/raw/decoy_cache/decoys_r_us/lmds/dd/multiple/lmds/unk/smd3_yeast.42513.pdb
lmds,unk,data/raw/decoy_cache/decoys_r_us/lmds/dd/multiple/lmds/unk/smd3_yeast.10060.pdb,data/raw/decoy_cache/decoys_r_us/lmds/dd/multiple/lmds/unk/smd3_yeast.42538.pdb
lmds,unk,data/raw/decoy_cache/decoys_r_us/lmds/dd/multiple/lmds/unk/smd3_yeast.10060.pdb,data/raw/decoy_cache/decoys_r_us/lmds/dd/multiple/lmds/unk/smd3_yeast.42594.pdb
lmds,unk,data/raw/decoy_cache/decoys_r_us/lmds/dd/multiple/lmds/unk/smd3_yeast.10060.pdb,data/raw/decoy_cache/decoys_r_us/lmds/dd/multiple/lmds/unk/smd3_yeast.42613.pdb
lmds,unk,data/raw/decoy_cache/decoys_r_us/lmds/dd/multiple/lmds/unk/smd3_yeast.10060.pdb,data/raw/decoy_cache/decoys_r_us/lmds/dd/multiple/lmds/unk/smd3_yeast.42691.pdb
lmds,unk,data/raw/decoy_cache/decoys_r_us/lmds/dd/multiple/lmds/unk/smd3_yeast.10060.pdb,data/raw/decoy_cache/decoys_r_us/lmds/dd/multiple/lmds/unk/smd3_yeast.42699.pdb
lmds,unk,data/raw/decoy_cache/decoys_r_us/lmds/dd/multiple/lmds/unk/smd3_yeast.10060.pdb,data/raw/decoy_cache/decoys_r_us/lmds/dd/multiple/lmds/unk/smd3_yeast.42722.pdb
lmds,unk,data/raw/decoy_cache/decoys_r_us/lmds/dd/multiple/lmds/unk/smd3_yeast.10060.pdb,data/raw/decoy_cache/decoys_r_us/lmds/dd/multiple/lmds/unk/smd3_yeast.42729.pdb
lmds,unk,data/raw/decoy_cache/decoys_r_us/lmds/dd/multiple/lmds/unk/smd3_yeast.10060.pdb,data/raw/decoy_cache/decoys_r_us/lmds/dd/multiple/lmds/unk/smd3_yeast.42756.pdb
lmds,unk,data/raw/decoy_cache/decoys_r_us/lmds/dd/multiple/lmds/unk/smd3_yeast.10060.pdb,data/raw/decoy_cache/decoys_r_us/lmds/dd/multiple/lmds/unk/smd3_yeast.42780.pdb
lmds,unk,data/raw/decoy_cache/decoys_r_us/lmds/dd/multiple/lmds/unk/smd3_yeast.10060.pdb,data/raw/decoy_cache/decoys_r_us/lmds/dd/multiple/lmds/unk/smd3_yeast.42787.pdb
lmds,unk,data/raw/decoy_cache/decoys_r_us/lmds/dd/multiple/lmds/unk/smd3_yeast.10060.pdb,data/raw/decoy_cache/decoys_r_us/lmds/dd/multiple/lmds/unk/smd3_yeast.42850.pdb
lmds,unk,data/raw/decoy_cache/decoys_r_us/lmds/dd/multiple/lmds/unk/smd3_yeast.10060.pdb,data/raw/decoy_cache/decoys_r_us/lmds/dd/multiple/lmds/unk/smd3_yeast.42965.pdb
lmds,unk,data/raw/decoy_cache/decoys_r_us/lmds/dd/multiple/lmds/unk/smd3_yeast.10060.pdb,data/raw/decoy_cache/decoys_r_us/lmds/dd/multiple/lmds/unk/smd3_yeast.43001.pdb
lmds,unk,data/raw/decoy_cache/decoys_r_us/lmds/dd/multiple/lmds/unk/smd3_yeast.10060.pdb,data/raw/decoy_cache/decoys_r_us/lmds/dd/multiple/lmds/unk/smd3_yeast.43010.pdb
lmds,unk,data/raw/decoy_cache/decoys_r_us/lmds/dd/multiple/lmds/unk/smd3_yeast.10060.pdb,data/raw/decoy_cache/decoys_r_us/lmds/dd/multiple/lmds/unk/smd3_yeast.43099.pdb
lmds,unk,data/raw/decoy_cache/decoys_r_us/lmds/dd/multiple/lmds/unk/smd3_yeast.10060.pdb,data/raw/decoy_cache/decoys_r_us/lmds/dd/multiple/lmds/unk/smd3_yeast.43117.pdb
lmds,unk,data/raw/decoy_cache/decoys_r_us/lmds/dd/multiple/lmds/unk/smd3_yeast.10060.pdb,data/raw/decoy_cache/decoys_r_us/lmds/dd/multiple/lmds/unk/smd3_yeast.45024.pdb
lmds,unk,data/raw/decoy_cache/decoys_r_us/lmds/dd/multiple/lmds/unk/smd3_yeast.10060.pdb,data/raw/decoy_cache/decoys_r_us/lmds/dd/multiple/lmds/unk/smd3_yeast.45041.pdb
lmds,unk,data/raw/decoy_cache/decoys_r_us/lmds/dd/multiple/lmds/unk/smd3_yeast.10060.pdb,data/raw/decoy_cache/decoys_r_us/lmds/dd/multiple/lmds/unk/smd3_yeast.45063.pdb
lmds,unk,data/raw/decoy_cache/decoys_r_us/lmds/dd/multiple/lmds/unk/smd3_yeast.10060.pdb,data/raw/decoy_cache/decoys_r_us/lmds/dd/multiple/lmds/unk/smd3_yeast.45075.pdb
lmds,unk,data/raw/decoy_cache/decoys_r_us/lmds/dd/multiple/lmds/unk/smd3_yeast.10060.pdb,data/raw/decoy_cache/decoys_r_us/lmds/dd/multiple/lmds/unk/smd3_yeast.45092.pdb
lmds,unk,data/raw/decoy_cache/decoys_r_us/lmds/dd/multiple/lmds/unk/smd3_yeast.10060.pdb,data/raw/decoy_cache/decoys_r_us/lmds/dd/multiple/lmds/unk/smd3_yeast.45164.pdb
lmds,unk,data/raw/decoy_cache/decoys_r_us/lmds/dd/multiple/lmds/unk/smd3_yeast.10060.pdb,data/raw/decoy_cache/decoys_r_us/lmds/dd/multiple/lmds/unk/smd3_yeast.45207.pdb
lmds,unk,data/raw/decoy_cache/decoys_r_us/lmds/dd/multiple/lmds/unk/smd3_yeast.10060.pdb,data/raw/decoy_cache/decoys_r_us/lmds/dd/multiple/lmds/unk/smd3_yeast.45209.pdb
lmds,unk,data/raw/decoy_cache/decoys_r_us/lmds/dd/multiple/lmds/unk/smd3_yeast.10060.pdb,data/raw/decoy_cache/decoys_r_us/lmds/dd/multiple/lmds/unk/smd3_yeast.45245.pdb
lmds,unk,data/raw/decoy_cache/decoys_r_us/lmds/dd/multiple/lmds/unk/smd3_yeast.10060.pdb,data/raw/decoy_cache/decoys_r_us/lmds/dd/multiple/lmds/unk/smd3_yeast.45261.pdb
lmds,unk,data/raw/decoy_cache/decoys_r_us/lmds/dd/multiple/lmds/unk/smd3_yeast.10060.pdb,data/raw/decoy_cache/decoys_r_us/lmds/dd/multiple/lmds/unk/smd3_yeast.45378.pdb
lmds,unk,data/raw/decoy_cache/decoys_r_us/lmds/dd/multiple/lmds/unk/smd3_yeast.10060.pdb,data/raw/decoy_cache/decoys_r_us/lmds/dd/multiple/lmds/unk/smd3_yeast.45410.pdb
lmds,unk,data/raw/decoy_cache/decoys_r_us/lmds/dd/multiple/lmds/unk/smd3_yeast.10060.pdb,data/raw/decoy_cache/decoys_r_us/lmds/dd/multiple/lmds/unk/smd3_yeast.45419.pdb
lmds,unk,data/raw/decoy_cache/decoys_r_us/lmds/dd/multiple/lmds/unk/smd3_yeast.10060.pdb,data/raw/decoy_cache/decoys_r_us/lmds/dd/multiple/lmds/unk/smd3_yeast.45433.pdb
lmds,unk,data/raw/decoy_cache/decoys_r_us/lmds/dd/multiple/lmds/unk/smd3_yeast.10060.pdb,data/raw/decoy_cache/decoys_r_us/lmds/dd/multiple/lmds/unk/smd3_yeast.45445.pdb
lmds,unk,data/raw/decoy_cache/decoys_r_us/lmds/dd/multiple/lmds/unk/smd3_yeast.10060.pdb,data/raw/decoy_cache/decoys_r_us/lmds/dd/multiple/lmds/unk/smd3_yeast.45487.pdb
lmds,unk,data/raw/decoy_cache/decoys_r_us/lmds/dd/multiple/lmds/unk/smd3_yeast.10060.pdb,data/raw/decoy_cache/decoys_r_us/lmds/dd/multiple/lmds/unk/smd3_yeast.45514.pdb
lmds,unk,data/raw/decoy_cache/decoys_r_us/lmds/dd/multiple/lmds/unk/smd3_yeast.10060.pdb,data/raw/decoy_cache/decoys_r_us/lmds/dd/multiple/lmds/unk/smd3_yeast.45536.pdb
lmds,unk,data/raw/decoy_cache/decoys_r_us/lmds/dd/multiple/lmds/unk/smd3_yeast.10060.pdb,data/raw/decoy_cache/decoys_r_us/lmds/dd/multiple/lmds/unk/smd3_yeast.45556.pdb
lmds,unk,data/raw/decoy_cache/decoys_r_us/lmds/dd/multiple/lmds/unk/smd3_yeast.10060.pdb,data/raw/decoy_cache/decoys_r_us/lmds/dd/multiple/lmds/unk/smd3_yeast.45571.pdb
lmds,unk,data/raw/decoy_cache/decoys_r_us/lmds/dd/multiple/lmds/unk/smd3_yeast.10060.pdb,data/raw/decoy_cache/decoys_r_us/lmds/dd/multiple/lmds/unk/smd3_yeast.45581.pdb
lmds,unk,data/raw/decoy_cache/decoys_r_us/lmds/dd/multiple/lmds/unk/smd3_yeast.10060.pdb,data/raw/decoy_cache/decoys_r_us/lmds/dd/multiple/lmds/unk/smd3_yeast.45585.pdb
lmds,unk,data/raw/decoy_cache/decoys_r_us/lmds/dd/multiple/lmds/unk/smd3_yeast.10060.pdb,data/raw/decoy_cache/decoys_r_us/lmds/dd/multiple/lmds/unk/smd3_yeast.45593.pdb
lmds,unk,data/raw/decoy_cache/decoys_r_us/lmds/dd/multiple/lmds/unk/smd3_yeast.10060.pdb,data/raw/decoy_cache/decoys_r_us/lmds/dd/multiple/lmds/unk/smd3_yeast.45630.pdb
lmds,unk,data/raw/decoy_cache/decoys_r_us/lmds/dd/multiple/lmds/unk/smd3_yeast.10060.pdb,data/raw/decoy_cache/decoys_r_us/lmds/dd/multiple/lmds/unk/smd3_yeast.45662.pdb
lmds,unk,data/raw/decoy_cache/decoys_r_us/lmds/dd/multiple/lmds/unk/smd3_yeast.10060.pdb,data/raw/decoy_cache/decoys_r_us/lmds/dd/multiple/lmds/unk/smd3_yeast.45744.pdb
lmds,unk,data/raw/decoy_cache/decoys_r_us/lmds/dd/multiple/lmds/unk/smd3_yeast.10060.pdb,data/raw/decoy_cache/decoys_r_us/lmds/dd/multiple/lmds/unk/smd3_yeast.45762.pdb
lmds,unk,data/raw/decoy_cache/decoys_r_us/lmds/dd/multiple/lmds/unk/smd3_yeast.10060.pdb,data/raw/decoy_cache/decoys_r_us/lmds/dd/multiple/lmds/unk/smd3_yeast.45788.pdb
lmds,unk,data/raw/decoy_cache/decoys_r_us/lmds/dd/multiple/lmds/unk/smd3_yeast.10060.pdb,data/raw/decoy_cache/decoys_r_us/lmds/dd/multiple/lmds/unk/smd3_yeast.45807.pdb
lmds,unk,data/raw/decoy_cache/decoys_r_us/lmds/dd/multiple/lmds/unk/smd3_yeast.10060.pdb,data/raw/decoy_cache/decoys_r_us/lmds/dd/multiple/lmds/unk/smd3_yeast.45874.pdb
lmds,unk,data/raw/decoy_cache/decoys_r_us/lmds/dd/multiple/lmds/unk/smd3_yeast.10060.pdb,data/raw/decoy_cache/decoys_r_us/lmds/dd/multiple/lmds/unk/smd3_yeast.46035.pdb
lmds,unk,data/raw/decoy_cache/decoys_r_us/lmds/dd/multiple/lmds/unk/smd3_yeast.10060.pdb,data/raw/decoy_cache/decoys_r_us/lmds/dd/multiple/lmds/unk/smd3_yeast.46039.pdb
lmds,unk,data/raw/decoy_cache/decoys_r_us/lmds/dd/multiple/lmds/unk/smd3_yeast.10060.pdb,data/raw/decoy_cache/decoys_r_us/lmds/dd/multiple/lmds/unk/smd3_yeast.46110.pdb
lmds,unk,data/raw/decoy_cache/decoys_r_us/lmds/dd/multiple/lmds/unk/smd3_yeast.10060.pdb,data/raw/decoy_cache/decoys_r_us/lmds/dd/multiple/lmds/unk/smd3_yeast.46165.pdb
lmds,unk,data/raw/decoy_cache/decoys_r_us/lmds/dd/multiple/lmds/unk/smd3_yeast.10060.pdb,data/raw/decoy_cache/decoys_r_us/lmds/dd/multiple/lmds/unk/smd3_yeast.46284.pdb
lmds,unk,data/raw/decoy_cache/decoys_r_us/lmds/dd/multiple/lmds/unk/smd3_yeast.10060.pdb,data/raw/decoy_cache/decoys_r_us/lmds/dd/multiple/lmds/unk/smd3_yeast.46327.pdb
lmds,unk,data/raw/decoy_cache/decoys_r_us/lmds/dd/multiple/lmds/unk/smd3_yeast.10060.pdb,data/raw/decoy_cache/decoys_r_us/lmds/dd/multiple/lmds/unk/smd3_yeast.46336.pdb
lmds,unk,data/raw/decoy_cache/decoys_r_us/lmds/dd/multiple/lmds/unk/smd3_yeast.10060.pdb,data/raw/decoy_cache/decoys_r_us/lmds/dd/multiple/lmds/unk/smd3_yeast.46373.pdb
lmds,unk,data/raw/decoy_cache/decoys_r_us/lmds/dd/multiple/lmds/unk/smd3_yeast.10060.pdb,data/raw/decoy_cache/decoys_r_us/lmds/dd/multiple/lmds/unk/smd3_yeast.46401.pdb
lmds,unk,data/raw/decoy_cache/decoys_r_us/lmds/dd/multiple/lmds/unk/smd3_yeast.10060.pdb,data/raw/decoy_cache/decoys_r_us/lmds/dd/multiple/lmds/unk/smd3_yeast.46424.pdb
lmds,unk,data/raw/decoy_cache/decoys_r_us/lmds/dd/multiple/lmds/unk/smd3_yeast.10060.pdb,data/raw/decoy_cache/decoys_r_us/lmds/dd/multiple/lmds/unk/smd3_yeast.46466.pdb
lmds,unk,data/raw/decoy_cache/decoys_r_us/lmds/dd/multiple/lmds/unk/smd3_yeast.10060.pdb,data/raw/decoy_cache/decoys_r_us/lmds/dd/multiple/lmds/unk/smd3_yeast.46578.pdb
lmds,unk,data/raw/decoy_cache/decoys_r_us/lmds/dd/multiple/lmds/unk/smd3_yeast.10060.pdb,data/raw/decoy_cache/decoys_r_us/lmds/dd/multiple/lmds/unk/smd3_yeast.46627.pdb
lmds,unk,data/raw/decoy_cache/decoys_r_us/lmds/dd/multiple/lmds/unk/smd3_yeast.10060.pdb,data/raw/decoy_cache/decoys_r_us/lmds/dd/multiple/lmds/unk/smd3_yeast.46658.pdb
lmds,unk,data/raw/decoy_cache/decoys_r_us/lmds/dd/multiple/lmds/unk/smd3_yeast.10060.pdb,data/raw/decoy_cache/decoys_r_us/lmds/dd/multiple/lmds/unk/smd3_yeast.46682.pdb
lmds,unk,data/raw/decoy_cache/decoys_r_us/lmds/dd/multiple/lmds/unk/smd3_yeast.10060.pdb,data/raw/decoy_cache/decoys_r_us/lmds/dd/multiple/lmds/unk/smd3_yeast.46729.pdb
lmds,unk,data/raw/decoy_cache/decoys_r_us/lmds/dd/multiple/lmds/unk/smd3_yeast.10060.pdb,data/raw/decoy_cache/decoys_r_us/lmds/dd/multiple/lmds/unk/smd3_yeast.46782.pdb
lmds,unk,data/raw/decoy_cache/decoys_r_us/lmds/dd/multiple/lmds/unk/smd3_yeast.10060.pdb,data/raw/decoy_cache/decoys_r_us/lmds/dd/multiple/lmds/unk/smd3_yeast.46832.pdb
lmds,unk,data/raw/decoy_cache/decoys_r_us/lmds/dd/multiple/lmds/unk/smd3_yeast.10060.pdb,data/raw/decoy_cache/decoys_r_us/lmds/dd/multiple/lmds/unk/smd3_yeast.46842.pdb
lmds,unk,data/raw/decoy_cache/decoys_r_us/lmds/dd/multiple/lmds/unk/smd3_yeast.10060.pdb,data/raw/decoy_cache/decoys_r_us/lmds/dd/multiple/lmds/unk/smd3_yeast.46912.pdb
lmds,unk,data/raw/decoy_cache/decoys_r_us/lmds/dd/multiple/lmds/unk/smd3_yeast.10060.pdb,data/raw/decoy_cache/decoys_r_us/lmds/dd/multiple/lmds/unk/smd3_yeast.46984.pdb
lmds,unk,data/raw/decoy_cache/decoys_r_us/lmds/dd/multiple/lmds/unk/smd3_yeast.10060.pdb,data/raw/decoy_cache/decoys_r_us/lmds/dd/multiple/lmds/unk/smd3_yeast.47022.pdb
lmds,unk,data/raw/decoy_cache/decoys_r_us/lmds/dd/multiple/lmds/unk/smd3_yeast.10060.pdb,data/raw/decoy_cache/decoys_r_us/lmds/dd/multiple/lmds/unk/smd3_yeast.47051.pdb
lmds,unk,data/raw/decoy_cache/decoys_r_us/lmds/dd/multiple/lmds/unk/smd3_yeast.10060.pdb,data/raw/decoy_cache/decoys_r_us/lmds/dd/multiple/lmds/unk/smd3_yeast.50003.pdb
lmds,unk,data/raw/decoy_cache/decoys_r_us/lmds/dd/multiple/lmds/unk/smd3_yeast.10060.pdb,data/raw/decoy_cache/decoys_r_us/lmds/dd/multiple/lmds/unk/smd3_yeast.50042.pdb
lmds,unk,data/raw/decoy_cache/decoys_r_us/lmds/dd/multiple/lmds/unk/smd3_yeast.10060.pdb,data/raw/decoy_cache/decoys_r_us/lmds/dd/multiple/lmds/unk/smd3_yeast.50045.pdb
lmds,unk,data/raw/decoy_cache/decoys_r_us/lmds/dd/multiple/lmds/unk/smd3_yeast.10060.pdb,data/raw/decoy_cache/decoys_r_us/lmds/dd/multiple/lmds/unk/smd3_yeast.50077.pdb
lmds,unk,data/raw/decoy_cache/decoys_r_us/lmds/dd/multiple/lmds/unk/smd3_yeast.10060.pdb,data/raw/decoy_cache/decoys_r_us/lmds/dd/multiple/lmds/unk/smd3_yeast.50111.pdb
lmds,unk,data/raw/decoy_cache/decoys_r_us/lmds/dd/multiple/lmds/unk/smd3_yeast.10060.pdb,data/raw/decoy_cache/decoys_r_us/lmds/dd/multiple/lmds/unk/smd3_yeast.50167.pdb
lmds,unk,data/raw/decoy_cache/decoys_r_us/lmds/dd/multiple/lmds/unk/smd3_yeast.10060.pdb,data/raw/decoy_cache/decoys_r_us/lmds/dd/multiple/lmds/unk/smd3_yeast.50193.pdb
lmds,unk,data/raw/decoy_cache/decoys_r_us/lmds/dd/multiple/lmds/unk/smd3_yeast.10060.pdb,data/raw/decoy_cache/decoys_r_us/lmds/dd/multiple/lmds/unk/smd3_yeast.50335.pdb
lmds,unk,data/raw/decoy_cache/decoys_r_us/lmds/dd/multiple/lmds/unk/smd3_yeast.10060.pdb,data/raw/decoy_cache/decoys_r_us/lmds/dd/multiple/lmds/unk/smd3_yeast.50372.pdb
lmds,unk,data/raw/decoy_cache/decoys_r_us/lmds/dd/multiple/lmds/unk/smd3_yeast.10060.pdb,data/raw/decoy_cache/decoys_r_us/lmds/dd/multiple/lmds/unk/smd3_yeast.50378.pdb
lmds,unk,data/raw/decoy_cache/decoys_r_us/lmds/dd/multiple/lmds/unk/smd3_yeast.10060.pdb,data/raw/decoy_cache/decoys_r_us/lmds/dd/multiple/lmds/unk/smd3_yeast.50386.pdb
lmds,unk,data/raw/decoy_cache/decoys_r_us/lmds/dd/multiple/lmds/unk/smd3_yeast.10060.pdb,data/raw/decoy_cache/decoys_r_us/lmds/dd/multiple/lmds/unk/smd3_yeast.50392.pdb
lmds,unk,data/raw/decoy_cache/decoys_r_us/lmds/dd/multiple/lmds/unk/smd3_yeast.10060.pdb,data/raw/decoy_cache/decoys_r_us/lmds/dd/multiple/lmds/unk/smd3_yeast.60014.pdb
lmds,unk,data/raw/decoy_cache/decoys_r_us/lmds/dd/multiple/lmds/unk/smd3_yeast.10060.pdb,data/raw/decoy_cache/decoys_r_us/lmds/dd/multiple/lmds/unk/smd3_yeast.60037.pdb
lmds,unk,data/raw/decoy_cache/decoys_r_us/lmds/dd/multiple/lmds/unk/smd3_yeast.10060.pdb,data/raw/decoy_cache/decoys_r_us/lmds/dd/multiple/lmds/unk/smd3_yeast.60117.pdb
lmds,unk,data/raw/decoy_cache/decoys_r_us/lmds/dd/multiple/lmds/unk/smd3_yeast.10060.pdb,data/raw/decoy_cache/decoys_r_us/lmds/dd/multiple/lmds/unk/smd3_yeast.60140.pdb
lmds,unk,data/raw/decoy_cache/decoys_r_us/lmds/dd/multiple/lmds/unk/smd3_yeast.10060.pdb,data/raw/decoy_cache/decoys_r_us/lmds/dd/multiple/lmds/unk/smd3_yeast.60206.pdb
lmds,unk,data/raw/decoy_cache/decoys_r_us/lmds/dd/multiple/lmds/unk/smd3_yeast.10060.pdb,data/raw/decoy_cache/decoys_r_us/lmds/dd/multiple/lmds/unk/smd3_yeast.60268.pdb
lmds,unk,data/raw/decoy_cache/decoys_r_us/lmds/dd/multiple/lmds/unk/smd3_yeast.10060.pdb,data/raw/decoy_cache/decoys_r_us/lmds/dd/multiple/lmds/unk/smd3_yeast.60360.pdb
lmds,unk,data/raw/decoy_cache/decoys_r_us/lmds/dd/multiple/lmds/unk/smd3_yeast.10060.pdb,data/raw/decoy_cache/decoys_r_us/lmds/dd/multiple/lmds/unk/smd3_yeast.60361.pdb
lmds,unk,data/raw/decoy_cache/decoys_r_us/lmds/dd/multiple/lmds/unk/smd3_yeast.10060.pdb,data/raw/decoy_cache/decoys_r_us/lmds/dd/multiple/lmds/unk/smd3_yeast.60395.pdb
lmds,unk,data/raw/decoy_cache/decoys_r_us/lmds/dd/multiple/lmds/unk/smd3_yeast.10060.pdb,data/raw/decoy_cache/decoys_r_us/lmds/dd/multiple/lmds/unk/smd3_yeast.60494.pdb
lmds,unk,data/raw/decoy_cache/decoys_r_us/lmds/dd/multiple/lmds/unk/smd3_yeast.10060.pdb,data/raw/decoy_cache/decoys_r_us/lmds/dd/multiple/lmds/unk/smd3_yeast.60504.pdb
lmds,unk,data/raw/decoy_cache/decoys_r_us/lmds/dd/multiple/lmds/unk/smd3_yeast.10060.pdb,data/raw/decoy_cache/decoys_r_us/lmds/dd/multiple/lmds/unk/smd3_yeast.60679.pdb
lmds,unk,data/raw/decoy_cache/decoys_r_us/lmds/dd/multiple/lmds/unk/smd3_yeast.10060.pdb,data/raw/decoy_cache/decoys_r_us/lmds/dd/multiple/lmds/unk/smd3_yeast.60703.pdb
lmds,unk,data/raw/decoy_cache/decoys_r_us/lmds/dd/multiple/lmds/unk/smd3_yeast.10060.pdb,data/raw/decoy_cache/decoys_r_us/lmds/dd/multiple/lmds/unk/smd3_yeast.60891.pdb
lmds,unk,data/raw/decoy_cache/decoys_r_us/lmds/dd/multiple/lmds/unk/smd3_yeast.10060.pdb,data/raw/decoy_cache/decoys_r_us/lmds/dd/multiple/lmds/unk/smd3_yeast.60948.pdb
lmds,unk,data/raw/decoy_cache/decoys_r_us/lmds/dd/multiple/lmds/unk/smd3_yeast.10060.pdb,data/raw/decoy_cache/decoys_r_us/lmds/dd/multiple/lmds/unk/smd3_yeast.60978.pdb
lmds,unk,data/raw/decoy_cache/decoys_r_us/lmds/dd/multiple/lmds/unk/smd3_yeast.10060.pdb,data/raw/decoy_cache/decoys_r_us/lmds/dd/multiple/lmds/unk/smd3_yeast.60989.pdb
lmds,unk,data/raw/decoy_cache/decoys_r_us/lmds/dd/multiple/lmds/unk/smd3_yeast.10060.pdb,data/raw/decoy_cache/decoys_r_us/lmds/dd/multiple/lmds/unk/smd3_yeast.61026.pdb
lmds,unk,data/raw/decoy_cache/decoys_r_us/lmds/dd/multiple/lmds/unk/smd3_yeast.10060.pdb,data/raw/decoy_cache/decoys_r_us/lmds/dd/multiple/lmds/unk/smd3_yeast.61098.pdb
lmds,unk,data/raw/decoy_cache/decoys_r_us/lmds/dd/multiple/lmds/unk/smd3_yeast.10060.pdb,data/raw/decoy_cache/decoys_r_us/lmds/dd/multiple/lmds/unk/smd3_yeast.61115.pdb
lmds,unk,data/raw/decoy_cache/decoys_r_us/lmds/dd/multiple/lmds/unk/smd3_yeast.10060.pdb,data/raw/decoy_cache/decoys_r_us/lmds/dd/multiple/lmds/unk/smd3_yeast.61127.pdb
lmds,unk,data/raw/decoy_cache/decoys_r_us/lmds/dd/multiple/lmds/unk/smd3_yeast.10060.pdb,data/raw/decoy_cache/decoys_r_us/lmds/dd/multiple/lmds/unk/smd3_yeast.61130.pdb
lmds,unk,data/raw/decoy_cache/decoys_r_us/lmds/dd/multiple/lmds/unk/smd3_yeast.10060.pdb,data/raw/decoy_cache/decoys_r_us/lmds/dd/multiple/lmds/unk/smd3_yeast.61163.pdb
lmds,unk,data/raw/decoy_cache/decoys_r_us/lmds/dd/multiple/lmds/unk/smd3_yeast.10060.pdb,data/raw/decoy_cache/decoys_r_us/lmds/dd/multiple/lmds/unk/smd3_yeast.61177.pdb
lmds,unk,data/raw/decoy_cache/decoys_r_us/lmds/dd/multiple/lmds/unk/smd3_yeast.10060.pdb,data/raw/decoy_cache/decoys_r_us/lmds/dd/multiple/lmds/unk/smd3_yeast.61184.pdb
lmds,unk,data/raw/decoy_cache/decoys_r_us/lmds/dd/multiple/lmds/unk/smd3_yeast.10060.pdb,data/raw/decoy_cache/decoys_r_us/lmds/dd/multiple/lmds/unk/smd3_yeast.61227.pdb
lmds,unk,data/raw/decoy_cache/decoys_r_us/lmds/dd/multiple/lmds/unk/smd3_yeast.10060.pdb,data/raw/decoy_cache/decoys_r_us/lmds/dd/multiple/lmds/unk/smd3_yeast.61343.pdb
lmds,unk,data/raw/decoy_cache/decoys_r_us/lmds/dd/multiple/lmds/unk/smd3_yeast.10060.pdb,data/raw/decoy_cache/decoys_r_us/lmds/dd/multiple/lmds/unk/smd3_yeast.61394.pdb
lmds,unk,data/raw/decoy_cache/decoys_r_us/lmds/dd/multiple/lmds/unk/smd3_yeast.10060.pdb,data/raw/decoy_cache/decoys_r_us/lmds/dd/multiple/lmds/unk/smd3_yeast.61434.pdb
lmds,unk,data/raw/decoy_cache/decoys_r_us/lmds/dd/multiple/lmds/unk/smd3_yeast.10060.pdb,data/raw/decoy_cache/decoys_r_us/lmds/dd/multiple/lmds/unk/smd3_yeast.61481.pdb
lmds,unk,data/raw/decoy_cache/decoys_r_us/lmds/dd/multiple/lmds/unk/smd3_yeast.10060.pdb,data/raw/decoy_cache/decoys_r_us/lmds/dd/multiple/lmds/unk/smd3_yeast.61559.pdb
lmds,unk,data/raw/decoy_cache/decoys_r_us/lmds/dd/multiple/lmds/unk/smd3_yeast.10060.pdb,data/raw/decoy_cache/decoys_r_us/lmds/dd/multiple/lmds/unk/smd3_yeast.61567.pdb
lmds,unk,data/raw/decoy_cache/decoys_r_us/lmds/dd/multiple/lmds/unk/smd3_yeast.10060.pdb,data/raw/decoy_cache/decoys_r_us/lmds/dd/multiple/lmds/unk/smd3_yeast.61627.pdb
lmds,unk,data/raw/decoy_cache/decoys_r_us/lmds/dd/multiple/lmds/unk/smd3_yeast.10060.pdb,data/raw/decoy_cache/decoys_r_us/lmds/dd/multiple/lmds/unk/smd3_yeast.61648.pdb
lmds,unk,data/raw/decoy_cache/decoys_r_us/lmds/dd/multiple/lmds/unk/smd3_yeast.10060.pdb,data/raw/decoy_cache/decoys_r_us/lmds/dd/multiple/lmds/unk/smd3_yeast.61654.pdb
lmds,unk,data/raw/decoy_cache/decoys_r_us/lmds/dd/multiple/lmds/unk/smd3_yeast.10060.pdb,data/raw/decoy_cache/decoys_r_us/lmds/dd/multiple/lmds/unk/smd3_yeast.61663.pdb
lmds,unk,data/raw/decoy_cache/decoys_r_us/lmds/dd/multiple/lmds/unk/smd3_yeast.10060.pdb,data/raw/decoy_cache/decoys_r_us/lmds/dd/multiple/lmds/unk/smd3_yeast.61672.pdb
lmds,unk,data/raw/decoy_cache/decoys_r_us/lmds/dd/multiple/lmds/unk/smd3_yeast.10060.pdb,data/raw/decoy_cache/decoys_r_us/lmds/dd/multiple/lmds/unk/smd3_yeast.61744.pdb
lmds,unk,data/raw/decoy_cache/decoys_r_us/lmds/dd/multiple/lmds/unk/smd3_yeast.10060.pdb,data/raw/decoy_cache/decoys_r_us/lmds/dd/multiple/lmds/unk/smd3_yeast.61777.pdb
lmds,unk,data/raw/decoy_cache/decoys_r_us/lmds/dd/multiple/lmds/unk/smd3_yeast.10060.pdb,data/raw/decoy_cache/decoys_r_us/lmds/dd/multiple/lmds/unk/smd3_yeast.61848.pdb
lmds,unk,data/raw/decoy_cache/decoys_r_us/lmds/dd/multiple/lmds/unk/smd3_yeast.10060.pdb,data/raw/decoy_cache/decoys_r_us/lmds/dd/multiple/lmds/unk/smd3_yeast.61920.pdb
lmds,unk,data/raw/decoy_cache/decoys_r_us/lmds/dd/multiple/lmds/unk/smd3_yeast.10060.pdb,data/raw/decoy_cache/decoys_r_us/lmds/dd/multiple/lmds/unk/smd3_yeast.61979.pdb
lmds,unk,data/raw/decoy_cache/decoys_r_us/lmds/dd/multiple/lmds/unk/smd3_yeast.10060.pdb,data/raw/decoy_cache/decoys_r_us/lmds/dd/multiple/lmds/unk/smd3_yeast.61987.pdb
lmds,unk,data/raw/decoy_cache/decoys_r_us/lmds/dd/multiple/lmds/unk/smd3_yeast.10060.pdb,data/raw/decoy_cache/decoys_r_us/lmds/dd/multiple/lmds/unk/smd3_yeast.62026.pdb
lmds,unk,data/raw/decoy_cache/decoys_r_us/lmds/dd/multiple/lmds/unk/smd3_yeast.10060.pdb,data/raw/decoy_cache/decoys_r_us/lmds/dd/multiple/lmds/unk/smd3_yeast.62034.pdb
lmds,unk,data/raw/decoy_cache/decoys_r_us/lmds/dd/multiple/lmds/unk/smd3_yeast.10060.pdb,data/raw/decoy_cache/decoys_r_us/lmds/dd/multiple/lmds/unk/smd3_yeast.62053.pdb
lmds,unk,data/raw/decoy_cache/decoys_r_us/lmds/dd/multiple/lmds/unk/smd3_yeast.10060.pdb,data/raw/decoy_cache/decoys_r_us/lmds/dd/multiple/lmds/unk/smd3_yeast.62121.pdb
lmds,unk,data/raw/decoy_cache/decoys_r_us/lmds/dd/multiple/lmds/unk/smd3_yeast.10060.pdb,data/raw/decoy_cache/decoys_r_us/lmds/dd/multiple/lmds/unk/smd3_yeast.62204.pdb
lmds,unk,data/raw/decoy_cache/decoys_r_us/lmds/dd/multiple/lmds/unk/smd3_yeast.10060.pdb,data/raw/decoy_cache/decoys_r_us/lmds/dd/multiple/lmds/unk/smd3_yeast.62232.pdb
lmds,unk,data/raw/decoy_cache/decoys_r_us/lmds/dd/multiple/lmds/unk/smd3_yeast.10060.pdb,data/raw/decoy_cache/decoys_r_us/lmds/dd/multiple/lmds/unk/smd3_yeast.62284.pdb
lmds,unk,data/raw/decoy_cache/decoys_r_us/lmds/dd/multiple/lmds/unk/smd3_yeast.10060.pdb,data/raw/decoy_cache/decoys_r_us/lmds/dd/multiple/lmds/unk/smd3_yeast.62309.pdb
lmds,unk,data/raw/decoy_cache/decoys_r_us/lmds/dd/multiple/lmds/unk/smd3_yeast.10060.pdb,data/raw/decoy_cache/decoys_r_us/lmds/dd/multiple/lmds/unk/smd3_yeast.62317.pdb
lmds,unk,data/raw/decoy_cache/decoys_r_us/lmds/dd/multiple/lmds/unk/smd3_yeast.10060.pdb,data/raw/decoy_cache/decoys_r_us/lmds/dd/multiple/lmds/unk/smd3_yeast.62364.pdb
lmds,unk,data/raw/decoy_cache/decoys_r_us/lmds/dd/multiple/lmds/unk/smd3_yeast.10060.pdb,data/raw/decoy_cache/decoys_r_us/lmds/dd/multiple/lmds/unk/smd3_yeast.62370.pdb
lmds,unk,data/raw/decoy_cache/decoys_r_us/lmds/dd/multiple/lmds/unk/smd3_yeast.10060.pdb,data/raw/decoy_cache/decoys_r_us/lmds/dd/multiple/lmds/unk/smd3_yeast.62382.pdb
lmds,unk,data/raw/decoy_cache/decoys_r_us/lmds/dd/multiple/lmds/unk/smd3_yeast.10060.pdb,data/raw/decoy_cache/decoys_r_us/lmds/dd/multiple/lmds/unk/smd3_yeast.62405.pdb
lmds,unk,data/raw/decoy_cache/decoys_r_us/lmds/dd/multiple/lmds/unk/smd3_yeast.10060.pdb,data/raw/decoy_cache/decoys_r_us/lmds/dd/multiple/lmds/unk/smd3_yeast.62417.pdb
lmds,unk,data/raw/decoy_cache/decoys_r_us/lmds/dd/multiple/lmds/unk/smd3_yeast.10060.pdb,data/raw/decoy_cache/decoys_r_us/lmds/dd/multiple/lmds/unk/smd3_yeast.62433.pdb
lmds,unk,data/raw/decoy_cache/decoys_r_us/lmds/dd/multiple/lmds/unk/smd3_yeast.10060.pdb,data/raw/decoy_cache/decoys_r_us/lmds/dd/multiple/lmds/unk/smd3_yeast.62517.pdb
lmds,unk,data/raw/decoy_cache/decoys_r_us/lmds/dd/multiple/lmds/unk/smd3_yeast.10060.pdb,data/raw/decoy_cache/decoys_r_us/lmds/dd/multiple/lmds/unk/smd3_yeast.62525.pdb
lmds,unk,data/raw/decoy_cache/decoys_r_us/lmds/dd/multiple/lmds/unk/smd3_yeast.10060.pdb,data/raw/decoy_cache/decoys_r_us/lmds/dd/multiple/lmds/unk/smd3_yeast.62604.pdb
lmds,unk,data/raw/decoy_cache/decoys_r_us/lmds/dd/multiple/lmds/unk/smd3_yeast.10060.pdb,data/raw/decoy_cache/decoys_r_us/lmds/dd/multiple/lmds/unk/smd3_yeast.62616.pdb
lmds,unk,data/raw/decoy_cache/decoys_r_us/lmds/dd/multiple/lmds/unk/smd3_yeast.10060.pdb,data/raw/decoy_cache/decoys_r_us/lmds/dd/multiple/lmds/unk/smd3_yeast.62631.pdb
lmds,unk,data/raw/decoy_cache/decoys_r_us/lmds/dd/multiple/lmds/unk/smd3_yeast.10060.pdb,data/raw/decoy_cache/decoys_r_us/lmds/dd/multiple/lmds/unk/smd3_yeast.62644.pdb
lmds,unk,data/raw/decoy_cache/decoys_r_us/lmds/dd/multiple/lmds/unk/smd3_yeast.10060.pdb,data/raw/decoy_cache/decoys_r_us/lmds/dd/multiple/lmds/unk/smd3_yeast.62673.pdb
lmds,unk,data/raw/decoy_cache/decoys_r_us/lmds/dd/multiple/lmds/unk/smd3_yeast.10060.pdb,data/raw/decoy_cache/decoys_r_us/lmds/dd/multiple/lmds/unk/smd3_yeast.62675.pdb
lmds,unk,data/raw/decoy_cache/decoys_r_us/lmds/dd/multiple/lmds/unk/smd3_yeast.10060.pdb,data/raw/decoy_cache/decoys_r_us/lmds/dd/multiple/lmds/unk/smd3_yeast.62686.pdb
lmds,unk,data/raw/decoy_cache/decoys_r_us/lmds/dd/multiple/lmds/unk/smd3_yeast.10060.pdb,data/raw/decoy_cache/decoys_r_us/lmds/dd/multiple/lmds/unk/smd3_yeast.62690.pdb
lmds,unk,data/raw/decoy_cache/decoys_r_us/lmds/dd/multiple/lmds/unk/smd3_yeast.10060.pdb,data/raw/decoy_cache/decoys_r_us/lmds/dd/multiple/lmds/unk/smd3_yeast.62697.pdb
lmds,unk,data/raw/decoy_cache/decoys_r_us/lmds/dd/multiple/lmds/unk/smd3_yeast.10060.pdb,data/raw/decoy_cache/decoys_r_us/lmds/dd/multiple/lmds/unk/smd3_yeast.62723.pdb
lmds,unk,data/raw/decoy_cache/decoys_r_us/lmds/dd/multiple/lmds/unk/smd3_yeast.10060.pdb,data/raw/decoy_cache/decoys_r_us/lmds/dd/multiple/lmds/unk/smd3_yeast.62733.pdb
lmds,unk,data/raw/decoy_cache/decoys_r_us/lmds/dd/multiple/lmds/unk/smd3_yeast.10060.pdb,data/raw/decoy_cache/decoys_r_us/lmds/dd/multiple/lmds/unk/smd3_yeast.62736.pdb
lmds,unk,data/raw/decoy_cache/decoys_r_us/lmds/dd/multiple/lmds/unk/smd3_yeast.10060.pdb,data/raw/decoy_cache/decoys_r_us/lmds/dd/multiple/lmds/unk/smd3_yeast.62737.pdb
lmds,unk,data/raw/decoy_cache/decoys_r_us/lmds/dd/multiple/lmds/unk/smd3_yeast.10060.pdb,data/raw/decoy_cache/decoys_r_us/lmds/dd/multiple/lmds/unk/smd3_yeast.62776.pdb
lmds,unk,data/raw/decoy_cache/decoys_r_us/lmds/dd/multiple/lmds/unk/smd3_yeast.10060.pdb,data/raw/decoy_cache/decoys_r_us/lmds/dd/multiple/lmds/unk/smd3_yeast.62847.pdb
lmds,unk,data/raw/decoy_cache/decoys_r_us/lmds/dd/multiple/lmds/unk/smd3_yeast.10060.pdb,data/raw/decoy_cache/decoys_r_us/lmds/dd/multiple/lmds/unk/smd3_yeast.63017.pdb
lmds,unk,data/raw/decoy_cache/decoys_r_us/lmds/dd/multiple/lmds/unk/smd3_yeast.10060.pdb,data/raw/decoy_cache/decoys_r_us/lmds/dd/multiple/lmds/unk/smd3_yeast.63043.pdb
lmds,unk,data/raw/decoy_cache/decoys_r_us/lmds/dd/multiple/lmds/unk/smd3_yeast.10060.pdb,data/raw/decoy_cache/decoys_r_us/lmds/dd/multiple/lmds/unk/smd3_yeast.63045.pdb
lmds,unk,data/raw/decoy_cache/decoys_r_us/lmds/dd/multiple/lmds/unk/smd3_yeast.10060.pdb,data/raw/decoy_cache/decoys_r_us/lmds/dd/multiple/lmds/unk/smd3_yeast.63055.pdb
lmds,unk,data/raw/decoy_cache/decoys_r_us/lmds/dd/multiple/lmds/unk/smd3_yeast.10060.pdb,data/raw/decoy_cache/decoys_r_us/lmds/dd/multiple/lmds/unk/smd3_yeast.63072.pdb
lmds,unk,data/raw/decoy_cache/decoys_r_us/lmds/dd/multiple/lmds/unk/smd3_yeast.10060.pdb,data/raw/decoy_cache/decoys_r_us/lmds/dd/multiple/lmds/unk/smd3_yeast.63199.pdb
lmds,unk,data/raw/decoy_cache/decoys_r_us/lmds/dd/multiple/lmds/unk/smd3_yeast.10060.pdb,data/raw/decoy_cache/decoys_r_us/lmds/dd/multiple/lmds/unk/smd3_yeast.63263.pdb
lmds,unk,data/raw/decoy_cache/decoys_r_us/lmds/dd/multiple/lmds/unk/smd3_yeast.10060.pdb,data/raw/decoy_cache/decoys_r_us/lmds/dd/multiple/lmds/unk/smd3_yeast.63274.pdb
lmds,unk,data/raw/decoy_cache/decoys_r_us/lmds/dd/multiple/lmds/unk/smd3_yeast.10060.pdb,data/raw/decoy_cache/decoys_r_us/lmds/dd/multiple/lmds/unk/smd3_yeast.63293.pdb
